LGA_CODE_2016,Tot_65_69_HW_0,Tot_65_69_HW_1_15,Tot_65_69_HW_16_24,Tot_65_69_HW_25_34,Tot_65_69_HW_35_39,Tot_65_69_HW_40,Tot_65_69_HW_41_48,Tot_65_69_HW_49mor,Tot_65_69_HW_NS,Tot_65_69_Tot,Tot_70_74_HW_0,Tot_70_74_HW_1_15,Tot_70_74_HW_16_24,Tot_70_74_HW_25_34,Tot_70_74_HW_35_39,Tot_70_74_HW_40,Tot_70_74_HW_41_48,Tot_70_74_HW_49mor,Tot_70_74_HW_NS,Tot_70_74_Tot,Tot_75ov_HW_0,Tot_75ov_HW_1_15,Tot_75ov_HW_16_24,Tot_75ov_HW_25_34,Tot_75ov_HW_35_39,Tot_75ov_HW_40,Tot_75ov_HW_41_48,Tot_75ov_HW_49mor,Tot_75ov_HW_NS,Tot_75ov_Tot,Tot_Tot_HW_0,Tot_Tot_HW_1_15,Tot_Tot_HW_16_24,Tot_Tot_HW_25_34,Tot_Tot_HW_35_39,Tot_Tot_HW_40,Tot_Tot_HW_41_48,Tot_Tot_HW_49mor,Tot_Tot_HW_NS,Tot_Tot_Tot
LGA10050,41,174,117,92,90,79,35,88,23,731,13,64,28,20,6,16,10,19,6,187,11,35,16,8,3,3,7,4,13,106,970,3114,2598,3409,4962,3909,2389,3045,424,24820
LGA10130,24,99,61,44,48,51,21,101,6,461,4,56,29,23,12,19,9,59,8,223,12,27,21,16,5,14,11,28,7,142,496,1834,1356,1592,2772,1818,1046,1951,252,13113
LGA10250,40,145,123,87,61,52,20,72,13,607,12,70,32,20,16,29,8,28,10,226,8,40,19,15,5,21,9,16,9,146,486,2078,1898,2356,2837,2082,1047,1863,291,14940
LGA10300,4,4,0,4,5,3,0,11,0,38,0,3,0,3,0,0,0,0,0,14,0,0,3,3,0,0,0,0,0,11,28,72,85,113,133,127,58,200,25,844
LGA10470,28,111,71,55,58,77,34,104,5,553,19,63,34,32,14,20,8,29,5,223,7,47,19,15,9,15,3,22,11,140,676,2240,1724,1964,3664,2924,1439,2426,332,17376
LGA10550,30,139,93,60,57,39,33,82,16,547,21,54,23,32,12,25,7,30,11,205,8,30,18,20,8,12,3,17,8,119,533,1745,1391,1788,2095,1658,939,1558,245,11960
LGA10600,4,41,30,30,16,16,7,30,4,178,7,15,10,17,3,7,0,15,0,78,0,16,5,3,9,7,0,14,5,59,143,592,467,594,543,445,234,524,82,3625
LGA10650,8,34,25,19,13,13,6,38,11,158,9,19,7,7,0,3,6,18,4,77,3,16,5,3,3,0,3,10,5,57,124,355,282,322,364,381,196,611,80,2709
LGA10750,101,335,335,284,444,397,187,314,67,2475,17,179,123,75,100,91,28,77,25,720,14,66,48,32,15,31,6,20,29,257,2883,10285,9870,10573,23900,21844,9728,15561,2500,107142
LGA10800,10,15,18,6,9,13,4,42,9,125,4,6,12,8,3,3,0,18,5,55,3,13,3,7,4,12,0,17,6,72,93,268,223,258,304,386,205,780,78,2594
LGA10850,12,18,11,14,7,12,5,26,0,97,5,17,9,12,3,5,3,20,7,82,3,13,5,5,3,9,7,16,4,67,130,287,221,243,345,346,362,928,60,2918
LGA10900,39,250,155,127,65,75,35,91,13,849,15,121,62,37,22,19,9,18,4,290,7,56,27,22,4,12,3,16,6,150,596,3377,2707,2718,2654,2574,1262,2249,288,18417
LGA10950,3,3,9,7,3,10,3,17,0,55,0,3,0,4,0,3,0,5,7,25,4,3,3,9,0,4,3,17,3,40,42,102,95,125,156,174,152,418,39,1295
LGA11100,41,113,121,101,179,221,89,108,16,989,8,60,38,24,41,43,21,24,6,272,3,30,28,18,12,10,3,8,5,124,1722,3025,4228,4754,9594,11002,5173,7049,995,47543
LGA11150,3,9,6,3,3,8,0,12,0,50,0,8,3,3,0,3,0,3,0,23,0,3,0,0,0,7,0,3,3,14,31,68,58,106,238,190,84,242,27,1054
LGA11200,0,0,0,0,0,0,0,3,0,6,0,0,0,0,0,0,0,0,0,3,0,0,0,0,0,0,0,0,0,0,11,6,17,22,21,23,14,41,3,162
LGA11250,13,48,34,18,20,27,13,37,3,213,4,20,7,10,8,8,5,10,6,69,8,8,4,0,0,4,4,3,8,48,316,749,565,805,1433,1090,560,1176,169,6856
LGA11300,21,84,88,73,65,86,32,63,8,518,7,46,29,20,24,19,3,14,0,168,8,33,22,4,10,10,0,7,3,96,506,2193,2130,1874,3466,3397,1295,1792,347,16995
LGA11350,19,143,72,62,33,47,15,48,10,452,7,58,25,22,10,7,6,16,6,155,0,30,18,3,6,8,7,10,16,91,408,2203,1865,2215,1893,1885,787,1454,298,12998
LGA11400,14,31,25,31,21,36,23,68,8,246,4,25,16,17,11,17,14,38,4,146,0,12,16,14,11,15,8,21,11,113,160,415,371,456,549,703,462,1102,93,4309
LGA11450,36,96,84,72,61,90,31,85,16,577,5,40,30,21,16,22,3,19,9,164,4,27,12,4,8,8,3,5,11,84,715,3076,2557,2768,4409,4558,2177,3905,512,24684
LGA11500,44,192,178,153,197,167,71,140,31,1175,9,87,72,46,45,49,10,36,11,358,8,43,19,20,4,3,7,9,7,130,1423,5638,4827,5230,10691,8956,4176,6052,1035,48022
LGA11520,32,189,144,90,112,124,45,91,12,840,10,90,58,30,28,34,17,38,12,324,10,53,20,15,5,17,3,21,11,143,953,3357,3700,3163,6366,7901,2909,4555,664,33558
LGA11570,89,419,402,316,443,427,159,309,40,2598,35,199,172,104,115,131,28,81,26,886,22,119,52,52,39,66,10,36,20,422,2484,10527,10361,9812,20705,19384,7982,11994,2389,95636
LGA11600,3,8,3,3,9,3,5,26,3,60,4,3,0,3,0,4,0,7,0,19,3,11,0,3,0,0,0,11,0,31,67,118,93,135,172,196,94,421,38,1342
LGA11650,138,691,561,375,357,327,127,317,55,2945,47,353,203,128,81,75,24,95,33,1051,27,149,69,46,25,38,14,40,52,453,3721,14632,13123,13883,19715,17614,7878,12150,1886,104601
LGA11700,0,3,0,0,0,0,0,3,0,16,0,0,0,0,0,0,0,8,0,13,0,0,0,0,0,3,0,5,0,11,9,17,25,30,48,71,20,145,19,384
LGA11720,20,111,66,51,40,42,21,54,4,408,3,35,30,17,3,10,9,18,3,131,6,17,23,6,5,8,3,11,7,92,550,2217,1995,1878,2637,2319,1175,1769,295,14840
LGA11730,28,135,103,82,51,72,27,81,25,605,17,58,54,27,13,27,15,32,12,245,8,45,29,20,11,13,7,30,19,188,647,2163,1933,2377,3126,2245,1242,2268,358,16352
LGA11750,0,4,0,7,6,13,0,19,0,66,0,0,0,4,6,5,0,4,3,23,0,4,3,0,0,3,0,11,3,24,111,137,151,178,263,285,273,816,66,2274
LGA11800,43,231,140,106,123,88,36,103,14,888,17,77,47,44,23,18,10,27,7,258,8,38,21,12,6,11,0,4,23,122,1027,4016,3359,4287,5819,4340,2095,3408,523,28868
LGA12000,3,9,3,4,0,0,4,13,0,36,3,5,0,4,4,0,0,11,0,36,0,0,4,3,0,3,3,7,0,24,26,138,100,106,124,164,98,253,28,1030
LGA12150,0,14,11,4,3,7,0,27,3,68,0,9,4,0,3,3,7,14,3,41,4,7,0,3,4,7,5,4,3,30,65,122,108,148,219,219,112,377,60,1433
LGA12350,4,31,34,24,23,25,18,45,4,210,3,23,16,14,4,13,5,23,7,107,3,16,6,3,3,7,4,15,11,77,150,511,500,558,844,730,401,794,88,4581
LGA12380,71,269,228,188,388,281,115,220,31,1785,18,131,103,63,93,81,31,58,17,596,10,67,21,23,28,27,7,24,16,223,1760,7070,6873,6706,17227,15197,6548,9902,1726,73013
LGA12700,5,30,24,8,8,16,5,19,0,116,3,11,6,9,6,4,4,11,0,66,3,9,14,10,0,9,8,6,3,63,90,360,287,249,313,289,133,398,57,2170
LGA12730,13,35,19,20,11,27,7,27,6,169,3,14,7,13,0,7,3,19,3,75,0,6,5,3,4,6,3,10,3,46,159,429,350,453,709,603,286,633,72,3697
LGA12750,33,148,73,58,47,52,15,62,11,495,11,55,33,27,8,13,0,18,5,165,5,28,13,6,6,4,0,8,10,92,474,1875,1553,1862,2157,1647,786,1366,262,11976
LGA12850,48,205,199,168,311,250,108,171,41,1497,19,81,63,51,54,71,25,50,11,424,13,44,23,25,28,28,8,6,18,179,1331,6309,5775,5708,12724,11147,4892,7654,1590,57129
LGA12870,7,35,37,11,17,23,10,37,13,197,10,24,10,8,4,16,0,25,3,93,5,7,10,0,3,4,0,9,8,52,223,582,454,532,849,930,433,757,124,4879
LGA12900,3,24,23,9,13,20,15,41,0,151,6,18,10,7,4,6,7,20,7,80,8,10,6,10,4,10,3,18,14,88,156,372,355,466,655,678,341,776,113,3905
LGA12930,50,253,247,154,169,168,66,123,29,1266,21,142,92,50,40,40,11,36,20,454,7,79,50,35,14,21,7,13,5,233,1357,5359,5644,4978,7915,8606,3188,4688,947,42681
LGA12950,3,6,9,7,8,10,5,30,6,79,0,3,9,0,3,6,0,18,4,50,0,4,5,4,3,8,0,24,0,53,57,173,156,165,222,218,101,436,50,1573
LGA13010,12,26,29,11,14,14,12,48,7,164,7,24,17,8,10,15,0,24,5,108,8,17,11,11,3,14,0,17,6,78,122,404,341,365,546,413,202,595,79,3062
LGA13310,18,69,46,35,33,46,18,52,11,333,3,40,32,19,8,12,4,25,6,157,3,24,10,14,4,6,0,14,3,82,388,1193,1150,1346,2324,1879,911,1554,236,10978
LGA13340,13,32,19,19,13,26,5,56,0,184,6,22,15,8,3,14,11,34,3,111,6,13,12,15,7,13,0,17,11,92,144,412,310,347,383,526,290,826,87,3323
LGA13450,33,54,58,42,59,42,21,64,10,385,11,43,24,23,13,11,6,21,6,158,3,19,18,15,5,16,0,4,9,88,412,1188,1136,1268,2743,2234,1164,1685,279,12095
LGA13510,6,41,32,11,14,15,18,31,9,176,3,16,13,11,10,5,3,18,8,87,4,8,12,19,3,7,5,18,9,82,141,441,452,530,767,646,331,706,109,4132
LGA13550,3,26,36,26,17,21,18,39,0,185,5,14,11,8,3,6,6,18,5,82,4,5,3,10,4,7,3,23,7,64,168,556,421,552,826,748,430,1057,100,4856
LGA13660,9,14,18,16,9,11,3,44,3,122,0,13,3,10,0,14,4,31,3,80,3,8,3,9,3,3,0,20,3,65,77,177,165,223,213,283,140,632,46,1956
LGA13800,37,141,133,94,82,110,53,87,11,752,6,86,54,32,28,31,12,24,5,275,5,37,29,22,10,16,8,21,6,152,647,2895,2589,2736,4201,4437,2287,3853,481,24127
LGA13850,12,7,3,12,6,5,0,11,8,67,3,3,4,3,0,9,0,3,0,22,0,0,0,0,3,3,3,4,0,18,51,137,111,133,200,192,82,306,46,1264
LGA13910,6,42,31,25,28,33,15,51,3,233,4,31,12,13,8,14,8,19,0,114,0,16,7,11,3,14,6,10,0,75,178,569,518,635,908,877,505,933,130,5247
LGA14000,66,312,261,159,168,167,50,170,19,1372,21,180,104,70,51,56,25,53,8,566,14,109,52,35,16,34,10,25,17,312,1157,6000,5079,4436,6561,7225,3179,5499,722,39859
LGA14100,9,52,49,16,23,36,11,17,5,219,0,35,11,16,11,5,0,4,0,85,0,21,6,6,0,3,0,6,4,48,128,663,659,523,667,824,289,563,73,4382
LGA14170,64,375,295,208,291,252,112,220,30,1857,20,182,127,87,58,98,31,68,12,693,13,95,54,35,25,40,13,23,14,315,1671,7151,7608,6784,11603,12182,5484,8953,1260,62692
LGA14200,8,52,26,18,34,30,12,54,5,240,4,36,16,11,0,21,8,24,11,121,8,19,13,15,6,18,6,27,21,121,230,737,589,872,1344,908,488,975,180,6323
LGA14300,4,14,14,6,12,15,0,17,3,79,0,6,3,3,0,3,0,16,0,33,0,6,4,3,0,4,0,3,4,28,71,197,148,182,398,319,140,344,36,1830
LGA14350,20,81,65,61,41,42,16,61,15,403,0,23,22,15,10,16,3,27,7,131,6,14,15,12,12,8,6,12,14,90,416,1209,1119,1362,1823,1252,694,1179,289,9338
LGA14400,8,61,38,29,11,20,7,28,3,213,13,37,14,10,8,10,0,11,3,94,0,19,9,3,3,7,0,7,3,53,199,1125,803,735,695,760,326,623,78,5346
LGA14500,48,391,295,184,110,155,58,151,21,1420,32,261,145,90,29,45,21,38,4,655,14,191,73,62,11,21,10,15,16,413,882,5500,4337,3615,4089,4944,2172,4139,472,30154
LGA14550,3,18,21,23,12,20,3,42,4,153,3,17,7,8,8,11,0,17,0,64,0,4,12,4,0,6,14,17,11,72,78,375,307,370,373,431,208,520,66,2729
LGA14600,3,13,13,13,9,19,10,36,0,125,3,7,5,15,6,7,0,17,0,57,3,12,7,6,3,11,3,20,3,65,93,222,188,268,242,431,203,555,73,2281
LGA14650,73,381,268,202,153,145,62,157,21,1466,18,215,101,53,31,35,17,40,14,529,14,86,45,21,17,20,15,12,22,237,2123,8455,7226,7643,10841,9615,4778,6405,929,58009
LGA14700,13,100,80,86,71,56,27,58,10,508,14,71,32,20,18,19,8,18,3,200,8,38,12,17,7,12,3,4,3,102,392,1683,1606,1448,2826,3550,1655,2635,246,16037
LGA14750,10,19,19,22,19,22,8,23,5,145,3,17,9,7,6,9,0,14,3,58,3,12,15,0,3,8,7,9,7,61,168,434,329,435,855,1012,440,778,109,4565
LGA14850,41,165,124,106,98,88,33,108,17,792,11,79,25,45,16,23,15,39,13,265,7,36,22,6,5,6,11,32,30,162,653,2551,2321,3042,4317,3056,1413,2298,385,20041
LGA14870,9,50,33,23,35,17,10,31,3,214,5,43,18,13,11,9,3,14,0,118,3,18,12,9,0,4,0,10,5,62,292,847,781,835,1507,1322,670,1051,158,7458
LGA14900,69,228,207,126,261,271,92,169,32,1445,23,104,86,64,50,48,19,43,17,448,19,50,39,22,14,21,12,24,20,227,1741,6608,6194,6132,13879,13078,5417,8894,1528,63465
LGA14920,4,18,18,16,17,16,11,34,6,140,3,7,9,16,3,11,3,23,0,76,3,13,7,11,3,8,3,9,3,61,93,258,217,331,407,399,235,640,75,2659
LGA14950,0,16,7,11,0,4,0,19,0,59,0,3,5,5,0,8,6,7,0,31,0,6,3,0,0,3,3,5,3,24,30,96,98,115,95,129,56,243,13,884
LGA15050,33,140,120,68,81,74,28,76,14,637,8,69,34,21,12,19,15,20,6,203,3,31,15,10,5,6,0,16,16,113,890,3579,3105,3395,5077,4477,2315,3480,423,26746
LGA15240,59,310,191,170,116,115,48,137,27,1176,24,138,67,53,23,37,17,72,22,467,16,70,31,24,13,24,5,44,40,282,1196,3900,3336,4004,4807,3892,1872,3282,630,26930
LGA15270,18,63,48,50,29,41,8,83,6,341,3,39,26,31,13,20,10,35,15,185,7,18,16,14,14,19,9,27,9,134,359,1044,985,1139,1406,1325,1015,2072,189,9530
LGA15300,10,39,18,19,38,37,19,56,8,239,11,16,8,10,12,10,0,30,6,108,15,10,8,7,6,15,0,13,0,74,218,433,384,535,996,911,477,1359,152,5479
LGA15350,6,125,84,54,32,47,11,49,7,412,7,81,25,26,14,13,8,13,3,198,11,60,18,17,6,12,6,13,3,141,219,1432,1290,992,1135,1477,777,1267,125,8719
LGA15520,10,26,32,18,12,24,12,52,8,181,5,25,12,8,0,16,6,31,8,107,8,25,5,10,7,5,7,19,3,82,186,557,408,468,628,641,351,935,111,4283
LGA15560,12,15,4,13,10,9,3,19,0,73,3,3,7,4,0,7,0,4,0,34,3,3,3,3,0,6,0,7,4,32,100,140,128,169,242,280,139,407,50,1649
LGA15650,7,44,29,14,15,36,11,36,5,207,8,14,14,8,7,4,3,19,0,88,0,7,7,11,0,5,4,7,3,44,350,783,772,831,1630,1333,1056,1589,178,8517
LGA15700,18,46,26,25,29,34,10,44,8,237,7,14,27,7,4,16,6,9,5,90,6,11,0,8,7,12,3,13,5,68,200,747,718,793,932,665,388,845,124,5411
LGA15750,18,36,30,18,28,39,13,54,3,237,3,20,10,10,4,10,0,21,7,96,6,10,4,10,7,10,5,15,13,73,258,552,486,599,962,1034,604,1652,149,6309
LGA15800,11,18,18,7,14,12,7,34,3,121,3,12,0,5,5,0,3,6,0,36,0,13,3,9,3,3,0,10,3,45,94,220,201,236,342,336,205,406,58,2093
LGA15850,3,19,10,4,4,16,3,21,0,88,0,4,3,4,0,8,3,8,3,37,3,4,4,3,0,3,3,5,4,33,57,177,119,176,270,302,195,472,45,1833
LGA15900,109,401,324,250,265,284,89,224,41,1984,35,202,112,67,43,60,28,50,18,608,20,140,47,23,25,21,10,22,44,345,3686,10513,10552,11488,19939,18783,8897,12108,1533,97502
LGA15950,45,328,265,181,166,255,87,254,14,1597,17,187,135,84,59,58,28,46,9,624,8,102,49,36,17,21,15,30,16,308,1866,4607,5662,4873,12066,20279,8350,13577,1106,72386
LGA15990,115,753,600,432,339,358,149,325,48,3124,58,460,289,165,105,130,36,106,26,1364,31,288,127,90,42,62,10,62,41,740,2349,12717,11508,10149,13702,16593,7395,12395,1408,88217
LGA16100,11,16,29,11,12,23,13,30,5,144,3,25,12,7,5,3,0,20,5,85,4,6,0,7,0,4,0,9,4,32,65,223,192,183,436,342,211,492,61,2190
LGA16150,33,115,89,59,69,80,22,59,22,554,11,48,37,23,18,13,13,22,4,195,8,27,17,11,6,7,0,13,15,108,702,2037,1879,2169,3838,3400,1800,2824,330,18974
LGA16200,13,31,17,25,22,24,15,57,6,209,8,17,6,14,7,13,3,27,0,98,6,19,17,9,0,3,3,13,7,83,247,613,489,632,966,801,667,1076,132,5634
LGA16260,151,453,442,346,661,559,196,358,47,3203,56,234,158,107,127,129,46,91,27,979,22,147,57,43,28,37,14,27,25,407,4291,10802,12327,11869,34382,31846,12094,16752,2831,137198
LGA16350,85,323,264,214,278,263,109,188,28,1749,15,149,81,65,69,61,29,53,14,536,10,58,36,30,12,21,10,20,21,220,2148,7828,7084,7413,14197,13035,5983,9487,1341,68524
LGA16380,40,211,155,121,85,115,41,116,22,898,26,109,67,57,22,29,10,34,23,364,9,62,24,22,15,15,11,17,17,192,1003,3645,3038,4016,5250,4344,2110,3595,528,27531
LGA16400,29,157,84,82,75,75,36,88,14,638,12,93,34,29,18,13,9,27,18,257,7,40,27,17,11,12,0,18,8,133,918,3111,2496,2794,5016,4575,2852,3629,463,25849
LGA16490,19,100,58,61,56,57,25,91,5,480,14,54,35,24,9,17,12,31,3,198,4,28,20,16,7,15,6,19,8,134,467,1700,1235,1550,2650,2727,1555,2555,268,14713
LGA16550,58,281,193,144,200,206,80,168,21,1344,25,156,102,54,64,53,34,51,14,548,9,90,53,20,10,30,12,26,18,257,1413,5775,5428,4765,9149,9398,3818,6358,935,47040
LGA16610,8,58,35,48,25,31,13,49,8,277,3,24,14,11,17,8,4,16,0,106,9,11,6,13,14,7,0,12,11,85,254,831,766,1083,1229,1092,523,961,172,6912
LGA16650,45,141,121,94,126,108,37,88,25,773,19,55,41,25,37,26,11,17,3,234,3,47,18,17,13,11,3,8,4,123,840,2763,3388,3278,5486,4961,2182,3133,605,26641
LGA16700,63,273,283,195,344,279,119,181,31,1770,25,131,84,52,87,61,24,52,15,532,14,110,47,32,19,20,8,22,32,302,2260,7123,7424,6384,18345,20815,8493,12715,1482,85034
LGA16900,8,83,58,43,41,37,12,22,10,320,3,32,14,14,6,12,10,10,9,110,6,10,3,12,4,6,0,3,11,58,624,2657,2217,2373,3072,2690,1343,1961,282,17200
LGA16950,68,307,214,149,92,91,46,123,34,1128,20,133,53,57,23,32,12,49,14,403,12,64,32,29,11,19,3,14,27,206,1305,4959,4060,4549,6123,5166,2932,4241,760,34092
LGA17000,19,55,41,31,33,32,35,66,10,315,3,25,23,18,8,15,6,23,8,121,4,13,6,8,3,3,9,16,8,68,593,1222,1148,1220,2193,2369,2503,3945,325,15517
LGA17040,18,66,47,42,37,52,21,90,6,380,13,36,35,20,12,22,10,60,11,217,9,24,14,6,7,14,11,37,15,135,304,964,860,1270,1757,1343,995,2048,220,9757
LGA17080,21,42,32,32,26,24,17,67,11,264,10,28,14,6,7,19,3,26,6,123,4,19,14,11,10,10,6,18,6,93,226,635,563,625,991,812,579,1279,153,5865
LGA17100,17,92,73,54,110,112,34,67,11,570,3,50,31,26,26,29,8,21,3,207,3,38,18,11,8,6,0,15,11,117,580,1983,2259,1914,4609,4868,2057,3206,498,21971
LGA17150,88,514,392,255,251,279,100,222,37,2134,30,273,143,124,46,84,28,50,16,795,21,133,56,41,21,27,10,26,21,361,1984,10375,9030,8031,11026,11796,5313,8736,1215,67504
LGA17200,346,1164,1152,883,1387,1375,596,1191,148,8245,133,614,497,353,317,388,144,368,96,2902,73,352,210,162,117,158,56,131,95,1364,14553,26754,40730,34118,97811,127006,57191,92970,8263,499390
LGA17310,47,146,122,93,127,92,53,160,18,858,18,93,58,40,20,35,16,61,20,354,11,52,32,18,21,25,9,50,20,235,903,2614,2310,2951,5141,4597,2342,3755,512,25123
LGA17350,4,15,9,17,7,26,13,22,5,114,0,9,7,10,0,3,0,11,3,47,3,11,3,8,3,3,0,3,3,33,85,307,209,281,366,384,196,441,62,2331
LGA17400,7,23,17,7,16,16,6,40,3,136,0,18,6,13,3,7,7,26,0,85,3,7,10,6,0,4,0,17,10,59,85,290,222,259,308,290,126,496,67,2148
LGA17420,74,413,312,237,243,279,106,265,28,1965,28,197,130,94,60,78,28,64,21,684,14,116,56,44,16,30,4,33,26,334,1799,9163,7687,7047,11581,14028,5722,10027,1297,68355
LGA17550,48,261,151,127,118,94,48,118,14,974,12,87,55,48,27,41,18,38,9,331,12,77,25,25,13,17,10,32,16,221,913,3804,3311,4092,4765,4021,1958,3521,608,26997
LGA17620,6,41,31,24,14,19,14,52,6,208,0,23,17,8,3,13,4,26,3,103,6,19,11,16,9,23,3,13,11,108,174,631,520,597,865,793,426,926,100,5018
LGA17640,0,21,14,18,12,21,7,41,4,144,0,11,11,6,3,10,6,15,0,64,0,14,4,7,3,10,3,13,3,60,55,229,218,204,231,277,127,417,45,1807
LGA17650,0,8,11,11,8,5,4,28,0,68,0,8,11,9,0,6,3,12,3,42,3,5,7,4,3,5,0,5,4,38,44,140,137,146,163,208,87,270,36,1227
LGA17750,44,174,132,88,117,103,38,114,21,823,19,76,39,34,18,37,16,48,10,295,5,57,23,15,7,13,12,36,24,197,1061,3254,2726,3291,6543,5490,2867,4817,578,30629
LGA17850,3,22,3,11,9,9,7,46,7,117,3,9,3,6,9,12,6,19,0,62,0,6,3,4,0,8,3,7,0,42,41,147,114,157,148,201,112,413,30,1372
LGA17900,6,18,10,7,8,24,4,24,6,114,7,14,12,9,6,5,0,15,3,71,0,4,3,4,0,6,0,15,0,40,73,203,175,240,333,313,127,575,67,2102
LGA17950,9,8,0,4,3,17,3,18,0,61,0,3,6,3,4,4,0,8,3,30,3,7,3,8,0,6,0,7,3,36,37,76,76,93,160,202,91,327,22,1091
LGA18020,12,21,20,19,12,30,11,52,4,181,3,23,11,4,3,12,3,37,0,99,7,12,8,15,4,15,9,25,7,101,99,335,302,399,434,429,243,699,75,3015
LGA18050,24,178,132,134,98,90,44,87,12,795,11,98,54,35,32,45,18,30,9,326,6,63,31,37,13,9,7,13,16,193,597,3360,3640,2987,3829,4386,1925,3186,452,24359
LGA18100,3,13,12,9,3,17,6,30,7,96,5,7,3,4,3,4,3,4,5,45,3,4,3,11,3,12,0,11,0,40,37,136,126,117,144,213,112,315,37,1243
LGA18200,3,21,16,22,8,18,4,27,3,125,3,10,6,4,4,3,3,7,0,42,0,3,3,6,3,3,4,7,7,35,108,253,214,278,495,457,238,627,72,2744
LGA18230,33,109,89,88,103,99,51,140,18,723,11,56,47,40,24,34,15,51,7,280,4,49,37,21,15,29,3,23,21,208,757,2080,1855,2313,4920,4057,1969,3340,424,21715
LGA18250,47,278,317,164,241,264,91,189,22,1613,38,147,132,76,44,70,25,48,9,591,12,109,59,24,15,24,9,24,14,295,1656,5514,6452,5147,10713,14429,5779,8789,996,59466
LGA18350,38,226,144,119,85,81,46,113,7,862,9,147,83,69,23,35,11,34,10,420,11,74,50,24,12,21,15,35,10,253,524,2671,2209,2309,2965,2815,1468,2624,297,17876
LGA18400,16,62,44,42,33,36,17,66,7,320,3,31,21,8,6,16,3,19,0,114,5,25,10,4,0,7,0,13,6,76,377,1289,1057,1092,2070,1891,1092,1966,230,11076
LGA18450,95,399,323,211,235,205,88,210,36,1806,28,179,93,60,52,65,16,60,18,574,20,87,32,26,20,23,9,27,35,280,2761,10449,9364,9328,15629,13446,6463,9363,1336,78143
LGA18500,32,232,164,116,80,110,47,110,13,895,14,146,80,67,29,51,25,42,8,459,8,122,59,41,20,27,5,27,14,320,480,2685,2770,2176,2584,3617,1923,3470,393,20092
LGA18710,12,40,27,26,22,18,8,31,0,188,12,21,8,11,3,14,3,12,3,91,8,15,4,14,6,13,0,10,6,67,132,451,395,422,536,538,272,598,77,3423
LGA19090,0,0,0,0,0,0,0,0,0,0,0,0,0,0,0,0,0,0,0,0,0,0,0,0,0,0,0,0,0,0,0,0,0,0,0,0,0,0,0,0
LGA19399,3,6,0,0,6,11,8,19,0,55,0,4,0,0,0,0,0,12,0,20,0,0,4,3,0,0,0,0,5,10,45,57,60,66,110,146,57,271,26,846
LGA19499,310,1197,707,587,318,530,191,460,117,4419,117,536,260,177,71,114,44,130,58,1508,76,220,112,60,23,40,20,44,91,688,6077,19722,15762,16389,17452,30717,11319,22127,3790,143362
LGA19799,0,0,0,0,0,0,0,0,0,0,0,0,0,0,0,0,0,0,0,3,0,0,0,0,0,0,0,0,0,0,9,6,5,5,3,9,7,34,0,90
LGA19898,0,0,0,0,0,0,0,0,0,0,0,0,0,0,0,0,0,0,0,0,0,0,0,0,0,0,0,0,0,0,0,0,0,0,0,0,0,0,0,0
LGA20110,14,49,33,29,19,26,12,37,10,226,3,24,8,9,4,10,3,13,5,77,5,10,9,8,3,8,3,10,6,63,203,655,556,621,734,628,353,762,106,4617
LGA20260,21,32,41,22,16,33,8,40,5,219,8,26,7,9,6,6,3,12,3,80,5,18,6,5,7,17,4,12,7,83,221,576,455,599,806,912,364,826,96,4865
LGA20570,83,284,189,182,132,133,61,120,36,1218,23,116,61,49,23,25,19,28,15,358,9,56,26,26,18,16,12,12,26,203,1824,6340,5154,6001,8658,7287,4183,5206,830,45492
LGA20660,72,307,207,191,138,159,65,127,22,1287,16,142,78,52,35,45,16,32,11,431,15,62,40,32,16,8,4,11,16,206,1484,6076,5240,5627,6649,7220,3218,4552,696,40759
LGA20740,38,111,62,62,24,45,14,54,14,420,8,54,29,27,12,19,4,22,3,182,10,42,15,17,8,9,6,19,10,131,574,1712,1294,1507,1450,1471,698,1184,199,10097
LGA20830,35,120,86,67,60,55,30,97,16,571,21,77,37,23,11,36,6,57,5,281,7,70,20,18,11,24,8,28,12,196,599,2564,1910,1973,2485,2612,1419,2478,354,16390
LGA20910,48,306,217,221,113,119,60,108,20,1202,21,178,84,89,25,26,20,35,12,486,10,106,45,35,12,12,8,11,15,247,824,5040,3891,3860,4274,4839,2360,3929,520,29534
LGA21010,22,45,28,43,29,38,12,44,4,257,5,27,14,9,8,8,0,16,3,86,8,17,10,5,7,4,3,10,6,70,241,625,578,693,826,782,449,693,99,4981
LGA21110,97,606,427,392,247,294,130,266,47,2506,47,345,164,136,73,98,44,89,23,1010,25,223,70,60,29,35,15,22,21,510,2088,10495,8504,8008,11314,13886,6353,10303,1156,72106
LGA21180,64,255,204,201,252,221,78,128,28,1434,19,107,63,42,48,49,11,36,18,400,8,46,19,21,15,20,0,26,21,181,1796,7351,6473,7244,13924,13415,5893,8452,1561,66102
LGA21270,14,17,20,25,12,17,7,33,4,141,3,14,3,3,4,4,3,11,0,47,3,8,4,0,3,7,0,13,7,48,105,298,261,269,305,366,175,520,44,2345
LGA21370,45,125,67,68,52,58,35,102,10,568,5,57,29,30,9,19,11,34,14,229,9,46,15,37,11,19,12,15,25,179,644,1906,1528,1933,2519,2363,1433,2664,349,15338
LGA21450,36,158,88,82,74,61,38,77,12,622,11,79,43,37,14,32,14,41,12,270,9,39,34,15,8,18,10,40,13,177,721,3753,2813,2820,3785,3950,2010,3206,517,23576
LGA21610,76,302,215,178,179,166,77,157,27,1378,31,150,74,48,52,40,14,60,20,482,8,77,36,27,12,24,4,23,18,232,1933,9399,7423,8017,11056,10368,5188,7876,1315,62565
LGA21670,11,38,21,28,11,15,7,27,3,162,3,13,14,3,0,6,3,4,3,53,7,9,4,5,3,3,0,4,4,45,169,600,538,599,750,569,306,473,99,4102
LGA21750,22,75,48,47,45,31,22,62,4,362,9,30,21,23,8,20,4,30,0,146,4,21,16,13,7,8,9,13,9,106,412,1232,1052,1194,1626,1380,739,1445,184,9265
LGA21830,23,51,46,37,21,34,13,69,7,290,10,29,13,13,13,19,7,47,5,164,7,13,6,13,3,6,3,23,5,87,283,899,686,750,808,1002,626,1561,154,6758
LGA21890,55,223,174,164,203,168,63,124,28,1194,10,130,50,46,36,40,16,43,15,387,16,62,23,15,16,23,7,24,9,197,1490,7026,5860,5913,9867,8648,3990,5564,1054,49419
LGA22110,56,190,117,99,69,75,22,124,26,763,33,77,45,35,19,25,10,54,12,306,19,43,28,33,16,17,10,40,22,230,800,2174,1912,2261,2509,2277,1220,2180,349,15681
LGA22170,62,280,213,160,142,130,55,119,22,1175,29,111,58,56,30,33,11,30,10,366,6,70,18,16,16,20,3,16,11,182,1309,5668,4624,5352,7202,7373,3396,5043,738,40714
LGA22250,15,39,39,28,15,25,15,46,5,222,7,17,14,13,0,3,3,18,7,89,4,7,14,10,5,0,3,16,4,69,167,523,458,501,585,638,327,785,112,4106
LGA22310,62,370,225,206,140,154,50,150,19,1380,29,187,107,68,37,44,30,38,15,541,13,110,42,39,13,23,9,23,24,288,1095,6257,5131,5012,5930,6219,2971,4680,680,37975
LGA22410,26,49,55,39,17,46,16,66,8,323,3,31,18,12,10,10,5,30,3,133,4,13,17,15,10,15,9,19,8,113,321,983,809,881,1122,1179,690,1204,182,7374
LGA22490,14,31,14,27,9,20,10,41,3,173,3,17,18,4,0,11,3,20,6,81,3,9,13,5,0,3,3,6,3,53,131,505,372,437,431,533,276,656,87,3421
LGA22620,93,291,182,170,129,121,68,134,38,1221,18,116,63,47,30,27,12,45,17,385,13,60,33,35,29,21,8,26,26,241,1894,6266,4943,5856,8733,6973,4095,5509,773,45035
LGA22670,97,329,315,303,524,393,198,268,60,2477,34,173,110,95,94,91,35,82,21,736,9,78,40,36,22,36,11,29,43,294,2501,7851,7971,9383,24343,20724,10492,12647,2006,97913
LGA22750,141,593,436,343,293,273,117,226,38,2456,49,282,118,107,62,64,24,71,36,809,20,152,51,48,25,40,14,28,39,417,3603,13549,11351,12083,17008,16798,8228,11345,1668,95635
LGA22830,53,185,117,123,99,118,64,125,21,893,16,60,48,32,26,32,14,34,15,285,19,46,25,28,20,34,6,31,20,225,1192,3119,2777,3413,5290,5067,2585,3817,605,27867
LGA22910,16,71,37,18,19,22,12,33,0,228,10,26,4,10,6,6,4,22,0,88,4,17,10,6,4,10,0,8,3,56,228,792,683,694,566,661,324,649,93,4688
LGA22980,3,9,12,11,7,5,11,26,4,84,3,14,3,8,3,10,5,18,3,67,4,6,7,7,0,3,0,14,8,48,88,240,206,274,360,389,156,410,50,2171
LGA23110,42,143,95,87,141,122,59,89,11,795,7,75,53,30,21,33,11,19,5,262,3,42,3,7,12,9,3,4,7,101,990,3606,3139,3397,7146,7283,3653,5252,729,35197
LGA23190,24,58,48,39,37,34,22,34,7,302,4,22,20,14,7,11,3,16,9,111,3,28,6,14,0,9,10,15,10,90,392,1184,955,1166,1711,1508,786,1106,185,8991
LGA23270,63,246,251,218,343,249,115,187,49,1721,32,112,68,54,74,60,24,44,25,481,13,46,27,32,32,24,4,29,26,239,2744,8300,8227,9614,20549,18098,9129,11540,2018,90209
LGA23350,20,59,26,37,16,39,12,43,4,256,9,25,19,10,7,7,14,28,4,118,5,13,10,15,6,6,0,17,4,76,231,671,557,574,600,867,416,781,94,4795
LGA23430,75,396,317,333,368,310,134,221,35,2187,30,240,118,76,79,67,26,72,13,728,14,121,58,36,28,30,16,17,17,355,1887,9033,7351,7567,15412,14474,6909,9307,1267,73211
LGA23670,90,371,297,256,322,223,110,199,28,1884,33,180,80,73,48,68,18,63,25,585,14,109,38,32,18,26,8,18,22,288,1979,8556,6908,7192,14072,12567,6151,8202,1203,66838
LGA23810,54,190,104,89,105,87,50,100,18,801,17,92,34,26,23,10,9,24,19,260,10,58,20,24,9,16,3,20,16,164,1256,3795,2962,3328,5650,4506,2512,3479,562,28046
LGA23940,4,32,14,19,10,28,12,45,3,158,3,16,3,11,6,17,4,19,0,89,6,11,14,11,0,12,0,13,0,69,110,320,230,291,298,421,198,696,79,2643
LGA24130,34,145,79,80,33,68,29,67,12,542,12,72,40,40,15,23,15,27,7,239,4,32,16,18,0,9,6,6,7,106,499,2358,1710,1820,1894,1944,983,1678,265,13147
LGA24210,46,274,163,158,90,105,47,88,14,984,22,147,86,62,31,35,13,42,12,437,11,115,47,32,16,14,5,17,14,271,874,5789,4085,3867,4242,4373,2229,3327,535,29330
LGA24250,9,39,27,33,13,20,3,35,3,188,5,20,9,13,6,7,3,9,3,75,4,6,3,10,3,10,4,5,0,49,121,464,355,476,387,495,242,609,67,3214
LGA24330,29,129,110,113,151,121,52,94,12,819,8,49,33,27,38,43,19,21,9,248,9,41,8,10,4,11,3,4,3,97,1136,5027,4491,4607,7417,6671,3088,4448,783,37665
LGA24410,67,267,170,214,161,168,74,117,24,1266,26,152,68,59,50,39,24,35,18,470,9,77,24,18,11,16,6,12,20,195,1264,5987,4861,5110,7950,7722,3925,5184,773,42780
LGA24600,370,988,963,987,1212,1175,518,941,150,7302,113,546,362,301,253,277,117,254,74,2306,57,292,150,128,119,114,40,108,132,1150,14745,28441,36117,36118,90974,110229,47290,65706,7263,436884
LGA24650,18,117,65,79,67,50,21,51,14,488,14,48,19,19,13,9,4,18,0,138,4,26,7,6,5,6,0,7,8,71,800,3730,2712,2964,4475,4522,2024,3150,525,24909
LGA24780,43,139,69,86,85,75,45,109,11,664,14,64,35,23,11,31,11,42,15,239,3,28,18,16,6,19,5,28,14,140,716,2250,1831,2305,3796,3360,1754,2876,432,19322
LGA24850,27,75,56,45,37,52,14,50,11,369,8,23,34,11,11,12,9,28,3,136,11,17,7,12,3,3,5,10,9,82,457,1563,1302,1316,1715,1814,995,1588,249,10991
LGA24900,28,93,62,56,41,43,19,103,10,450,7,30,18,18,12,15,9,34,9,156,8,16,18,22,8,9,3,20,13,129,536,1272,1027,1217,1525,1657,1056,1969,272,10542
LGA24970,100,514,407,382,399,351,176,268,37,2635,32,264,158,116,88,87,28,63,28,865,21,162,62,47,23,22,9,42,39,428,3009,11324,10169,10849,21742,22170,9928,13816,1848,104862
LGA25060,38,209,141,126,108,110,49,90,18,900,17,103,40,43,34,22,16,21,10,310,10,53,30,16,12,24,4,22,12,174,1099,5670,4413,4351,6674,6334,2970,4458,752,36722
LGA25150,10,60,28,23,22,22,13,43,9,227,6,34,13,10,4,16,7,31,3,119,3,12,11,5,3,8,4,15,4,66,226,1049,731,792,947,1115,522,1062,146,6600
LGA25250,40,196,170,134,173,122,50,116,24,1019,7,92,58,41,48,38,12,31,11,339,10,56,28,26,10,16,5,19,12,189,1119,5390,4958,5272,7408,6668,2998,4608,857,39293
LGA25340,111,532,324,281,161,191,75,178,39,1899,38,274,112,108,52,66,22,69,32,769,26,144,55,43,31,24,15,24,24,377,1728,8443,6082,6899,7580,7675,4101,5990,956,49461
LGA25430,26,69,47,22,21,35,14,36,5,272,13,26,17,10,4,5,4,13,3,100,3,33,14,15,0,8,3,14,3,96,277,945,860,976,965,1302,610,823,120,6878
LGA25490,18,41,38,21,27,32,15,64,4,263,6,23,11,9,4,14,3,25,5,103,3,22,17,7,5,10,3,17,4,100,236,666,526,598,801,946,522,1411,139,5851
LGA25620,23,57,32,33,13,22,7,38,5,227,3,22,23,23,10,14,0,25,5,124,4,15,12,15,3,13,10,23,10,101,193,602,480,566,562,660,318,619,92,4096
LGA25710,23,131,89,88,41,55,22,55,10,522,11,73,49,40,8,15,0,15,3,217,0,37,11,6,8,0,3,8,6,81,392,2806,1825,1808,1676,2068,877,1603,251,13305
LGA25810,12,41,27,23,15,37,10,53,4,220,14,21,12,14,3,7,5,14,6,93,4,9,8,3,0,3,4,14,9,60,220,628,513,627,761,813,405,781,116,4868
LGA25900,55,296,244,242,186,230,109,249,27,1630,29,142,85,84,60,63,20,65,16,562,16,99,43,33,25,15,10,34,26,298,1970,5986,6740,6636,13354,18240,8428,13226,1255,75840
LGA25990,9,25,8,18,9,15,3,35,0,130,3,3,3,15,3,3,0,18,3,58,4,3,3,8,0,7,5,9,3,35,112,249,220,231,235,331,154,433,52,2005
LGA26080,3,19,10,14,3,3,6,11,0,70,3,6,7,0,0,3,0,3,0,28,0,8,0,0,0,0,0,0,0,12,84,252,175,167,193,164,84,135,22,1279
LGA26170,34,122,76,69,38,47,37,96,16,533,15,51,33,36,15,22,9,34,10,233,20,32,23,16,9,17,3,26,18,172,465,1575,1228,1313,1406,1503,911,1934,238,10577
LGA26260,29,58,46,41,36,32,20,78,10,349,5,30,22,17,13,22,7,19,8,154,5,17,18,10,10,18,8,19,5,110,304,937,821,907,1042,1146,624,1204,144,7137
LGA26350,42,355,280,250,180,180,83,174,27,1577,26,209,111,111,47,60,27,61,22,672,18,134,69,42,24,34,15,26,26,398,1517,8195,7126,6654,8962,9442,4846,7381,942,55061
LGA26430,15,49,30,36,22,28,12,55,3,248,6,15,16,18,4,10,3,26,7,105,4,26,15,10,8,10,10,14,9,107,146,499,367,455,556,536,278,594,108,3533
LGA26490,26,106,61,46,11,41,12,48,12,360,3,64,23,19,7,10,0,22,5,151,8,14,13,8,0,9,6,11,4,73,342,1764,1178,1152,1142,1382,599,1198,177,8932
LGA26610,28,65,30,48,26,46,14,54,8,322,12,26,16,11,6,13,10,16,0,111,5,20,4,9,4,13,0,20,8,87,381,1054,781,981,1624,1657,786,1346,241,8852
LGA26670,12,23,23,20,0,23,8,46,3,164,4,15,9,15,8,12,3,26,3,86,0,12,5,0,4,11,0,24,6,66,90,284,205,265,214,290,136,492,52,2015
LGA26700,34,90,78,65,32,43,20,74,16,455,5,38,23,18,12,13,10,41,8,170,19,23,23,13,9,17,9,29,9,151,475,1466,1231,1484,1928,1907,965,1666,256,11383
LGA26730,14,82,49,64,49,42,16,48,4,365,6,34,15,11,5,5,3,12,3,98,4,16,4,3,0,5,0,4,3,50,525,1883,1366,1614,2497,2185,1104,1582,237,13000
LGA26810,52,131,77,67,73,75,36,148,9,662,9,71,33,35,6,32,10,48,13,255,5,37,23,23,17,13,12,34,17,181,726,2200,1678,1837,2524,2718,1517,3378,357,16934
LGA26890,3,20,9,14,8,21,3,33,0,111,0,10,4,10,0,8,0,21,0,60,3,9,9,16,8,10,8,12,0,64,73,180,145,195,157,270,115,507,37,1677
LGA26980,82,479,329,302,253,241,105,200,35,2018,31,291,136,99,66,57,23,43,18,766,21,148,50,29,10,16,9,17,30,342,2154,9760,8301,8499,13698,12666,5824,7828,1169,69914
LGA27070,46,247,157,145,206,142,81,121,32,1172,17,117,56,42,36,44,19,33,14,376,15,65,28,18,10,19,3,14,18,188,1711,7585,6113,6377,10979,9993,4557,6531,1202,55053
LGA27170,25,78,68,42,62,49,21,65,10,418,12,36,18,22,13,11,12,8,6,141,4,13,15,10,6,4,3,8,3,62,706,1852,1780,2209,3569,3416,1925,2461,340,18245
LGA27260,49,234,144,136,185,169,75,130,28,1151,17,93,49,39,36,37,14,32,15,330,12,31,17,15,17,11,0,20,14,133,1799,7413,6249,6536,13525,11886,5582,8305,1404,62691
LGA27350,56,286,270,264,252,238,104,186,31,1695,33,146,99,93,75,71,30,64,20,629,12,87,39,30,27,24,7,21,21,278,2299,7242,8118,8578,15555,17299,8515,12125,1400,81129
LGA27450,85,376,234,168,147,135,72,161,29,1404,36,192,74,65,43,32,14,49,15,524,21,105,28,38,21,13,12,28,21,280,1468,7236,4850,4927,6329,5866,3216,5003,750,39636
LGA27630,3,25,20,14,4,28,6,21,6,131,3,9,4,8,4,11,3,12,3,66,3,14,7,15,8,7,3,16,4,73,105,290,283,320,288,476,202,520,69,2560
LGA29090,0,0,0,0,0,0,0,0,0,0,0,0,0,0,0,0,0,0,0,0,0,0,0,0,0,0,0,0,0,0,0,0,0,0,0,0,0,0,0,0
LGA29399,5,0,8,8,8,4,0,11,0,52,0,3,0,5,0,0,3,9,0,28,0,0,0,0,0,0,0,0,0,9,34,130,143,285,340,296,340,536,49,2161
LGA29499,222,1011,560,465,269,389,134,290,80,3434,103,469,175,151,58,115,34,83,61,1240,60,214,81,55,29,52,18,40,61,612,5166,16553,12058,13727,15286,26497,9591,17030,3122,119037
LGA29799,0,0,0,0,0,0,0,0,0,3,0,0,0,0,0,0,0,0,0,3,0,0,0,0,0,0,0,0,0,0,22,8,9,3,11,15,13,76,9,155
LGA29898,0,0,0,0,0,0,0,0,0,0,0,0,0,0,0,0,0,0,0,0,0,0,0,0,0,0,0,0,0,0,0,0,0,0,0,0,0,0,0,0
LGA30250,0,0,0,0,0,0,0,3,0,5,0,0,0,0,0,0,0,0,0,0,0,0,0,0,0,0,0,0,0,0,14,16,13,36,81,53,6,57,7,286
LGA30300,0,16,12,15,11,15,10,27,3,98,3,6,5,3,4,0,5,18,0,45,0,4,9,3,5,7,0,7,3,40,70,201,163,237,269,323,152,647,51,2108
LGA30370,10,20,23,8,15,12,20,65,4,181,3,6,4,12,3,11,14,27,3,87,3,7,9,9,0,4,3,27,0,66,206,552,498,582,764,792,621,1709,116,5843
LGA30410,3,3,3,3,8,8,4,27,4,66,0,0,0,3,0,5,3,9,3,33,3,0,0,3,0,3,3,9,3,33,47,101,71,143,190,254,114,493,45,1455
LGA30450,0,0,0,0,3,3,3,8,0,18,0,0,0,0,0,0,0,0,0,3,0,0,0,0,0,0,0,0,0,0,14,6,8,15,21,58,25,122,4,284
LGA30760,0,9,8,7,4,12,0,18,0,53,0,3,3,5,7,3,0,7,0,29,0,3,0,0,0,0,0,4,3,16,38,66,62,97,101,131,56,285,21,858
LGA30900,0,0,0,0,0,0,0,0,0,4,0,0,0,0,0,0,0,0,0,0,0,0,0,0,0,0,0,0,0,0,5,7,3,11,26,18,8,43,3,122
LGA31000,703,2737,2013,2081,2498,2109,1042,2037,227,15445,195,1366,742,625,459,542,250,543,114,4831,104,768,298,255,178,171,77,177,198,2225,23407,68396,65304,74548,153471,142563,73347,108865,11071,720965
LGA31750,0,0,0,0,0,0,0,3,0,4,0,0,0,0,0,0,0,0,0,0,0,0,0,0,0,0,0,0,0,3,11,15,3,5,16,29,14,68,8,165
LGA31820,50,212,111,136,107,116,45,147,36,956,15,97,56,45,20,34,9,71,11,355,11,54,32,23,13,13,5,45,28,221,997,3764,3109,4544,6109,4560,2714,4787,663,31246
LGA31900,14,47,35,32,28,36,21,67,16,292,9,27,13,14,8,14,13,38,3,133,11,18,4,6,3,14,3,19,13,94,235,793,612,801,1214,1246,733,1577,182,7388
LGA31950,0,0,0,0,0,0,0,4,0,13,0,0,0,0,0,0,0,0,0,7,0,0,0,0,0,0,0,0,0,0,15,47,23,39,110,55,33,72,22,428
LGA32080,77,348,233,290,289,232,112,294,39,1908,35,166,101,93,63,72,31,87,19,671,22,86,35,31,16,33,15,51,26,311,2249,6672,6078,9321,14610,11506,6345,9444,1242,67472
LGA32250,0,3,0,0,3,8,0,6,0,25,0,3,0,3,0,7,0,7,0,21,0,0,0,0,0,0,0,3,0,3,32,49,27,75,141,131,90,282,33,867
LGA32260,17,69,64,51,65,63,36,84,9,461,8,40,11,20,15,22,11,42,12,190,4,35,17,10,5,22,0,24,12,136,378,1156,1162,1588,2233,1826,962,1948,293,11533
LGA32270,17,38,25,24,35,39,20,107,10,328,9,26,13,21,13,19,7,37,5,149,3,15,8,11,3,4,6,16,10,79,755,1374,1072,1318,1980,1859,1877,5376,354,15965
LGA32310,7,22,9,20,22,26,11,48,3,160,0,18,10,6,4,13,0,8,0,58,0,11,7,10,0,4,3,13,3,44,186,422,353,493,645,611,349,1092,109,4251
LGA32330,0,0,3,0,0,0,0,0,0,8,0,0,0,0,0,0,0,0,0,3,0,0,0,0,0,0,0,0,0,3,16,47,42,56,113,59,17,43,7,405
LGA32450,4,6,0,0,0,12,10,23,3,55,0,4,3,0,0,3,0,8,0,24,0,0,0,0,0,3,0,4,0,13,157,100,88,115,204,289,342,1540,60,2900
LGA32500,0,8,5,5,15,16,3,25,3,82,3,0,5,3,0,3,3,3,0,23,0,3,0,0,0,0,0,3,3,12,101,142,155,286,453,372,479,716,67,2775
LGA32600,0,5,0,0,0,3,0,4,0,11,0,0,0,0,0,0,0,0,0,0,0,3,0,0,0,0,0,0,0,3,3,23,10,14,15,20,16,74,11,184
LGA32750,0,0,3,0,0,0,0,12,0,15,0,0,0,0,0,0,0,0,0,3,0,0,0,0,0,0,0,3,0,5,9,11,15,19,29,45,28,119,4,281
LGA32770,0,3,0,0,6,0,0,0,0,10,0,0,0,0,0,0,0,0,3,4,0,0,0,0,0,0,0,0,0,3,17,41,15,30,69,54,26,82,22,361
LGA32810,3,36,21,37,16,25,15,48,3,212,5,21,12,16,5,0,5,12,4,91,6,17,9,10,6,7,3,6,0,59,171,503,527,838,957,853,558,1061,142,5607
LGA33100,0,0,0,0,3,5,0,3,0,14,0,0,0,0,0,3,0,0,0,8,0,3,0,0,0,0,0,3,0,7,18,22,13,23,34,45,14,130,9,310
LGA33200,3,4,6,3,3,3,0,15,3,48,0,3,3,3,0,4,0,19,0,30,0,4,0,0,0,8,0,9,4,28,23,62,49,62,96,139,44,294,32,797
LGA33220,43,205,118,90,101,92,51,109,22,847,11,101,40,33,18,27,4,43,13,291,8,41,13,28,7,12,3,33,26,181,1046,3880,3106,4424,6076,4021,2184,3815,572,29137
LGA33360,26,103,61,56,59,67,44,121,9,553,10,45,30,28,20,15,9,40,10,208,6,28,7,13,8,7,4,13,8,99,1021,2541,2032,2593,3995,3786,3008,6019,470,25466
LGA33430,255,1481,1046,1114,984,885,394,893,118,7159,99,717,448,340,190,270,95,269,72,2501,44,378,166,127,61,81,45,101,90,1088,6854,28707,25293,32815,46020,40544,20590,35521,4347,240694
LGA33610,6,35,22,13,21,24,13,55,0,191,4,9,8,11,5,13,4,16,5,81,3,15,9,9,0,5,7,20,7,79,172,429,398,512,629,742,439,1331,100,4757
LGA33620,31,121,66,81,49,57,23,118,15,547,9,72,34,29,16,30,6,51,15,256,7,23,21,9,15,10,0,41,16,150,601,2058,1673,2385,2663,2032,1231,2742,340,15725
LGA33800,19,34,23,22,25,25,15,69,5,230,9,13,12,4,14,9,4,20,4,87,4,23,11,15,3,16,0,23,16,102,141,499,388,538,734,657,387,857,109,4308
LGA33830,0,0,0,0,0,0,0,0,0,0,0,0,0,0,0,0,0,0,0,0,0,0,0,0,0,0,0,0,0,0,3,6,7,5,12,8,4,15,4,63
LGA33960,55,243,191,179,198,182,71,166,34,1319,17,106,59,58,40,41,23,35,7,391,9,54,25,21,11,16,8,23,14,183,2100,6897,5761,8037,13314,10823,6061,8643,1146,62777
LGA33980,12,31,12,23,20,28,17,74,3,225,3,12,8,14,6,10,3,29,4,90,9,4,0,4,0,4,8,22,8,52,755,884,802,1023,1404,1435,1744,5968,318,14328
LGA34420,0,0,0,0,3,0,0,0,0,4,0,0,0,0,0,0,0,0,0,0,0,0,0,0,0,0,0,0,0,0,4,25,21,31,48,61,19,38,7,261
LGA34530,13,70,27,31,30,38,17,59,4,286,4,27,13,16,13,11,8,21,4,106,3,21,8,8,3,0,0,20,11,79,308,1274,878,1183,1710,1193,694,1450,181,8866
LGA34570,0,0,3,0,0,0,0,0,0,6,0,0,0,0,0,0,0,0,0,4,0,0,0,0,0,0,0,0,0,3,26,36,18,51,38,49,166,132,28,544
LGA34580,17,84,58,43,34,35,26,76,9,387,5,42,34,19,8,25,7,39,8,182,7,15,14,7,9,6,3,35,10,101,379,1445,1068,1518,1937,1570,972,2023,267,11183
LGA34590,88,385,312,334,312,273,158,292,48,2200,18,183,105,78,51,67,29,85,16,630,7,82,37,32,17,17,13,16,23,237,2715,10294,8788,11537,18281,15224,7834,12531,1796,88994
LGA34710,6,5,4,6,4,5,9,25,8,79,7,3,0,0,0,3,0,4,0,23,3,7,3,0,0,3,0,9,0,26,102,132,106,186,341,340,207,452,51,1920
LGA34770,63,199,127,115,138,125,71,232,32,1096,23,91,54,37,33,39,19,105,22,421,8,52,22,20,10,14,19,65,38,253,1640,4813,4025,5266,8889,7016,4693,8369,905,45605
LGA34800,0,0,0,0,0,6,3,20,0,38,0,0,0,0,0,0,3,7,3,19,0,0,0,0,0,0,0,4,0,3,71,27,25,33,57,91,90,807,34,1226
LGA34830,0,3,0,0,0,0,0,0,0,8,0,0,0,0,0,0,0,0,0,0,0,0,0,0,0,0,0,0,0,0,0,4,0,3,32,8,48,29,3,128
LGA34860,8,26,11,25,13,30,12,76,11,214,5,31,13,14,7,14,9,51,6,149,10,25,5,11,13,18,10,43,7,133,367,543,412,554,1020,1084,585,2321,151,7036
LGA34880,6,56,28,31,31,35,11,75,11,285,7,37,18,18,14,16,9,28,5,153,3,18,7,18,5,13,7,20,11,96,264,825,641,975,1453,1042,626,1354,170,7361
LGA35010,128,704,420,391,364,317,157,357,51,2899,36,300,164,149,52,78,44,127,31,975,17,116,62,55,34,31,15,33,33,383,3575,15923,12410,16042,20888,17339,9146,15614,2048,112990
LGA35250,0,0,0,0,0,0,0,0,0,0,0,0,0,0,0,0,0,0,0,0,0,0,0,0,0,0,0,0,0,0,0,6,0,9,13,9,0,6,3,48
LGA35300,14,22,5,20,32,22,28,31,6,180,9,14,13,8,10,12,4,19,0,78,0,11,0,4,0,5,0,4,4,30,431,574,419,748,1318,1471,1758,2413,187,9320
LGA35600,4,5,4,5,17,7,9,17,0,72,0,6,7,6,0,0,0,4,8,29,0,3,0,0,0,3,3,4,3,23,71,156,126,213,393,341,150,480,57,1987
LGA35670,0,0,0,0,0,0,0,0,0,4,0,0,0,0,0,0,7,0,0,6,0,0,0,0,0,0,0,0,0,0,8,10,11,13,25,22,81,51,6,224
LGA35740,31,201,117,118,74,81,31,106,9,750,9,112,48,52,10,30,10,26,4,300,6,39,17,18,9,6,3,14,14,123,606,3115,2444,3388,3267,2958,1595,2868,332,20581
LGA35760,15,31,21,27,20,25,15,73,12,234,3,23,12,15,15,22,8,44,4,140,8,20,11,6,4,12,4,36,7,104,142,426,386,503,529,644,386,1228,126,4374
LGA35780,0,0,0,0,0,0,0,3,0,12,0,0,0,0,0,0,0,0,0,3,0,0,0,0,0,0,0,0,0,0,35,48,57,98,245,146,40,135,23,822
LGA35790,0,3,0,0,0,4,0,3,0,6,0,0,0,0,0,0,0,0,0,0,0,0,0,0,0,0,0,0,0,3,17,101,33,81,98,96,44,105,11,591
LGA35800,0,5,0,4,7,4,0,14,0,42,6,4,3,5,0,0,0,17,0,30,0,0,0,0,0,0,0,10,0,18,38,60,45,81,116,139,51,393,31,945
LGA36070,0,3,0,0,0,5,0,0,0,7,0,0,0,0,0,0,0,0,0,0,0,0,0,0,0,0,0,0,0,0,4,64,8,24,27,43,8,33,3,209
LGA36150,0,3,0,0,0,4,0,10,0,21,0,0,0,0,0,4,0,10,0,11,0,0,0,0,0,3,0,0,0,3,24,23,20,24,45,61,29,140,7,365
LGA36250,50,270,166,181,143,121,57,164,21,1171,11,148,69,57,31,41,19,38,11,422,3,47,37,19,15,20,3,19,13,179,1254,6354,4710,5769,7014,6235,3022,5459,654,40472
LGA36300,0,3,0,0,0,0,0,10,0,16,0,4,0,0,0,0,0,3,0,11,0,0,0,0,3,0,0,0,0,7,12,82,57,86,113,136,60,175,11,734
LGA36370,44,164,125,94,131,97,53,137,16,867,11,70,44,39,26,21,13,37,6,264,8,41,25,18,14,19,5,20,16,175,1431,3961,3247,4404,8369,6223,3196,5194,587,36613
LGA36510,26,101,83,76,48,67,17,124,10,557,14,67,28,35,12,13,21,54,6,256,10,42,19,28,7,12,11,44,21,180,387,1720,1423,1715,1797,1747,1039,2318,269,12414
LGA36580,14,54,26,27,17,23,13,58,3,236,13,34,23,8,6,14,3,28,16,138,4,14,3,6,0,10,0,21,17,71,183,791,550,805,808,926,570,1273,170,6093
LGA36630,23,90,58,58,41,40,24,115,17,469,14,40,29,16,16,15,8,59,15,203,7,25,19,21,5,16,3,51,19,161,399,1287,1056,1517,1913,1436,908,2181,248,10946
LGA36660,28,113,59,78,50,68,30,150,20,586,13,59,27,22,19,28,13,68,12,256,5,46,23,27,8,17,12,36,19,192,506,1758,1323,1714,2305,1921,1066,2413,319,13319
LGA36720,127,790,467,507,314,305,159,440,51,3156,43,383,184,134,59,120,57,132,23,1126,26,172,67,60,22,36,19,49,50,494,3342,14937,12064,15522,18384,16223,9131,16330,1813,107729
LGA36820,24,97,43,38,34,45,19,77,10,398,5,49,17,31,11,17,8,53,8,199,3,24,14,17,7,13,6,23,15,122,344,1206,900,1216,1379,1140,648,1517,205,8561
LGA36910,120,401,272,273,253,253,136,417,51,2170,33,248,101,107,59,71,35,174,32,858,22,104,69,48,25,46,15,100,47,488,2496,7699,6349,8437,13885,10590,6732,12028,1151,69361
LGA36950,0,3,3,7,11,7,6,4,0,38,0,0,3,0,0,5,0,0,0,15,0,0,0,0,0,0,0,0,0,10,63,105,76,133,250,364,128,302,84,1505
LGA36960,0,0,0,4,0,3,0,6,0,18,0,0,0,0,0,0,0,0,0,3,0,0,0,0,0,3,0,0,0,0,33,122,83,144,186,157,31,194,38,996
LGA37010,98,315,246,194,273,194,123,252,41,1734,25,159,78,66,63,38,18,57,16,525,7,91,23,24,10,27,17,20,26,244,3100,8847,6836,9453,17618,14023,8298,12177,1328,81678
LGA37300,0,0,0,0,0,3,4,5,0,17,0,0,0,0,0,0,0,0,0,0,0,0,0,0,0,0,0,0,0,3,58,75,77,109,133,179,139,320,25,1123
LGA37310,33,71,58,47,56,68,46,188,25,591,13,57,34,40,10,27,14,81,11,292,3,44,19,27,10,19,18,55,15,213,686,1553,1143,1491,2097,2113,1513,5309,330,16235
LGA37340,21,70,42,64,50,49,42,98,7,447,8,34,17,18,18,9,4,45,3,155,3,18,11,21,6,6,3,22,5,103,538,1315,1150,1785,2422,2415,1731,3444,319,15105
LGA37400,0,0,0,0,3,3,0,10,3,20,0,0,0,0,0,0,0,6,0,13,0,0,0,3,0,0,0,5,0,5,25,24,22,38,65,81,40,225,13,537
LGA37550,0,0,0,0,0,0,0,0,0,10,0,0,0,0,0,0,0,0,0,0,0,0,0,0,0,0,0,0,0,0,3,11,10,11,21,15,10,12,0,96
LGA37570,0,0,0,0,0,0,0,0,0,3,0,0,0,0,0,0,0,0,0,0,0,0,0,0,0,0,0,0,0,0,0,3,6,9,11,18,8,15,6,81
LGA37600,0,0,0,0,0,0,0,0,0,6,0,0,0,0,0,0,0,0,0,0,0,0,0,0,0,0,0,0,0,0,17,42,30,52,115,71,23,81,30,451
LGA39090,0,0,0,0,0,0,0,0,0,0,0,0,0,0,0,0,0,0,0,0,0,0,0,0,0,0,0,0,0,0,0,0,0,0,0,0,0,0,0,0
LGA39499,236,757,416,426,177,312,128,365,80,2887,92,317,136,109,43,56,43,87,45,924,52,136,61,30,24,15,14,34,47,410,4788,12939,9269,11598,11824,17984,8844,19262,2400,98920
LGA39799,0,0,0,0,0,0,0,3,0,3,0,0,0,0,0,0,3,0,0,4,0,0,0,0,0,0,0,0,0,0,24,7,3,7,12,17,15,114,11,202
LGA39898,0,0,0,0,0,0,0,0,0,0,0,0,0,0,0,0,0,0,0,0,0,0,0,0,0,0,0,0,0,0,0,0,0,0,0,0,0,0,0,0
LGA40070,136,459,353,309,478,306,169,297,39,2547,29,221,107,89,81,58,28,80,26,721,14,116,41,32,24,16,15,25,33,318,4772,10675,10943,13644,30815,21161,11016,13077,1555,117645
LGA40120,27,122,87,59,36,52,24,79,6,491,15,79,41,24,12,18,8,31,7,230,7,29,13,13,6,10,5,16,3,102,363,1835,1232,1383,1256,1375,842,1375,161,9825
LGA40220,7,100,55,62,28,31,15,34,7,337,4,40,23,26,7,13,4,21,4,140,0,35,20,4,5,8,5,11,7,102,232,1097,842,1059,953,861,481,885,111,6525
LGA40250,0,3,0,0,3,4,3,3,0,18,0,0,0,0,0,3,0,0,3,11,0,0,0,3,3,3,0,0,3,8,26,34,44,107,121,100,58,102,23,627
LGA40310,16,90,64,35,29,52,16,61,7,374,10,31,23,17,5,18,6,14,8,128,0,32,6,9,0,6,3,21,8,90,372,1370,1044,1271,1532,1823,1042,1387,141,9974
LGA40430,0,3,4,8,0,5,0,4,0,40,0,4,3,3,3,3,0,0,3,19,5,7,0,3,0,3,0,0,0,15,25,96,53,88,65,92,58,173,9,662
LGA40520,9,44,27,25,12,27,16,25,5,180,8,8,8,14,4,7,0,5,0,59,0,9,3,10,0,0,3,4,3,35,196,477,450,673,951,797,370,558,79,4533
LGA40700,17,179,116,98,78,60,35,66,15,679,15,97,45,40,25,23,9,19,0,269,5,51,30,13,3,7,7,9,9,142,604,2542,2029,2243,3074,2435,1505,2049,229,16709
LGA40910,18,105,44,48,33,25,18,33,3,323,4,43,22,25,4,3,5,6,3,114,3,19,7,8,3,3,3,9,0,60,308,1678,1192,1558,1669,1184,720,1068,142,9525
LGA41010,3,9,9,11,9,3,3,9,0,66,3,4,5,3,4,0,0,6,3,24,0,4,3,0,0,0,0,0,0,9,87,161,142,190,292,241,150,278,53,1591
LGA41060,64,258,141,174,156,129,73,116,22,1140,19,136,74,46,31,30,15,40,13,400,10,58,30,23,17,8,9,14,19,177,1325,5408,4150,5535,8874,6201,3346,4477,607,39937
LGA41140,14,41,21,34,15,21,21,23,8,194,4,21,14,15,3,9,4,12,11,96,3,16,12,6,9,3,3,15,3,61,180,539,473,597,556,637,359,694,83,4122
LGA41190,8,5,4,3,5,4,0,6,0,38,9,3,3,3,0,3,3,3,0,22,0,0,3,0,0,0,0,0,3,8,48,93,64,104,92,128,82,217,13,842
LGA41330,0,4,3,5,3,4,3,8,0,28,0,7,3,0,0,3,0,3,0,20,3,0,4,3,0,3,0,0,0,12,41,49,56,74,140,98,53,137,25,675
LGA41560,6,42,15,15,19,14,12,14,6,142,4,17,5,4,0,6,0,3,3,47,6,13,3,7,3,7,0,8,7,50,202,750,490,651,727,585,329,510,94,4350
LGA41750,0,3,3,3,0,0,0,8,0,21,0,3,0,3,0,0,0,7,0,7,0,0,0,0,0,0,0,0,0,4,23,44,42,50,31,77,29,142,6,446
LGA41830,3,3,5,3,0,3,0,9,0,26,0,3,0,3,0,3,0,7,0,13,0,0,0,0,0,0,0,0,0,5,33,83,39,68,76,76,58,237,24,686
LGA41960,6,11,0,0,0,3,0,7,0,27,0,3,0,0,0,4,0,0,0,9,0,0,0,0,0,0,0,0,3,5,25,58,39,55,50,55,21,107,13,424
LGA42030,6,43,25,25,11,11,11,28,3,168,0,26,3,11,0,3,4,10,0,61,3,12,8,7,0,0,0,0,3,29,233,1151,860,1169,1179,802,498,695,114,6699
LGA42110,0,9,12,8,7,3,4,14,0,59,0,7,5,5,0,0,7,3,0,35,0,8,3,10,3,0,0,10,6,41,41,164,140,173,144,174,129,323,38,1333
LGA42250,16,19,17,6,9,10,5,38,5,117,7,16,8,8,8,3,4,11,3,62,7,18,3,8,9,6,0,6,4,61,108,300,211,289,375,385,244,546,40,2507
LGA42600,20,129,78,64,41,45,16,42,8,450,8,60,25,14,7,10,3,11,7,151,11,38,23,4,3,6,3,0,3,90,418,2388,1663,2042,2035,1491,886,1254,175,12350
LGA42750,11,29,22,26,5,17,8,27,0,134,3,10,11,6,4,0,3,11,0,55,3,12,9,7,0,0,0,0,0,35,104,296,274,320,279,240,133,361,34,2049
LGA43080,0,4,0,6,0,4,0,16,0,28,0,0,5,0,0,0,3,5,0,10,0,0,0,0,0,3,0,0,0,10,4,39,39,73,50,82,40,161,13,497
LGA43220,0,7,4,3,0,8,3,3,0,21,0,4,0,4,0,0,0,0,0,11,0,0,0,0,0,0,0,0,3,8,30,71,51,52,52,81,50,147,13,549
LGA43360,6,17,6,4,4,6,6,5,0,57,3,5,0,3,0,0,0,6,0,28,3,4,3,9,0,4,3,3,0,26,65,133,99,111,91,115,83,165,30,897
LGA43650,11,36,19,26,14,31,6,39,3,183,3,27,19,5,7,7,3,12,4,98,4,12,6,7,3,11,3,13,3,58,188,552,488,561,764,850,617,902,87,5010
LGA43710,8,13,9,5,3,6,4,11,3,67,0,10,7,0,0,7,4,10,3,41,3,9,3,3,0,0,3,0,3,26,66,201,168,183,218,244,148,336,30,1591
LGA43790,10,38,26,38,10,17,8,33,9,185,6,17,13,8,3,9,5,12,4,81,3,11,8,6,3,7,9,12,7,69,165,518,447,605,722,758,372,769,95,4455
LGA43920,0,18,16,12,0,8,7,20,0,77,0,6,3,3,4,7,0,7,0,36,0,4,5,0,4,5,0,3,0,21,51,249,199,251,366,276,148,371,55,1966
LGA44000,0,0,0,0,0,0,0,0,0,0,0,0,0,0,0,0,0,0,0,0,0,0,0,0,0,0,0,0,0,0,0,0,0,0,0,0,0,4,0,7
LGA44060,30,172,117,108,86,66,37,59,12,695,5,68,42,38,20,14,11,19,3,225,8,37,11,12,13,3,5,7,19,110,829,3519,2560,3132,4447,2988,1773,2101,327,21670
LGA44210,7,27,19,28,9,7,10,22,0,121,0,17,12,4,5,5,4,9,3,60,5,11,9,6,3,0,0,7,3,45,78,312,293,363,355,307,200,443,45,2397
LGA44340,48,208,141,144,92,93,42,82,19,870,15,128,48,33,25,16,4,23,10,300,6,86,19,22,3,5,6,11,11,172,1177,3918,3489,4405,5477,3753,2040,2868,336,27472
LGA44550,25,95,47,40,37,38,9,49,7,346,6,40,21,17,8,8,11,23,3,141,8,29,12,13,3,8,10,10,3,89,419,1808,1298,1629,1660,1240,841,1388,193,10479
LGA44620,23,52,48,34,40,37,16,40,3,296,4,27,17,18,3,11,0,3,4,88,6,18,8,8,8,7,0,3,3,48,389,1322,1070,1413,2180,1533,1055,1485,166,10624
LGA44830,3,5,4,9,4,3,0,28,0,61,3,10,6,0,0,0,0,10,0,31,0,8,0,0,0,3,3,5,4,28,27,120,87,111,110,124,67,276,24,945
LGA45040,13,55,40,28,27,29,15,37,7,248,5,24,15,8,4,17,5,13,3,97,6,22,7,6,5,5,6,9,6,70,341,1067,860,1103,1945,1661,783,1054,161,8977
LGA45090,14,37,23,23,24,17,13,36,8,197,3,18,9,16,3,11,4,11,3,84,0,14,7,10,0,16,3,4,10,72,190,526,378,485,712,620,380,680,83,4062
LGA45120,7,20,19,8,3,13,15,25,3,108,0,11,3,9,0,9,4,17,0,54,0,6,0,7,4,8,6,3,3,35,72,225,192,203,163,241,167,427,30,1715
LGA45290,26,151,109,89,86,71,39,89,13,668,16,92,46,36,23,13,3,24,4,252,6,38,16,27,14,8,4,8,6,134,652,3471,2617,3052,4599,3440,2120,2777,320,23053
LGA45340,60,292,198,154,146,109,79,114,21,1172,24,137,50,55,21,36,7,37,13,374,4,57,19,23,8,10,4,10,14,157,1396,6368,4652,5725,6943,4903,3066,4145,592,37784
LGA45400,0,3,0,3,7,3,0,0,0,18,0,5,3,0,0,3,0,0,0,15,0,4,3,3,0,3,0,0,0,7,14,51,41,45,38,50,24,87,10,354
LGA45540,4,3,3,0,3,3,0,5,0,24,0,3,0,0,0,4,0,0,0,9,0,0,0,0,0,0,0,0,0,8,13,59,51,52,46,51,20,96,7,387
LGA45680,29,80,68,56,76,61,37,84,4,485,3,65,31,15,17,14,8,7,3,163,4,18,9,3,4,17,6,6,12,65,937,2992,2701,3819,5433,3680,1855,2406,443,24272
LGA45890,87,259,189,176,300,204,139,173,29,1551,23,120,58,44,52,48,17,64,13,439,12,62,34,23,12,19,14,15,19,210,1942,5891,4841,6712,15669,10899,7563,8565,1020,63112
LGA46090,13,41,16,14,19,29,10,22,3,172,3,11,7,8,4,11,4,5,4,51,3,9,4,0,0,0,3,3,0,18,229,614,528,715,1251,762,460,730,87,5374
LGA46300,9,37,22,24,20,11,9,17,4,164,4,29,4,12,4,6,0,3,0,61,0,7,4,4,5,3,0,4,4,37,238,942,756,1011,1272,859,647,745,128,6599
LGA46450,3,41,16,19,19,28,12,28,4,173,3,18,8,11,4,4,3,10,5,58,5,4,0,0,0,0,0,6,3,25,268,879,743,851,1085,946,818,952,131,6673
LGA46510,8,43,25,26,16,8,7,23,5,165,4,22,17,4,3,3,0,7,0,57,4,6,4,3,0,0,3,0,3,28,158,936,625,825,1122,790,445,729,93,5722
LGA46670,3,22,17,16,14,21,8,29,3,130,0,6,13,3,0,4,3,6,3,42,0,11,7,3,4,3,0,9,0,47,148,455,378,528,694,571,369,607,84,3828
LGA46860,4,9,5,3,4,8,0,6,3,48,0,3,3,0,0,0,3,3,0,14,0,4,4,0,0,5,0,3,0,16,43,117,67,67,107,89,51,106,9,658
LGA46970,3,3,0,3,0,4,3,9,0,26,0,0,0,0,0,0,0,0,0,0,0,0,0,0,0,0,0,4,0,4,150,103,162,130,172,192,298,1203,52,2468
LGA47140,54,209,166,135,186,117,87,94,17,1064,9,71,48,30,23,30,14,24,3,262,13,43,14,12,11,17,7,16,12,144,1551,4833,4014,5362,11453,7994,5094,5664,800,46772
LGA47290,6,4,5,5,3,3,3,20,3,59,0,3,6,0,3,3,3,6,0,24,3,3,3,3,0,4,0,0,3,21,35,93,91,110,107,154,65,298,22,971
LGA47490,0,10,5,3,0,6,4,11,0,35,3,3,0,3,0,3,0,8,0,22,0,3,3,0,0,0,0,3,3,17,42,117,93,116,117,140,99,223,38,981
LGA47630,21,19,16,14,17,22,10,40,3,166,9,11,12,11,0,3,9,16,6,67,0,9,4,8,4,5,3,8,7,44,159,357,299,372,616,511,326,706,73,3421
LGA47700,25,187,111,93,72,42,32,61,10,624,15,90,32,18,20,13,6,11,7,219,5,30,9,4,4,0,0,13,0,72,684,4191,2782,3247,3782,2467,1620,2200,333,21308
LGA47800,11,17,14,16,5,17,13,39,6,126,4,14,6,10,4,8,7,16,3,66,5,8,4,0,0,3,0,6,5,32,74,263,193,254,216,248,194,564,42,2037
LGA47910,5,7,5,3,0,4,0,10,0,36,0,3,0,3,0,3,0,8,0,16,0,6,0,3,0,0,0,5,3,19,33,118,77,92,87,129,63,202,16,817
LGA47980,29,182,114,112,78,72,36,70,6,710,15,63,37,18,7,10,12,30,3,199,7,45,10,17,8,3,7,8,9,110,654,2710,2303,2765,3834,2863,1690,2291,260,19370
LGA48050,10,59,41,19,7,9,8,21,4,189,5,28,17,12,4,6,0,8,3,77,0,19,6,4,3,0,5,4,3,41,205,830,688,790,657,466,287,444,85,4450
LGA48130,16,14,18,20,19,9,10,27,3,132,3,16,3,12,4,0,3,15,5,62,4,12,4,4,4,0,3,4,5,38,118,312,255,351,546,376,202,513,65,2745
LGA48260,4,48,24,10,8,14,3,10,0,112,0,14,11,6,0,0,0,0,0,32,0,10,7,0,0,0,0,3,4,26,92,402,335,348,366,276,194,279,35,2332
LGA48340,16,47,24,25,25,26,12,58,0,235,13,23,10,21,3,16,3,21,6,116,3,17,4,10,6,9,0,10,3,75,271,578,405,581,736,686,421,819,76,4579
LGA48410,48,175,157,130,183,142,99,118,7,1060,12,91,51,55,39,27,14,37,18,347,4,54,25,22,14,7,9,17,7,159,1433,4144,3919,5146,10442,7442,4691,5109,630,42959
LGA48540,11,19,19,23,19,11,14,14,4,131,0,14,12,5,4,6,5,4,0,50,0,12,0,0,3,4,0,3,3,26,322,932,832,937,1432,915,673,1003,145,7180
LGA48640,0,0,7,3,3,4,3,16,0,37,0,0,6,0,0,0,0,4,0,12,0,0,0,0,0,0,0,0,0,11,24,58,65,81,64,86,41,193,14,636
LGA48750,8,25,13,8,3,6,3,11,0,86,7,11,9,8,0,7,3,9,0,49,0,10,5,4,0,0,0,12,0,33,70,274,162,196,176,143,79,237,17,1366
LGA48830,20,48,19,34,14,27,5,39,8,206,5,24,14,16,5,15,4,11,0,95,6,23,0,11,3,3,3,15,16,82,173,529,434,484,388,531,312,775,89,3710
LGA49090,0,0,0,0,0,0,0,0,0,0,0,0,0,0,0,0,0,0,0,0,0,0,0,0,0,0,0,0,0,0,0,0,0,0,0,0,0,0,0,0
LGA49399,3,11,5,7,11,9,3,37,3,87,3,0,3,4,3,12,6,9,0,33,0,0,3,0,0,3,0,9,3,14,322,222,195,192,561,573,615,2421,105,5200
LGA49499,92,355,174,169,84,98,49,114,21,1163,24,155,62,48,16,37,3,24,13,375,19,58,22,19,6,18,3,8,24,185,1811,5455,3686,4687,4523,5944,2625,4868,699,34306
LGA49799,0,0,0,0,0,0,0,0,0,0,0,0,0,0,0,0,0,0,0,0,0,0,0,0,0,0,0,0,0,0,14,6,3,3,8,4,5,19,0,64
LGA49898,0,0,0,0,0,0,0,0,0,0,0,0,0,0,0,0,0,0,0,0,0,0,0,0,0,0,0,0,0,0,0,0,0,0,0,0,0,0,0,0
LGA50080,37,164,79,78,71,57,46,84,8,621,13,71,22,28,9,15,6,24,9,194,7,35,18,12,8,18,4,6,19,129,648,2136,1596,2064,2642,2182,1334,1963,245,14812
LGA50210,33,141,65,72,59,53,22,43,3,486,6,53,26,26,12,20,3,12,3,155,3,24,21,10,5,6,4,11,3,79,629,2920,2169,2449,2922,2773,1394,1979,342,17569
LGA50250,32,38,24,27,26,29,28,172,10,391,8,19,13,4,3,9,11,26,9,88,0,17,3,0,3,8,0,7,8,37,2118,1134,953,1064,1501,1771,1795,15783,594,26712
LGA50280,15,51,34,27,18,16,11,44,0,219,8,25,16,10,8,11,8,16,0,94,7,16,11,11,4,3,3,8,8,64,279,958,727,865,818,842,433,796,118,5832
LGA50350,9,35,23,23,29,25,14,24,6,183,0,15,4,3,3,3,4,0,0,42,0,4,7,0,0,3,3,0,0,20,141,583,506,605,1280,1198,692,814,114,5926
LGA50420,41,144,109,99,89,66,33,71,11,670,12,64,40,31,19,21,3,24,5,221,4,31,21,14,5,7,0,7,3,92,579,3262,2528,2511,3615,3354,1604,2361,375,20178
LGA50490,60,129,105,110,163,157,88,144,12,973,19,58,45,31,29,31,18,29,9,270,4,32,27,14,13,13,6,12,11,121,1782,3147,3255,4276,8879,8866,5284,8250,793,44530
LGA50560,3,8,0,5,6,0,3,8,0,43,0,4,3,4,0,0,0,3,0,19,3,5,3,0,4,3,0,5,0,17,19,70,52,64,42,83,29,124,8,493
LGA50630,3,4,3,8,4,4,3,6,4,40,0,3,0,0,0,6,0,5,0,10,0,4,5,0,0,0,0,4,3,19,187,101,97,74,107,185,256,1059,53,2121
LGA50770,5,9,8,9,0,5,0,18,0,58,0,3,4,10,0,0,0,9,3,35,3,0,8,3,0,7,0,0,0,20,44,73,77,81,46,86,40,199,12,656
LGA50840,8,27,12,14,13,10,0,10,0,88,0,15,10,6,0,7,0,7,0,48,0,3,4,0,0,3,0,7,0,24,68,274,205,198,188,214,164,307,43,1663
LGA50910,4,3,0,5,3,0,4,5,3,34,4,4,3,3,0,3,0,4,3,24,3,0,0,0,0,0,0,0,3,8,22,40,43,64,39,51,38,123,14,428
LGA50980,6,21,11,19,22,21,16,34,5,162,7,10,5,0,3,8,3,9,0,45,0,4,3,3,0,4,0,7,0,28,318,444,438,653,1155,1043,631,1688,134,6513
LGA51080,0,0,0,0,0,3,3,9,0,14,0,0,0,0,0,3,0,0,3,8,0,0,0,3,0,0,0,0,0,3,27,35,21,29,22,49,44,130,10,354
LGA51120,0,4,3,3,0,3,4,8,0,25,0,3,0,0,0,0,0,3,0,16,0,3,3,0,0,0,0,3,0,14,11,45,36,37,29,90,34,125,11,412
LGA51190,43,139,76,68,82,68,40,93,9,623,16,47,30,25,13,12,3,15,4,165,5,31,7,6,0,3,0,3,8,66,1053,2527,2189,2635,4265,3727,2413,4412,431,23637
LGA51260,31,143,91,50,34,49,21,61,16,494,14,61,21,14,9,10,3,21,4,159,3,27,12,11,5,11,7,10,9,97,555,2169,1740,2015,2057,2044,1109,1725,243,13651
LGA51310,13,110,83,76,50,49,14,30,9,438,9,60,36,31,11,8,5,13,3,176,4,48,16,20,3,11,7,7,0,113,422,1989,1811,1909,2276,2140,967,1480,191,13193
LGA51330,68,229,198,200,266,210,122,158,16,1477,21,131,77,49,42,41,12,39,7,419,11,57,31,10,17,18,6,18,4,166,1638,5930,4650,4985,11514,11407,6117,7751,941,54937
LGA51400,5,29,16,9,3,8,3,17,4,92,3,11,3,9,3,4,4,5,0,45,0,6,3,0,0,4,0,3,0,16,135,347,257,328,341,398,244,590,74,2721
LGA51470,0,0,0,0,0,0,3,0,0,3,0,0,0,0,0,0,0,0,0,3,0,0,0,0,0,0,0,0,0,0,7,23,11,20,36,39,27,39,4,204
LGA51540,6,9,7,12,4,8,0,20,3,72,0,3,0,3,3,3,0,3,0,23,0,3,3,3,0,0,4,0,0,18,131,167,153,211,327,365,358,645,53,2402
LGA51610,3,0,3,4,3,0,0,3,3,23,3,0,4,0,0,0,3,0,0,14,0,0,3,0,0,0,0,0,0,10,26,48,29,36,40,44,37,109,18,378
LGA51680,4,13,8,0,3,9,0,20,0,68,0,18,13,9,0,3,0,8,0,51,0,5,0,3,0,6,3,4,0,23,54,177,143,128,176,206,156,272,17,1344
LGA51750,3,64,42,46,22,29,6,26,4,239,4,32,22,11,3,7,6,12,7,100,0,40,4,5,0,3,0,3,0,59,195,1351,938,857,993,1002,476,774,97,6679
LGA51820,48,184,137,106,116,127,71,128,14,915,23,83,46,48,19,28,14,31,12,304,8,32,28,8,12,13,9,15,13,143,1389,4638,3662,4145,7745,8831,4743,7809,740,43710
LGA51890,3,18,5,5,3,9,11,9,6,78,0,12,5,3,4,5,4,8,4,45,0,3,3,4,0,0,3,3,0,18,216,434,339,365,567,646,1146,673,101,4490
LGA51960,0,8,0,0,5,4,0,14,0,36,6,0,0,0,0,0,0,0,0,15,0,0,0,3,0,0,0,0,0,6,113,117,100,118,163,206,213,937,34,2006
LGA52030,0,0,3,0,4,4,0,3,0,12,4,0,0,3,0,3,0,4,0,14,0,0,0,0,0,0,0,0,0,5,18,19,30,40,36,52,31,124,12,362
LGA52100,3,0,10,4,3,4,0,9,0,40,0,4,0,0,0,3,0,3,0,9,0,0,0,0,0,0,0,0,3,8,23,46,42,45,46,106,62,143,10,528
LGA52170,4,23,13,13,11,14,7,13,0,95,0,23,5,8,0,9,0,4,0,58,0,14,4,0,4,3,0,6,0,32,66,543,388,362,339,392,197,342,45,2678
LGA52240,3,3,4,3,4,3,5,13,0,35,0,7,0,0,0,0,0,4,0,19,0,3,0,0,0,0,3,0,4,17,25,50,29,47,33,103,49,151,13,504
LGA52310,0,3,0,0,0,3,0,6,0,18,0,3,0,3,0,0,0,3,0,10,3,0,0,4,0,0,0,3,0,10,8,15,5,13,14,37,17,70,8,186
LGA52380,0,0,0,0,0,0,0,0,0,0,0,0,0,0,0,0,0,0,0,0,0,0,0,0,0,0,0,0,0,0,0,8,4,9,9,7,0,34,3,69
LGA52450,3,4,3,3,3,7,0,7,0,36,0,5,3,0,0,0,0,0,0,12,0,0,0,0,0,0,0,0,3,8,26,65,56,61,79,93,62,168,6,609
LGA52520,4,4,8,3,0,8,3,14,0,40,0,5,0,0,0,3,0,3,0,18,0,3,5,3,3,0,0,6,0,23,25,64,53,68,52,150,80,281,15,789
LGA52590,0,17,8,8,3,13,11,19,0,76,3,12,3,3,0,4,0,12,0,39,0,3,0,4,0,3,0,5,0,26,62,164,148,128,141,195,147,415,26,1433
LGA52660,3,28,16,15,3,16,7,16,3,113,0,7,8,4,0,9,0,0,0,29,0,9,4,7,0,4,3,6,0,36,148,573,382,453,390,389,401,516,61,3306
LGA52730,10,34,30,12,14,8,7,19,3,138,3,19,15,8,3,4,0,10,3,56,0,10,6,3,0,5,0,5,0,33,106,382,285,272,183,246,122,259,28,1893
LGA52800,3,10,3,4,10,6,3,14,0,48,0,3,3,0,0,0,0,0,0,7,0,0,0,0,0,0,0,0,0,8,83,96,74,120,267,199,130,394,40,1400
LGA52870,5,30,14,14,0,7,7,27,0,109,3,22,5,7,3,3,3,14,0,62,3,6,4,3,0,0,0,8,0,35,85,265,195,234,175,210,128,328,34,1653
LGA52940,0,4,3,0,0,4,0,5,0,18,0,0,4,0,0,0,0,0,0,8,0,0,0,0,0,0,0,0,0,7,5,27,31,20,15,57,17,99,9,290
LGA53010,3,0,0,0,3,3,0,5,0,26,0,0,0,0,0,0,0,9,0,5,0,0,0,0,0,3,0,3,0,5,10,28,22,22,21,47,34,121,6,313
LGA53080,0,3,0,0,0,0,0,0,3,11,0,0,0,0,0,0,0,0,0,0,0,0,0,0,0,0,0,0,0,6,16,21,14,12,24,41,35,155,8,330
LGA53150,0,21,10,5,10,10,3,3,0,68,0,11,7,3,0,3,0,3,3,24,0,5,0,0,0,0,0,0,0,15,53,328,233,243,255,294,141,216,23,1792
LGA53220,18,11,16,12,13,16,11,88,6,193,3,5,12,3,3,0,4,6,3,43,0,5,0,0,0,0,3,3,3,13,1003,520,413,396,788,738,1136,7552,300,12850
LGA53290,6,24,20,21,11,17,7,33,6,150,6,19,4,6,3,0,3,14,3,67,0,15,9,3,0,5,0,10,0,44,285,575,413,538,675,728,541,1418,114,5287
LGA53360,0,6,3,3,0,3,0,8,0,20,3,3,0,0,0,0,0,0,0,6,0,5,0,0,0,0,0,0,0,5,53,101,76,104,141,164,101,245,18,1000
LGA53430,59,184,143,113,113,102,55,78,11,854,15,108,40,28,18,20,13,27,6,266,8,49,18,18,3,10,6,7,7,127,968,3289,2914,2813,4648,4585,2352,3336,417,25331
LGA53570,3,15,19,8,4,5,4,25,3,86,7,17,7,9,3,9,0,11,0,64,4,12,13,4,0,4,3,3,0,49,76,242,201,206,204,330,183,439,48,1912
LGA53640,0,5,3,0,3,6,5,5,0,34,3,3,3,0,0,3,3,3,0,20,0,0,0,0,0,0,0,0,0,7,20,62,55,52,50,122,73,199,10,645
LGA53710,0,6,4,6,0,0,0,4,0,22,0,3,0,0,0,0,0,3,0,9,0,4,3,3,0,3,0,3,0,17,20,42,45,39,36,62,18,84,9,356
LGA53780,45,154,140,101,99,92,47,68,3,753,11,68,53,28,28,25,13,13,6,254,6,34,18,12,7,10,4,4,4,102,791,3568,2841,2913,4521,4133,2016,3107,452,24345
LGA53800,32,72,53,43,49,61,37,85,12,449,14,45,20,25,7,13,9,24,8,168,3,14,13,12,9,6,7,14,6,78,832,1685,1369,1826,2706,2694,1628,3596,325,16650
LGA53920,0,3,0,0,0,0,0,3,0,5,0,0,0,0,0,0,0,0,0,3,0,0,0,0,0,0,0,0,0,0,11,31,23,28,52,35,27,87,10,298
LGA53990,14,49,30,25,6,25,12,29,9,197,3,20,19,13,3,3,7,20,0,83,7,15,7,8,4,4,0,3,3,49,278,899,669,822,875,1036,749,1187,120,6627
LGA54060,8,13,6,4,3,3,0,5,3,37,0,11,0,0,0,0,0,7,0,18,0,4,3,4,0,0,0,0,0,12,65,150,80,133,112,129,88,252,20,1037
LGA54130,3,7,3,3,0,3,0,10,0,31,0,3,0,3,0,3,0,3,0,13,0,3,0,0,0,0,0,3,3,15,29,65,35,62,35,92,52,200,13,583
LGA54170,59,403,251,158,128,110,65,84,14,1271,14,189,85,48,17,21,9,12,10,398,11,60,30,19,8,8,0,6,8,156,1571,9489,6700,6724,7488,6316,2876,4098,751,46015
LGA54200,35,105,84,69,39,69,33,56,11,497,8,64,30,21,8,10,20,22,6,191,0,43,19,13,5,4,3,0,0,97,402,2210,1517,1651,2317,2428,1461,2206,253,14453
LGA54280,17,38,22,26,35,41,28,51,10,270,3,16,12,8,6,10,3,26,0,86,0,11,0,0,5,4,3,6,5,35,669,1042,768,1087,1749,2007,1620,4280,267,13484
LGA54310,17,19,8,13,18,15,12,62,10,173,0,3,8,0,3,5,0,11,0,45,0,11,3,0,3,0,3,3,0,24,721,672,490,682,1055,1327,1317,4152,207,10634
LGA54340,4,11,14,9,3,7,3,6,0,54,0,10,3,3,0,12,0,6,3,34,5,3,0,3,0,3,3,3,0,14,69,175,146,204,378,340,194,282,36,1825
LGA54410,3,0,5,3,0,4,0,9,0,23,0,3,0,3,0,3,0,8,0,17,0,4,0,3,0,0,0,0,0,6,17,41,47,66,46,57,22,112,13,429
LGA54480,0,5,4,0,0,0,0,7,0,17,0,3,0,0,0,0,3,4,0,8,0,0,0,3,0,0,0,7,0,10,4,25,18,22,17,31,31,121,6,282
LGA54550,3,6,7,5,0,10,4,17,0,55,0,4,0,4,5,5,0,12,3,29,3,3,3,3,3,3,0,6,3,29,51,89,83,103,81,165,72,280,21,946
LGA54620,0,4,3,0,0,5,5,7,0,31,0,3,3,0,0,0,0,3,0,19,0,4,3,0,0,3,0,5,0,23,21,47,42,41,52,66,92,330,15,696
LGA54690,0,4,0,0,0,3,0,3,0,7,0,0,0,0,0,0,0,0,0,3,0,3,0,0,0,3,0,0,0,9,5,16,9,13,13,33,19,67,4,177
LGA54760,0,0,0,6,0,8,3,11,3,27,0,3,3,0,3,0,0,3,0,15,0,0,0,0,0,0,0,3,0,6,19,26,20,32,25,50,39,162,4,384
LGA54830,13,35,31,20,41,39,37,32,4,259,5,24,16,6,12,18,3,10,5,91,0,10,8,0,0,3,0,3,0,31,508,1037,920,1037,2504,2528,1813,2467,198,13009
LGA54900,9,5,3,3,0,3,5,17,3,45,4,0,3,0,0,3,0,7,3,16,0,4,4,0,0,6,0,4,0,17,34,53,60,72,38,139,80,264,22,764
LGA54970,4,3,0,0,6,4,4,21,3,45,0,3,0,0,0,0,0,5,0,9,0,0,0,0,0,0,0,0,0,0,192,92,79,75,153,124,251,1245,44,2257
LGA55040,3,0,0,0,0,0,6,12,0,30,0,0,3,3,0,0,0,3,0,14,0,0,0,0,0,0,0,3,0,3,129,92,90,94,140,136,196,1097,42,2020
LGA55110,33,178,128,88,61,53,22,58,8,622,19,78,33,19,11,14,9,6,8,199,9,59,21,16,5,3,0,4,7,123,784,3708,2911,3244,3551,2956,1450,2266,384,21254
LGA55180,11,38,33,21,21,24,15,44,0,202,11,28,7,11,3,12,3,17,4,100,5,12,6,16,4,8,0,10,10,67,230,510,448,505,576,725,334,719,80,4125
LGA55250,0,0,0,0,3,3,0,8,0,12,0,0,0,0,0,0,0,0,0,4,0,0,0,0,0,0,0,0,0,0,72,38,30,37,82,62,91,588,21,1030
LGA55320,54,291,246,153,115,110,54,113,18,1156,18,145,76,43,20,28,10,35,10,393,8,82,41,14,13,8,3,16,16,204,1433,6686,5244,5247,7264,6393,2850,4282,603,40001
LGA55390,0,0,0,0,0,0,0,3,0,6,0,0,0,0,0,0,0,0,0,0,0,0,0,0,0,0,0,0,0,0,32,18,18,19,48,25,67,287,13,530
LGA55460,3,9,8,5,9,3,11,12,0,57,0,6,3,4,0,4,0,11,0,33,0,3,0,4,5,3,3,7,0,23,78,142,121,154,243,267,173,283,27,1481
LGA55530,0,3,0,0,3,3,0,3,0,11,0,4,3,0,0,0,0,0,0,7,0,0,0,0,0,0,0,0,3,3,3,18,13,20,18,26,9,60,10,172
LGA55600,4,8,8,7,6,14,0,18,0,63,5,14,4,8,0,8,0,5,0,38,0,8,5,3,0,3,0,4,0,28,49,120,101,115,120,231,115,280,28,1157
LGA55670,0,0,3,0,0,5,0,4,0,4,4,0,0,3,0,0,0,0,0,9,0,0,0,0,0,0,0,0,0,5,14,19,26,24,29,46,21,72,6,255
LGA55740,3,31,11,9,10,5,4,8,0,86,0,20,5,10,3,3,0,5,0,42,0,13,9,0,0,0,0,0,0,26,61,469,362,332,372,328,163,263,50,2397
LGA55810,4,0,0,0,0,0,0,3,0,9,0,0,0,0,0,0,0,0,0,0,0,0,0,0,0,0,0,0,0,0,20,13,0,17,14,30,19,90,9,213
LGA55880,0,3,0,0,3,0,0,8,0,14,0,3,0,0,0,0,0,3,0,7,0,3,0,3,0,3,0,0,0,11,14,27,20,22,21,41,32,103,12,278
LGA55950,0,0,0,0,0,0,0,8,0,11,0,0,7,0,3,0,0,3,0,13,0,0,0,0,0,0,0,3,0,8,3,25,17,14,14,49,26,91,7,255
LGA56090,21,102,76,35,18,48,23,35,6,359,3,44,20,21,5,18,0,4,3,130,3,30,16,4,0,0,3,3,3,69,301,1437,1058,1046,1264,1563,814,1146,164,8788
LGA56160,0,4,0,0,0,0,0,0,0,7,0,0,0,0,0,0,0,0,0,0,0,0,0,0,0,0,0,0,0,0,0,3,3,3,6,6,0,15,0,40
LGA56230,14,41,31,25,25,14,9,24,0,182,3,13,10,5,6,4,0,5,3,53,0,9,11,10,3,4,0,8,3,46,216,647,528,508,1316,716,509,871,96,5415
LGA56300,3,10,10,5,0,7,0,5,0,44,0,3,3,4,0,0,0,3,3,21,0,3,3,0,0,3,0,0,0,10,17,71,60,54,66,77,35,85,13,470
LGA56370,0,0,0,0,0,4,0,7,0,14,0,3,0,0,0,3,0,3,0,12,0,3,3,0,0,0,0,5,0,11,17,37,29,38,28,76,41,129,13,395
LGA56460,10,19,11,6,6,16,9,19,0,106,0,13,19,3,0,6,0,4,6,49,4,9,3,6,3,0,0,3,3,26,143,253,238,264,357,410,240,385,45,2339
LGA56580,40,160,125,65,108,90,32,74,9,693,9,71,47,37,16,21,10,22,5,236,9,52,19,14,5,8,4,9,3,116,884,2260,2396,2526,4134,3853,1642,2403,279,20379
LGA56620,0,0,0,0,0,0,0,0,0,7,0,0,0,0,0,0,0,0,0,3,0,0,0,0,0,0,0,0,0,0,13,27,26,58,28,36,10,23,12,231
LGA56730,10,41,26,17,20,24,22,29,0,183,3,19,13,10,5,3,5,13,0,73,3,11,3,8,0,8,0,5,3,33,169,463,434,500,824,746,539,606,76,4361
LGA56790,3,8,3,8,0,6,3,7,0,40,3,3,5,0,0,0,4,7,0,26,0,3,3,0,0,0,0,3,0,12,41,75,71,90,83,109,82,247,9,811
LGA56860,0,0,0,0,0,0,0,0,0,4,0,0,0,0,0,0,0,0,0,3,0,0,0,0,0,0,0,0,0,0,0,8,3,8,11,7,3,28,0,71
LGA56930,0,8,11,6,0,3,0,3,0,41,0,8,3,0,0,4,0,0,0,12,0,5,0,3,0,0,0,0,0,16,35,223,156,136,142,173,115,139,21,1130
LGA57000,0,0,3,0,0,0,3,14,0,20,0,3,0,0,0,0,0,11,0,9,0,0,0,0,0,0,0,3,0,3,56,39,23,23,37,53,79,515,20,846
LGA57080,127,306,347,288,496,417,187,275,40,2476,38,164,98,75,84,83,32,65,15,659,14,73,52,30,21,30,13,17,23,279,5125,7311,10000,9721,27213,32431,14552,20174,1720,128253
LGA57140,0,6,3,0,0,3,0,3,0,21,0,4,0,3,4,0,0,0,0,17,0,0,3,0,0,0,0,0,0,4,13,51,40,28,32,61,16,89,7,340
LGA57210,7,25,17,15,8,10,7,25,3,106,5,11,7,9,3,0,3,8,0,51,3,7,7,8,3,7,0,3,5,44,102,263,193,235,214,329,256,387,45,2019
LGA57280,6,11,10,14,12,16,9,37,0,96,3,3,3,0,0,4,3,4,0,20,0,6,0,0,0,3,0,6,0,16,394,360,333,471,757,759,633,2422,154,6286
LGA57350,0,0,0,0,0,0,0,8,0,16,3,3,4,0,0,0,0,0,0,9,3,0,3,0,0,0,0,3,0,8,26,41,41,30,24,53,36,98,14,355
LGA57420,4,3,0,0,0,3,0,10,0,23,3,6,0,7,0,0,0,12,0,21,0,0,0,0,0,0,0,0,0,6,35,47,41,43,49,63,44,219,17,559
LGA57490,25,167,95,71,67,57,32,54,5,572,9,73,33,14,17,11,4,15,3,185,3,43,20,5,9,5,4,7,10,97,1141,4995,3683,3856,5002,4605,2686,3618,499,30091
LGA57630,0,0,0,0,0,0,0,0,0,3,0,0,0,0,0,0,0,0,0,0,0,0,0,0,0,0,0,0,0,0,3,5,3,0,0,3,3,7,0,22
LGA57700,10,34,28,7,13,14,8,22,0,138,7,21,5,11,0,5,9,10,3,69,0,12,7,7,3,3,0,6,3,32,180,670,475,564,624,771,445,780,70,4569
LGA57770,0,0,4,0,0,0,3,5,0,16,0,0,0,0,0,0,0,0,3,0,0,0,0,0,0,0,0,0,0,0,8,31,8,31,44,44,22,109,8,305
LGA57840,19,142,87,64,52,45,24,53,7,486,13,68,33,19,10,10,4,10,4,174,9,28,14,3,0,7,3,3,3,66,424,2113,1699,1608,2270,2065,1016,1522,198,12914
LGA57910,97,560,392,307,283,254,139,222,32,2286,44,280,160,92,57,76,34,47,13,811,20,177,72,32,19,33,12,17,22,405,2293,10255,8463,8604,14480,14095,6746,9262,1189,75381
LGA57980,20,163,126,99,92,88,49,94,12,749,11,84,50,42,16,22,15,11,4,267,4,54,22,14,5,12,4,8,7,130,1137,3514,3062,2977,4841,5360,2432,4069,405,27793
LGA58050,69,223,205,176,192,203,89,175,19,1353,19,148,89,63,36,43,19,71,15,501,14,59,29,26,5,17,5,22,10,186,1819,6610,5374,5765,11066,10765,5488,8559,923,56371
LGA58190,0,0,0,0,0,0,0,3,0,8,0,0,0,0,0,0,0,0,3,3,0,0,0,0,0,3,0,0,0,3,5,12,15,22,20,29,17,46,3,170
LGA58260,0,0,0,0,0,4,0,0,0,9,0,0,0,0,0,0,0,0,0,0,0,0,0,0,0,0,0,0,0,0,8,18,10,9,9,29,8,26,0,119
LGA58330,7,17,13,10,0,5,3,12,3,68,0,14,3,0,0,3,3,10,0,30,0,4,0,3,0,4,5,0,0,18,46,151,120,100,71,109,70,161,17,858
LGA58400,3,3,0,0,0,0,0,3,0,10,0,3,3,0,0,0,0,0,0,12,0,0,0,0,0,0,0,0,0,3,9,8,20,7,6,24,11,50,3,154
LGA58470,0,0,0,0,0,0,0,0,0,5,0,0,0,0,0,0,0,0,0,0,0,0,0,0,0,0,0,0,0,0,0,7,3,9,3,5,3,11,0,40
LGA58510,38,128,135,84,110,98,41,90,6,725,12,67,30,31,23,16,8,21,5,222,7,18,14,9,6,9,7,7,0,79,884,3052,2974,3051,5779,5542,2477,3681,463,27910
LGA58540,0,7,5,5,0,0,4,5,0,34,4,4,0,3,0,3,0,3,0,19,0,0,0,0,0,0,0,4,0,12,20,42,39,41,38,64,55,180,3,475
LGA58570,25,126,97,75,77,72,45,70,8,595,10,50,37,23,20,27,12,11,4,192,3,41,8,17,5,7,3,3,4,92,668,2541,2414,2249,3792,4126,1993,2770,305,20856
LGA58610,3,9,3,10,4,5,3,8,0,41,3,5,0,3,3,0,0,0,0,20,0,5,3,0,0,0,0,3,3,13,35,92,61,82,47,135,68,154,13,688
LGA58680,0,0,4,0,0,3,0,3,0,10,0,0,0,0,0,0,0,0,0,4,0,0,0,3,0,0,0,0,0,12,12,10,8,16,12,29,14,61,0,157
LGA58760,55,197,178,134,121,124,55,136,21,1028,7,86,61,47,25,32,8,37,10,319,12,53,28,15,9,21,5,9,8,142,1346,6383,4712,5191,7791,7839,3756,6328,769,44105
LGA58820,10,6,4,7,9,7,3,17,0,61,0,3,0,0,0,6,3,6,0,22,0,0,3,0,3,3,0,0,3,17,123,109,131,133,559,317,268,433,36,2111
LGA58890,0,9,3,3,0,3,0,4,0,26,0,3,3,3,0,3,0,6,0,18,4,3,0,0,0,0,0,6,0,24,12,56,46,34,26,42,29,124,5,380
LGA59030,0,0,0,0,0,0,0,3,0,6,0,0,0,3,0,0,0,3,0,7,0,0,0,3,0,0,0,0,0,6,11,10,7,7,15,17,47,163,7,290
LGA59090,0,0,0,0,0,0,0,0,0,0,0,0,0,0,0,0,0,0,0,0,0,0,0,0,0,0,0,0,0,0,0,0,0,0,0,0,0,0,0,0
LGA59100,3,6,0,4,0,4,0,4,0,26,0,3,0,5,0,0,0,3,0,12,0,3,0,0,0,0,0,3,0,9,15,48,22,25,26,33,23,99,8,296
LGA59170,3,8,5,3,4,3,3,3,0,28,3,3,3,0,3,7,0,7,0,24,0,3,3,3,0,0,0,0,0,16,21,44,47,44,31,60,41,162,8,456
LGA59250,0,0,0,0,0,0,4,10,0,19,0,0,3,0,0,0,0,0,0,3,0,0,0,0,0,0,0,0,0,0,69,16,32,30,45,26,55,502,9,787
LGA59310,0,4,7,3,0,6,3,3,0,34,0,3,0,0,0,0,0,3,3,13,0,6,0,0,0,0,0,4,0,14,25,79,53,75,48,134,96,163,16,688
LGA59320,0,0,3,0,0,0,0,3,0,4,3,0,0,0,0,0,0,0,0,4,0,0,0,0,0,0,0,0,0,3,27,13,18,16,21,20,12,68,4,190
LGA59330,0,0,0,3,0,0,0,0,0,9,0,3,5,0,0,3,0,3,0,10,0,5,3,0,0,0,0,0,0,9,9,29,17,26,19,27,15,66,4,212
LGA59340,4,7,8,8,9,8,5,12,0,63,3,3,4,0,3,3,5,4,0,23,0,0,0,4,0,3,0,3,0,14,191,157,134,224,384,443,300,977,59,2867
LGA59350,0,0,0,0,0,0,0,3,0,9,0,0,0,0,0,0,0,4,0,5,0,0,0,3,0,0,0,0,0,3,45,32,17,21,26,38,27,266,8,495
LGA59360,0,3,0,3,3,4,0,21,0,43,0,0,0,0,0,0,0,7,0,12,0,3,0,0,0,0,0,0,0,12,80,64,52,60,81,69,61,794,36,1290
LGA59370,3,15,3,13,6,7,7,17,0,71,0,10,3,0,0,5,0,11,0,30,0,7,3,3,0,0,0,3,0,14,36,178,110,149,102,133,84,223,18,1029
LGA59499,151,420,248,209,103,133,71,182,30,1547,48,170,67,61,28,33,15,41,12,474,37,63,40,19,8,15,3,17,22,229,3494,7379,5206,6234,5877,9732,4125,11072,1251,54378
LGA59799,0,0,0,0,0,0,0,9,0,17,0,0,0,0,0,0,0,0,0,3,0,0,0,0,0,0,0,0,0,4,169,39,16,21,31,37,35,1225,31,1595
LGA59898,0,0,0,0,0,0,0,0,0,0,0,0,0,0,0,0,0,0,0,0,0,0,0,0,0,0,0,0,0,0,0,0,0,0,0,0,0,0,0,0
LGA60210,4,30,13,9,3,3,0,12,5,73,3,9,6,3,0,4,3,8,0,36,3,4,7,0,0,3,0,3,0,17,92,315,220,258,235,216,120,203,33,1700
LGA60410,3,14,4,8,9,18,0,8,3,75,0,8,4,5,7,5,0,0,0,26,3,6,0,0,0,3,0,0,3,12,120,365,269,319,526,495,267,388,46,2792
LGA60610,11,60,27,24,40,36,10,20,0,241,3,23,16,7,9,8,3,14,5,84,0,10,4,13,0,3,3,3,9,47,404,1279,1137,1355,2223,1576,893,1260,173,10298
LGA60810,13,34,38,21,14,23,11,26,11,186,7,18,16,6,6,5,4,8,10,70,0,13,7,6,3,5,0,5,6,55,256,851,686,775,876,892,498,700,110,5661
LGA61010,0,3,10,5,3,3,3,7,0,38,0,5,0,3,0,0,0,6,0,26,0,0,3,4,0,0,0,3,0,15,35,63,74,67,88,125,55,150,28,681
LGA61210,7,18,20,17,18,11,6,26,0,117,3,8,7,7,6,3,3,9,0,46,4,6,3,4,0,7,3,5,5,41,171,398,376,404,620,554,349,667,69,3604
LGA61410,30,115,80,65,56,36,17,49,7,457,9,69,25,18,6,16,4,12,4,152,0,33,13,13,3,4,0,6,12,88,614,2242,1765,2118,3154,2478,1229,1584,220,15404
LGA61510,3,20,9,13,11,9,3,13,3,87,0,10,5,0,3,0,0,5,0,31,0,3,0,3,3,0,0,0,3,22,100,311,261,316,369,336,241,329,61,2314
LGA61610,21,90,41,33,35,35,24,38,6,318,3,40,17,10,0,9,5,3,9,103,3,17,16,4,3,3,0,9,8,57,574,1607,1278,1524,2316,1715,1047,1350,205,11619
LGA61810,3,15,9,12,7,14,0,23,0,86,0,10,3,3,0,7,0,5,0,28,3,5,3,3,0,0,0,4,0,29,89,295,218,229,283,266,151,403,43,1974
LGA62010,0,7,8,3,0,0,3,3,0,28,0,0,6,0,0,0,3,0,0,12,0,4,3,0,0,0,0,0,0,11,14,49,44,56,39,61,27,58,15,357
LGA62210,4,6,7,3,14,10,5,12,0,65,0,13,0,6,0,4,0,3,0,29,3,3,3,0,0,0,0,6,3,22,98,212,236,260,424,426,404,352,54,2474
LGA62410,9,27,6,13,4,7,3,7,3,75,0,8,11,8,3,4,0,7,3,39,0,10,5,3,0,3,0,0,3,24,90,255,151,211,209,185,104,213,42,1462
LGA62610,14,118,87,60,59,58,26,49,11,475,13,53,31,13,8,18,4,12,4,151,5,17,13,6,6,3,4,5,12,79,653,2112,1850,2294,4117,3365,1930,2068,365,18742
LGA62810,61,345,213,180,197,136,72,145,19,1362,22,143,58,40,33,27,19,34,9,394,8,85,27,18,14,10,10,11,19,204,2200,6195,5690,7107,11978,7745,4268,5506,652,51337
LGA63010,9,48,22,34,18,22,0,23,3,183,6,30,5,3,5,5,5,3,3,73,3,13,4,6,3,3,3,6,4,43,154,654,517,606,626,726,308,570,100,4258
LGA63210,5,15,11,4,5,4,0,14,0,63,0,6,8,3,0,3,0,3,0,23,0,3,0,4,0,3,3,4,0,24,82,213,150,151,158,174,130,252,25,1341
LGA63410,9,7,3,6,4,0,0,12,0,41,0,3,0,0,0,0,0,0,0,6,0,7,8,0,4,0,3,0,0,19,54,75,55,91,113,133,73,158,12,766
LGA63610,7,106,67,21,27,29,12,27,10,299,11,39,17,11,6,9,3,12,5,110,3,26,10,11,0,0,4,3,4,60,331,1612,1089,1202,1337,1234,678,978,137,8594
LGA63810,11,35,21,18,10,18,3,18,3,129,3,17,6,16,0,11,0,6,4,63,0,4,3,3,6,3,3,5,4,31,165,402,427,542,584,511,262,439,64,3403
LGA64010,54,220,154,127,110,94,46,83,20,920,15,104,38,35,20,23,11,30,10,289,9,74,18,8,9,10,0,9,10,153,1323,4276,3819,4593,7208,5160,2711,3640,539,33266
LGA64210,19,52,29,18,15,25,6,44,13,223,3,26,19,6,3,13,5,17,4,96,0,10,7,12,4,3,0,18,0,55,244,724,656,744,896,827,456,854,104,5503
LGA64610,9,43,33,24,12,10,17,35,8,188,0,25,11,12,5,8,3,12,0,67,6,15,9,5,0,4,9,8,5,64,177,496,424,654,984,757,478,748,79,4797
LGA64810,5,28,11,8,12,6,8,17,5,95,3,17,7,5,3,5,0,4,0,36,0,11,0,3,0,0,3,3,0,24,115,483,350,362,366,373,153,289,42,2533
LGA65010,3,12,4,8,3,7,4,14,5,63,0,8,3,0,0,7,0,13,0,40,3,5,7,3,0,5,0,3,0,25,40,141,128,153,122,144,80,259,23,1090
LGA65210,3,8,5,7,3,4,3,5,0,46,0,4,0,3,0,0,3,3,0,22,0,0,0,0,0,0,3,0,0,12,41,135,90,109,87,75,50,92,16,704
LGA65410,6,24,16,13,3,6,6,24,0,109,3,12,9,7,0,3,0,8,5,46,0,10,0,8,0,0,3,4,3,26,163,525,441,438,581,493,387,700,80,3819
LGA65610,3,11,6,4,3,0,3,17,0,47,4,3,3,0,0,0,0,0,0,18,0,0,0,0,0,0,0,0,3,11,107,205,152,155,208,187,292,540,53,1907
LGA65810,18,41,25,23,20,16,5,14,5,166,0,22,16,8,5,5,3,5,0,70,3,12,6,5,0,0,0,0,0,33,198,680,510,523,572,491,274,451,67,3769
LGA69090,0,0,0,0,0,0,0,0,0,0,0,0,0,0,0,0,0,0,0,0,0,0,0,0,0,0,0,0,0,0,0,0,0,0,0,0,0,0,0,0
LGA69499,24,83,51,32,13,25,7,29,6,278,7,22,17,15,3,5,0,7,13,85,4,20,7,3,4,3,0,3,7,54,518,1454,963,1119,1132,1649,727,1317,250,9132
LGA69799,0,0,0,0,0,0,0,0,0,0,0,0,0,0,0,0,0,0,0,0,0,0,0,0,0,0,0,0,0,0,5,6,3,0,3,3,3,28,0,55
LGA69898,0,0,0,0,0,0,0,0,0,0,0,0,0,0,0,0,0,0,0,0,0,0,0,0,0,0,0,0,0,0,0,0,0,0,0,0,0,0,0,0
LGA70200,22,37,34,36,59,56,28,62,9,348,4,21,16,17,14,9,8,19,4,109,3,12,10,8,0,3,3,11,0,43,486,779,679,1065,3182,2289,1203,1982,222,11881
LGA70420,0,4,6,3,18,11,3,16,3,67,0,3,0,0,0,4,3,8,0,17,0,0,0,0,0,0,3,0,0,6,84,104,98,190,478,318,123,554,69,2006
LGA70540,0,0,0,0,0,0,0,0,0,0,0,0,0,0,0,0,0,0,0,0,0,0,0,0,0,0,0,0,0,0,0,0,5,3,5,3,0,6,3,29
LGA70620,4,0,0,0,6,0,0,15,0,31,0,0,0,0,0,0,0,0,0,10,0,0,0,0,0,0,0,3,0,4,98,64,63,122,216,133,86,409,27,1215
LGA70700,0,3,9,3,4,4,0,8,0,28,0,0,0,0,3,3,0,0,3,8,0,0,0,0,0,0,0,3,0,7,21,38,36,45,104,138,45,154,22,607
LGA71000,55,123,105,114,244,205,63,191,21,1131,23,72,30,36,47,42,23,42,11,324,7,36,12,21,16,13,7,19,7,142,1849,3073,3143,3989,11081,9145,4774,7909,1001,45963
LGA71300,4,3,3,8,11,10,3,12,4,56,0,5,3,5,3,0,0,5,0,19,0,0,0,0,3,0,0,3,3,7,171,146,219,295,448,448,270,795,142,2933
LGA72200,6,14,25,8,27,23,9,22,0,140,4,14,0,0,15,5,5,12,0,53,0,5,0,3,3,0,0,4,0,22,190,258,206,303,991,819,478,1047,78,4376
LGA72300,17,30,26,28,39,28,25,88,5,295,0,11,9,4,13,12,7,20,3,82,3,11,0,3,4,7,0,8,0,34,905,626,568,687,1785,2239,1494,7014,345,15659
LGA72330,4,7,6,4,18,15,3,21,0,77,0,5,0,3,3,3,0,4,0,18,0,3,0,0,3,0,3,0,0,10,133,107,152,161,468,496,269,554,90,2422
LGA72800,3,25,9,25,22,12,6,19,3,132,0,7,4,6,9,11,3,7,0,45,0,3,0,3,0,3,0,0,0,18,291,713,575,761,1636,1278,706,1280,155,7396
LGA73600,0,6,3,0,7,9,3,15,0,47,0,3,5,0,4,0,0,3,3,15,0,3,0,0,0,0,0,0,3,6,62,124,88,114,262,201,96,443,143,1539
LGA74050,0,0,0,0,0,3,0,0,0,13,0,0,0,0,0,0,0,0,0,3,0,0,0,0,0,0,0,0,0,5,17,115,28,65,112,71,31,84,38,567
LGA74550,0,0,3,0,3,3,4,7,0,22,0,0,0,3,0,3,0,0,0,4,0,3,0,0,0,0,0,0,0,6,16,60,46,58,111,105,49,197,33,678
LGA74560,0,0,0,0,0,0,0,0,0,4,0,0,0,0,0,0,0,0,0,0,0,0,0,0,0,0,0,0,0,0,5,11,6,3,3,5,8,6,3,46
LGA74660,0,0,3,4,3,7,0,6,3,28,3,3,0,0,0,4,0,0,0,6,0,0,0,0,0,0,0,0,3,8,73,84,94,87,357,287,95,316,110,1505
LGA74680,0,0,0,0,0,0,3,6,0,18,0,0,0,0,0,0,0,3,0,3,0,0,0,0,0,0,0,0,0,3,25,29,36,57,174,118,39,123,23,620
LGA79090,0,0,0,0,0,0,0,0,0,0,0,0,0,0,0,0,0,0,0,0,0,0,0,0,0,0,0,0,0,0,0,0,0,0,0,0,0,0,0,0
LGA79399,16,10,3,10,22,11,8,45,4,127,3,4,0,0,8,3,4,12,0,35,0,3,0,0,3,0,0,0,0,9,321,296,257,341,949,1304,644,2288,126,6534
LGA79499,12,18,10,3,6,16,4,22,3,98,7,12,4,0,3,0,6,4,0,29,4,0,0,3,0,4,0,3,0,20,334,295,225,297,358,561,299,1194,109,3674
LGA79799,0,0,0,0,0,0,0,0,0,3,0,0,0,0,0,0,0,0,0,0,0,0,0,0,0,0,0,0,0,0,9,0,3,3,4,4,7,60,3,91
LGA79898,0,0,0,0,0,0,0,0,0,0,0,0,0,0,0,0,0,0,0,0,0,0,0,0,0,0,0,0,0,0,0,0,0,0,0,0,0,0,0,0
LGA89090,0,0,0,0,0,0,0,0,0,0,0,0,0,0,0,0,0,0,0,0,0,0,0,0,0,0,0,0,0,0,0,0,0,0,0,0,0,0,0,0
LGA89399,273,908,618,568,737,663,311,543,65,4678,76,413,232,171,149,149,71,136,38,1437,46,250,80,66,49,60,17,46,54,665,9400,20815,17212,21208,51430,44855,23313,29131,3273,220639
LGA89499,12,54,30,31,17,31,12,12,0,199,4,22,6,4,0,3,4,4,5,53,4,15,3,0,0,0,0,0,4,32,317,1019,574,659,860,1521,641,1078,157,6817
LGA89799,0,0,0,0,0,0,0,0,0,0,0,0,0,0,0,0,0,0,0,0,0,0,0,0,0,0,0,0,0,0,0,0,0,0,0,0,0,0,0,0
LGA89898,0,0,0,0,0,0,0,0,0,0,0,0,0,0,0,0,0,0,0,0,0,0,0,0,0,0,0,0,0,0,0,0,0,0,0,0,0,0,0,0
LGA99090,0,0,0,0,0,0,0,0,0,0,0,0,0,0,0,0,0,0,0,0,0,0,0,0,0,0,0,0,0,0,0,0,0,0,0,0,0,0,0,0
LGA99399,7,24,9,20,36,24,14,30,6,167,0,13,4,0,10,7,5,7,0,54,0,11,3,5,0,0,0,10,3,35,168,227,177,244,591,410,319,476,75,2692
LGA99499,3,0,0,0,0,0,0,0,0,3,0,0,0,0,0,0,0,0,0,0,0,0,0,0,0,0,0,0,0,0,31,8,6,7,4,22,4,31,6,118
LGA99799,0,0,0,0,0,0,0,0,0,0,0,0,0,0,0,0,0,0,0,0,0,0,0,0,0,0,0,0,0,0,0,0,0,0,0,0,0,0,0,0
LGA99898,0,0,0,0,0,0,0,0,0,0,0,0,0,0,0,0,0,0,0,0,0,0,0,0,0,0,0,0,0,0,0,0,0,0,0,0,0,0,0,0