LGA_CODE_2016,P_OthSvs_H_0,P_OthSvs_H_1_15,P_OthSvs_H_16_24,P_OthSvs_H_25_34,P_OthSvs_H_35_39,P_OthSvs_H_40,P_OthSvs_H_41_48,P_OthSvs_H_49_more,P_OthSvs_H_NS,P_OthSvs_H_Tot,P_IDNS_H_0,P_IDNS_H_1_15,P_IDNS_H_16_24,P_IDNS_H_25_34,P_IDNS_H_35_39,P_IDNS_H_40,P_IDNS_H_41_48,P_IDNS_H_49_more,P_IDNS_H_NS,P_IDNS_H_Tot,P_Tot_H_0,P_Tot_H_1_15,P_Tot_H_16_24,P_Tot_H_25_34,P_Tot_H_35_39,P_Tot_H_40,P_Tot_H_41_48,P_Tot_H_49_more,P_Tot_H_NS,P_Tot_H_Tot
LGA10050,32,138,120,117,207,195,113,141,17,1073,41,90,55,69,163,146,48,103,190,903,970,3114,2598,3409,4962,3909,2389,3045,424,24820
LGA10130,18,55,38,36,99,63,49,61,6,432,16,45,24,28,53,41,27,38,91,360,496,1834,1356,1592,2772,1818,1046,1951,252,13113
LGA10250,18,73,67,70,105,93,39,69,9,534,22,76,53,69,87,65,24,57,138,591,486,2078,1898,2356,2837,2082,1047,1863,291,14940
LGA10300,0,0,3,6,7,7,4,3,0,23,3,3,0,4,8,7,0,3,8,41,28,72,85,113,133,127,58,200,25,844
LGA10470,10,96,62,63,152,120,64,112,4,688,36,61,43,61,99,85,23,76,135,609,676,2240,1724,1964,3664,2924,1439,2426,332,17376
LGA10550,9,53,43,42,81,77,40,64,5,426,16,45,35,44,52,46,22,53,111,427,533,1745,1391,1788,2095,1658,939,1558,245,11960
LGA10600,4,22,11,22,20,16,16,19,0,125,5,26,17,17,20,17,6,18,30,164,143,592,467,594,543,445,234,524,82,3625
LGA10650,3,15,13,12,11,12,16,28,0,108,5,11,0,11,21,17,10,11,33,117,124,355,282,322,364,381,196,611,80,2709
LGA10750,90,413,384,380,875,883,407,686,56,4177,142,459,485,509,1404,1319,446,748,1241,6765,2883,10285,9870,10573,23900,21844,9728,15561,2500,107142
LGA10800,0,15,7,9,28,18,7,21,0,101,3,6,3,6,7,14,3,21,42,102,93,268,223,258,304,386,205,780,78,2594
LGA10850,5,11,6,8,19,12,17,19,0,100,12,14,9,0,15,15,8,19,24,115,130,287,221,243,345,346,362,928,60,2918
LGA10900,20,127,95,99,127,117,56,87,6,736,27,118,62,51,67,99,27,76,99,631,596,3377,2707,2718,2654,2574,1262,2249,288,18417
LGA10950,0,0,7,3,4,7,4,6,0,32,0,3,9,4,5,7,0,3,19,47,42,102,95,125,156,174,152,418,39,1295
LGA11100,20,89,90,101,224,275,115,177,12,1103,56,148,185,151,389,472,166,255,483,2304,1722,3025,4228,4754,9594,11002,5173,7049,995,47543
LGA11150,0,4,0,8,6,3,0,4,0,35,3,5,4,7,5,10,0,11,16,56,31,68,58,106,238,190,84,242,27,1054
LGA11200,0,0,0,0,0,3,0,0,0,4,0,0,3,0,0,0,0,0,0,10,11,6,17,22,21,23,14,41,3,162
LGA11250,7,40,26,35,64,49,28,38,3,288,11,21,12,20,36,21,21,31,81,249,316,749,565,805,1433,1090,560,1176,169,6856
LGA11300,12,73,66,83,99,94,52,69,9,568,19,77,68,67,101,136,33,48,169,715,506,2193,2130,1874,3466,3397,1295,1792,347,16995
LGA11350,21,90,65,68,79,85,28,50,8,480,29,132,83,100,98,100,30,74,139,786,408,2203,1865,2215,1893,1885,787,1454,298,12998
LGA11400,3,11,13,11,17,29,16,25,0,124,3,20,11,5,12,29,8,26,39,150,160,415,371,456,549,703,462,1102,93,4309
LGA11450,25,157,101,108,179,208,126,158,17,1082,39,139,96,99,232,261,89,181,235,1369,715,3076,2557,2768,4409,4558,2177,3905,512,24684
LGA11500,35,238,150,161,384,330,196,277,28,1795,66,242,207,213,621,569,171,254,501,2842,1423,5638,4827,5230,10691,8956,4176,6052,1035,48022
LGA11520,41,171,162,155,395,364,164,248,24,1725,32,139,153,97,228,275,76,159,328,1481,953,3357,3700,3163,6366,7901,2909,4555,664,33558
LGA11570,87,539,452,402,807,853,379,545,64,4136,149,602,571,505,1370,1275,365,555,1214,6605,2484,10527,10361,9812,20705,19384,7982,11994,2389,95636
LGA11600,0,3,3,3,6,3,4,6,0,28,3,4,3,4,5,11,3,10,15,70,67,118,93,135,172,196,94,421,38,1342
LGA11650,123,652,542,592,905,734,421,554,57,4579,142,490,363,344,724,710,227,481,827,4312,3721,14632,13123,13883,19715,17614,7878,12150,1886,104601
LGA11700,0,0,4,3,0,0,0,0,0,9,0,0,0,0,0,0,0,0,9,11,9,17,25,30,48,71,20,145,19,384
LGA11720,27,118,81,85,122,97,50,75,4,643,35,75,48,55,78,81,25,55,126,568,550,2217,1995,1878,2637,2319,1175,1769,295,14840
LGA11730,21,78,57,92,147,124,49,102,6,680,33,85,48,52,92,75,33,50,162,626,647,2163,1933,2377,3126,2245,1242,2268,358,16352
LGA11750,3,4,6,6,7,16,5,21,0,62,5,3,3,9,11,8,8,15,22,75,111,137,151,178,263,285,273,816,66,2274
LGA11800,28,168,104,133,258,211,96,154,9,1158,31,115,112,97,158,137,54,97,223,1016,1027,4016,3359,4287,5819,4340,2095,3408,523,28868
LGA12000,0,3,4,3,4,3,0,6,0,33,0,3,5,8,5,5,3,6,10,51,26,138,100,106,124,164,98,253,28,1030
LGA12150,3,3,0,3,12,14,3,0,0,44,4,3,0,0,7,5,9,13,26,74,65,122,108,148,219,219,112,377,60,1433
LGA12350,3,24,25,21,37,37,20,25,0,186,7,6,9,17,34,20,10,21,37,158,150,511,500,558,844,730,401,794,88,4581
LGA12380,38,310,277,231,682,686,283,463,30,2994,109,416,410,340,1072,945,320,457,899,4964,1760,7070,6873,6706,17227,15197,6548,9902,1726,73013
LGA12700,4,13,5,18,17,7,8,16,0,84,3,10,4,7,5,9,0,4,25,76,90,360,287,249,313,289,133,398,57,2170
LGA12730,3,10,6,19,25,27,23,20,4,129,5,18,13,12,25,13,8,17,26,136,159,429,350,453,709,603,286,633,72,3697
LGA12750,13,94,48,68,75,88,39,70,11,505,23,69,35,55,49,71,22,37,118,473,474,1875,1553,1862,2157,1647,786,1366,262,11976
LGA12850,34,318,229,252,531,520,233,364,43,2518,101,444,363,306,1010,833,236,370,884,4553,1331,6309,5775,5708,12724,11147,4892,7654,1590,57129
LGA12870,9,27,17,18,32,25,17,28,4,168,13,16,11,19,30,51,15,27,53,247,223,582,454,532,849,930,433,757,124,4879
LGA12900,3,12,13,14,25,33,9,29,3,141,4,23,7,12,27,31,9,18,61,201,156,372,355,466,655,678,341,776,113,3905
LGA12930,34,237,222,184,296,344,179,233,24,1754,55,238,202,173,317,330,91,166,468,2050,1357,5359,5644,4978,7915,8606,3188,4688,947,42681
LGA12950,3,6,7,3,12,17,3,13,0,61,3,3,3,8,4,11,3,13,14,59,57,173,156,165,222,218,101,436,50,1573
LGA13010,4,24,19,11,27,29,17,24,5,138,7,16,18,15,22,8,8,13,34,142,122,404,341,365,546,413,202,595,79,3062
LGA13310,9,61,48,38,89,93,31,60,6,442,15,37,26,34,71,76,36,53,108,457,388,1193,1150,1346,2324,1879,911,1554,236,10978
LGA13340,0,8,12,14,13,20,15,23,0,107,7,20,6,9,12,14,5,18,27,122,144,412,310,347,383,526,290,826,87,3323
LGA13450,9,50,36,46,119,95,54,76,8,488,21,46,38,42,100,103,38,40,106,530,412,1188,1136,1268,2743,2234,1164,1685,279,12095
LGA13510,3,31,14,14,22,20,16,17,0,133,5,18,13,15,26,21,9,22,38,165,141,441,452,530,767,646,331,706,109,4132
LGA13550,6,29,18,15,55,59,25,44,0,253,9,20,14,12,26,29,4,31,42,180,168,556,421,552,826,748,430,1057,100,4856
LGA13660,0,11,0,8,3,11,3,4,0,40,5,0,5,3,8,9,3,15,20,66,77,177,165,223,213,283,140,632,46,1956
LGA13800,18,130,89,105,146,216,116,231,11,1062,43,130,116,117,228,206,88,186,212,1320,647,2895,2589,2736,4201,4437,2287,3853,481,24127
LGA13850,4,0,3,0,3,5,6,12,0,38,0,9,6,7,10,13,4,8,21,65,51,137,111,133,200,192,82,306,46,1264
LGA13910,11,42,18,27,50,40,27,32,3,250,6,26,17,17,30,44,16,35,59,243,178,569,518,635,908,877,505,933,130,5247
LGA14000,37,250,206,211,281,338,177,258,17,1782,47,232,174,168,309,367,117,226,350,1990,1157,6000,5079,4436,6561,7225,3179,5499,722,39859
LGA14100,4,27,26,28,22,22,12,15,0,153,3,17,11,15,17,28,9,26,37,167,128,663,659,523,667,824,289,563,73,4382
LGA14170,59,332,342,326,592,599,283,397,33,2955,85,350,396,292,525,673,209,414,654,3582,1671,7151,7608,6784,11603,12182,5484,8953,1260,62692
LGA14200,3,21,24,22,66,50,20,37,4,256,14,27,14,18,43,41,11,27,86,273,230,737,589,872,1344,908,488,975,180,6323
LGA14300,0,7,0,4,8,9,3,4,0,35,3,5,0,0,14,8,0,9,9,58,71,197,148,182,398,319,140,344,36,1830
LGA14350,14,40,35,29,68,45,21,42,4,305,23,37,16,33,51,32,19,37,124,373,416,1209,1119,1362,1823,1252,694,1179,289,9338
LGA14400,8,47,20,32,39,37,16,24,0,223,8,47,14,14,8,16,11,27,32,173,199,1125,803,735,695,760,326,623,78,5346
LGA14500,22,248,189,136,197,157,117,169,14,1243,36,187,160,101,128,218,84,163,232,1300,882,5500,4337,3615,4089,4944,2172,4139,472,30154
LGA14550,0,5,7,12,5,21,8,13,3,76,12,15,4,0,13,23,3,22,37,126,78,375,307,370,373,431,208,520,66,2729
LGA14600,0,9,7,4,10,24,9,20,0,71,3,6,12,10,13,19,8,19,37,124,93,222,188,268,242,431,203,555,73,2281
LGA14650,68,364,292,311,559,485,274,298,25,2679,77,250,157,167,361,363,127,237,419,2155,2123,8455,7226,7643,10841,9615,4778,6405,929,58009
LGA14700,10,80,79,61,84,94,55,75,3,540,27,82,85,55,150,183,77,118,144,921,392,1683,1606,1448,2826,3550,1655,2635,246,16037
LGA14750,4,17,9,11,26,27,19,23,0,141,6,17,9,10,23,46,16,23,50,197,168,434,329,435,855,1012,440,778,109,4565
LGA14850,19,96,86,92,185,148,80,105,6,806,28,66,64,62,83,106,32,62,187,700,653,2551,2321,3042,4317,3056,1413,2298,385,20041
LGA14870,3,32,34,31,51,48,22,36,3,256,11,25,30,15,39,55,12,28,61,268,292,847,781,835,1507,1322,670,1051,158,7458
LGA14900,43,261,202,178,472,477,203,307,33,2178,73,348,288,289,767,725,211,357,786,3845,1741,6608,6194,6132,13879,13078,5417,8894,1528,63465
LGA14920,0,13,9,15,22,17,5,7,0,89,8,11,3,10,17,14,4,16,32,124,93,258,217,331,407,399,235,640,75,2659
LGA14950,0,3,3,3,9,4,0,0,0,21,3,0,0,3,0,6,0,5,10,25,30,96,98,115,95,129,56,243,13,884
LGA15050,27,154,140,153,271,250,156,214,6,1384,27,128,78,74,167,203,68,120,193,1055,890,3579,3105,3395,5077,4477,2315,3480,423,26746
LGA15240,29,122,119,110,196,227,88,151,23,1057,43,115,82,89,136,130,55,84,312,1036,1196,3900,3336,4004,4807,3892,1872,3282,630,26930
LGA15270,5,56,39,40,64,79,37,124,7,451,17,30,20,27,30,34,10,45,65,275,359,1044,985,1139,1406,1325,1015,2072,189,9530
LGA15300,15,18,21,24,47,45,22,47,0,245,4,25,16,14,44,35,21,46,60,264,218,433,384,535,996,911,477,1359,152,5479
LGA15350,8,77,69,47,70,70,44,54,11,451,13,67,34,44,33,58,15,60,52,375,219,1432,1290,992,1135,1477,777,1267,125,8719
LGA15520,0,14,8,5,9,24,4,13,0,85,14,12,18,17,23,21,10,20,50,180,186,557,408,468,628,641,351,935,111,4283
LGA15560,0,6,0,0,3,11,3,6,0,41,7,3,4,3,14,8,3,3,17,69,100,140,128,169,242,280,139,407,50,1649
LGA15650,11,22,27,31,66,69,38,57,3,314,9,32,17,16,40,49,24,35,65,286,350,783,772,831,1630,1333,1056,1589,178,8517
LGA15700,3,35,29,16,38,36,22,22,0,203,12,28,19,18,30,11,7,14,56,199,200,747,718,793,932,665,388,845,124,5411
LGA15750,6,26,11,12,41,70,34,45,3,251,18,28,17,31,26,61,13,26,60,277,258,552,486,599,962,1034,604,1652,149,6309
LGA15800,3,11,5,4,16,17,4,10,0,71,5,11,3,4,10,15,4,10,25,86,94,220,201,236,342,336,205,406,58,2093
LGA15850,6,10,3,11,14,14,6,19,3,75,3,8,4,4,12,5,8,5,17,61,57,177,119,176,270,302,195,472,45,1833
LGA15900,101,393,328,362,808,683,381,485,23,3565,99,282,205,262,552,589,217,345,703,3265,3686,10513,10552,11488,19939,18783,8897,12108,1533,97502
LGA15950,54,184,173,200,402,382,210,291,23,1915,67,224,273,200,453,754,243,476,607,3290,1866,4607,5662,4873,12066,20279,8350,13577,1106,72386
LGA15990,87,593,452,458,651,796,373,548,43,3995,115,552,471,411,660,963,315,661,654,4791,2349,12717,11508,10149,13702,16593,7395,12395,1408,88217
LGA16100,0,11,3,4,6,10,8,3,0,50,3,9,11,10,30,19,19,25,30,161,65,223,192,183,436,342,211,492,61,2190
LGA16150,27,86,74,62,153,149,95,184,8,839,17,54,36,50,103,97,45,69,149,620,702,2037,1879,2169,3838,3400,1800,2824,330,18974
LGA16200,6,31,23,25,36,50,29,43,3,243,6,13,8,13,23,27,17,22,55,195,247,613,489,632,966,801,667,1076,132,5634
LGA16260,110,442,434,368,1070,948,451,598,49,4472,146,512,533,464,1362,1393,413,650,1543,7019,4291,10802,12327,11869,34382,31846,12094,16752,2831,137198
LGA16350,52,315,256,265,435,534,284,398,39,2584,87,323,238,273,719,653,214,422,650,3580,2148,7828,7084,7413,14197,13035,5983,9487,1341,68524
LGA16380,28,176,129,129,236,198,105,167,11,1188,36,124,54,85,117,111,48,96,218,902,1003,3645,3038,4016,5250,4344,2110,3595,528,27531
LGA16400,37,129,94,86,245,242,126,287,10,1259,26,103,66,94,176,147,58,129,202,1003,918,3111,2496,2794,5016,4575,2852,3629,463,25849
LGA16490,16,74,65,58,122,129,82,113,6,664,19,78,40,60,105,137,45,107,138,733,467,1700,1235,1550,2650,2727,1555,2555,268,14713
LGA16550,29,203,205,171,255,303,144,220,25,1556,47,186,164,169,261,290,90,201,433,1835,1413,5775,5428,4765,9149,9398,3818,6358,935,47040
LGA16610,4,34,26,18,40,49,31,34,0,231,23,35,18,34,35,37,9,25,74,289,254,831,766,1083,1229,1092,523,961,172,6912
LGA16650,14,132,120,97,211,160,89,130,18,961,38,137,147,92,218,242,48,102,287,1306,840,2763,3388,3278,5486,4961,2182,3133,605,26641
LGA16700,41,254,243,213,492,483,199,319,29,2275,90,261,263,237,646,815,272,466,822,3869,2260,7123,7424,6384,18345,20815,8493,12715,1482,85034
LGA16900,12,123,89,93,157,155,55,89,4,789,30,65,54,65,99,99,50,66,130,647,624,2657,2217,2373,3072,2690,1343,1961,282,17200
LGA16950,40,166,151,155,257,191,123,193,24,1300,54,169,111,104,186,183,61,114,342,1315,1305,4959,4060,4549,6123,5166,2932,4241,760,34092
LGA17000,20,50,43,50,100,106,87,149,10,619,11,38,33,48,71,67,42,75,151,537,593,1222,1148,1220,2193,2369,2503,3945,325,15517
LGA17040,5,29,15,19,44,69,27,53,6,273,14,34,21,18,46,37,28,47,82,313,304,964,860,1270,1757,1343,995,2048,220,9757
LGA17080,5,16,9,11,32,29,17,31,0,150,9,17,16,20,41,40,23,51,75,290,226,635,563,625,991,812,579,1279,153,5865
LGA17100,0,45,58,55,110,140,51,71,13,533,43,124,174,120,290,328,96,158,279,1622,580,1983,2259,1914,4609,4868,2057,3206,498,21971
LGA17150,72,453,372,376,553,646,309,432,26,3238,87,337,319,281,507,554,183,376,572,3221,1984,10375,9030,8031,11026,11796,5313,8736,1215,67504
LGA17200,309,878,1161,1134,2743,2460,1166,1525,129,11505,489,1326,1774,1172,2922,4295,1387,2398,4448,20207,14553,26754,40730,34118,97811,127006,57191,92970,8263,499390
LGA17310,22,114,88,99,234,189,105,174,17,1051,34,100,65,74,184,167,70,120,237,1047,903,2614,2310,2951,5141,4597,2342,3755,512,25123
LGA17350,0,15,11,9,17,20,12,17,0,105,0,9,8,3,7,13,6,16,23,92,85,307,209,281,366,384,196,441,62,2331
LGA17400,5,13,6,4,12,9,5,15,0,72,10,10,8,8,14,16,3,9,22,96,85,290,222,259,308,290,126,496,67,2148
LGA17420,57,362,329,308,482,585,259,371,32,2779,80,353,293,230,519,687,202,393,688,3441,1799,9163,7687,7047,11581,14028,5722,10027,1297,68355
LGA17550,15,183,126,135,168,208,70,186,12,1097,53,143,91,104,145,166,75,139,297,1211,913,3804,3311,4092,4765,4021,1958,3521,608,26997
LGA17620,6,25,13,18,35,23,12,14,3,155,5,24,17,19,35,33,9,18,31,188,174,631,520,597,865,793,426,926,100,5018
LGA17640,0,14,4,5,9,15,10,13,5,78,4,7,3,3,15,11,3,5,16,73,55,229,218,204,231,277,127,417,45,1807
LGA17650,0,8,11,3,3,4,4,0,0,29,3,3,3,4,3,7,4,9,18,51,44,140,137,146,163,208,87,270,36,1227
LGA17750,14,111,97,129,263,271,140,181,14,1210,43,102,72,57,175,188,66,110,236,1038,1061,3254,2726,3291,6543,5490,2867,4817,578,30629
LGA17850,0,6,0,3,4,11,9,4,0,42,3,3,3,0,4,4,0,12,13,42,41,147,114,157,148,201,112,413,30,1372
LGA17900,0,6,4,6,5,14,7,6,0,46,3,5,0,10,6,11,6,12,33,90,73,203,175,240,333,313,127,575,67,2102
LGA17950,6,3,4,0,5,11,3,7,0,37,0,3,0,0,3,6,8,4,6,35,37,76,76,93,160,202,91,327,22,1091
LGA18020,5,6,3,11,13,18,5,19,0,82,14,12,6,7,7,18,10,11,33,126,99,335,302,399,434,429,243,699,75,3015
LGA18050,26,190,172,156,194,215,101,144,21,1215,27,134,133,104,112,191,56,144,218,1117,597,3360,3640,2987,3829,4386,1925,3186,452,24359
LGA18100,0,6,4,3,6,7,3,4,3,43,5,5,4,4,13,3,3,8,8,55,37,136,126,117,144,213,112,315,37,1243
LGA18200,3,9,9,4,8,5,6,8,3,56,12,14,11,5,14,19,5,15,27,118,108,253,214,278,495,457,238,627,72,2744
LGA18230,27,89,93,87,246,170,107,173,9,994,31,58,41,46,116,139,51,84,202,768,757,2080,1855,2313,4920,4057,1969,3340,424,21715
LGA18250,62,210,233,196,435,488,262,350,29,2263,59,218,251,180,390,643,198,368,514,2820,1656,5514,6452,5147,10713,14429,5779,8789,996,59466
LGA18350,23,100,92,113,139,117,66,119,8,776,29,113,82,80,105,94,57,104,143,803,524,2671,2209,2309,2965,2815,1468,2624,297,17876
LGA18400,16,52,45,33,71,77,37,75,7,414,25,53,43,42,59,109,30,63,93,517,377,1289,1057,1092,2070,1891,1092,1966,230,11076
LGA18450,112,414,370,366,651,634,297,456,32,3321,100,287,284,244,505,558,166,324,633,3084,2761,10449,9364,9328,15629,13446,6463,9363,1336,78143
LGA18500,27,142,177,114,162,180,79,120,6,989,33,145,118,85,94,180,58,166,194,1063,480,2685,2770,2176,2584,3617,1923,3470,393,20092
LGA18710,4,16,10,20,19,30,5,14,5,122,6,17,19,12,28,28,4,27,29,169,132,451,395,422,536,538,272,598,77,3423
LGA19090,0,0,0,0,0,0,0,0,0,0,0,0,0,0,0,0,0,0,0,0,0,0,0,0,0,0,0,0,0,0
LGA19399,0,0,0,0,0,3,0,3,0,15,0,3,0,0,10,0,0,7,18,35,45,57,60,66,110,146,57,271,26,846
LGA19499,195,1161,676,691,669,969,349,796,80,5577,521,953,752,691,957,1448,379,951,1622,8274,6077,19722,15762,16389,17452,30717,11319,22127,3790,143362
LGA19799,0,0,0,0,0,0,0,0,0,0,4,0,0,0,0,0,0,4,0,10,9,6,5,5,3,9,7,34,0,90
LGA19898,0,0,0,0,0,0,0,0,0,0,0,0,0,0,0,0,0,0,0,0,0,0,0,0,0,0,0,0,0,0
LGA20110,4,13,13,18,21,31,13,26,4,141,9,23,16,15,23,14,9,24,33,158,203,655,556,621,734,628,353,762,106,4617
LGA20260,5,25,17,16,30,32,12,23,0,152,6,20,15,10,18,29,3,22,43,173,221,576,455,599,806,912,364,826,96,4865
LGA20570,53,236,152,203,354,269,159,189,15,1638,61,177,101,110,258,204,96,160,368,1534,1824,6340,5154,6001,8658,7287,4183,5206,830,45492
LGA20660,27,232,149,175,275,220,128,180,13,1400,41,185,96,116,225,248,76,142,315,1444,1484,6076,5240,5627,6649,7220,3218,4552,696,40759
LGA20740,19,62,49,47,60,76,30,37,0,385,28,62,44,26,41,52,17,50,101,415,574,1712,1294,1507,1450,1471,698,1184,199,10097
LGA20830,18,92,82,71,120,113,58,101,5,661,22,86,51,42,77,111,44,65,159,651,599,2564,1910,1973,2485,2612,1419,2478,354,16390
LGA20910,27,231,154,156,196,192,76,126,19,1178,30,217,133,130,158,242,72,192,235,1400,824,5040,3891,3860,4274,4839,2360,3929,520,29534
LGA21010,5,34,18,24,29,39,13,32,3,191,8,22,14,15,27,31,13,24,47,218,241,625,578,693,826,782,449,693,99,4981
LGA21110,37,413,283,293,463,390,241,327,21,2477,93,395,302,248,411,474,165,344,555,2986,2088,10495,8504,8008,11314,13886,6353,10303,1156,72106
LGA21180,46,284,234,224,535,489,235,321,31,2402,103,365,305,334,912,835,263,387,785,4270,1796,7351,6473,7244,13924,13415,5893,8452,1561,66102
LGA21270,3,13,5,6,12,16,3,13,0,76,8,8,13,5,14,21,0,7,26,96,105,298,261,269,305,366,175,520,44,2345
LGA21370,23,79,61,71,140,121,57,77,5,628,36,63,35,42,97,82,36,75,160,636,644,1906,1528,1933,2519,2363,1433,2664,349,15338
LGA21450,26,157,105,89,181,160,73,168,16,966,28,162,82,96,159,207,70,124,229,1155,721,3753,2813,2820,3785,3950,2010,3206,517,23576
LGA21610,65,461,319,325,513,465,244,327,41,2755,97,351,213,243,514,513,190,366,647,3128,1933,9399,7423,8017,11056,10368,5188,7876,1315,62565
LGA21670,3,23,25,14,35,23,12,16,4,151,6,17,18,21,22,26,11,20,44,181,169,600,538,599,750,569,306,473,99,4102
LGA21750,4,45,23,32,72,35,17,44,3,275,14,43,32,44,56,69,18,48,85,407,412,1232,1052,1194,1626,1380,739,1445,184,9265
LGA21830,7,27,21,19,24,33,19,36,0,179,19,25,21,17,39,28,16,35,70,268,283,899,686,750,808,1002,626,1561,154,6758
LGA21890,50,278,249,225,452,382,173,217,21,2055,61,261,223,230,495,477,113,240,503,2606,1490,7026,5860,5913,9867,8648,3990,5564,1054,49419
LGA22110,19,86,70,80,95,115,57,93,5,615,30,72,58,59,90,102,25,58,144,645,800,2174,1912,2261,2509,2277,1220,2180,349,15681
LGA22170,41,250,156,180,308,332,154,227,25,1665,54,226,183,188,408,443,123,278,388,2299,1309,5668,4624,5352,7202,7373,3396,5043,738,40714
LGA22250,3,19,19,16,24,23,9,22,3,130,7,18,8,15,16,33,3,23,49,180,167,523,458,501,585,638,327,785,112,4106
LGA22310,37,308,249,205,260,236,177,205,15,1696,49,243,145,145,203,289,86,166,352,1679,1095,6257,5131,5012,5930,6219,2971,4680,680,37975
LGA22410,0,30,25,31,48,41,25,35,0,238,13,44,27,21,50,40,19,46,80,330,321,983,809,881,1122,1179,690,1204,182,7374
LGA22490,5,16,12,19,12,16,3,18,0,105,5,13,10,14,13,27,7,11,32,143,131,505,372,437,431,533,276,656,87,3421
LGA22620,62,237,162,222,351,272,193,238,17,1750,59,174,108,135,266,234,93,188,301,1572,1894,6266,4943,5856,8733,6973,4095,5509,773,45035
LGA22670,71,309,323,322,1074,968,408,510,40,4015,153,494,513,514,1795,1489,542,722,1075,7302,2501,7851,7971,9383,24343,20724,10492,12647,2006,97913
LGA22750,101,532,399,439,710,675,293,401,44,3589,137,394,277,312,528,609,203,395,758,3605,3603,13549,11351,12083,17008,16798,8228,11345,1668,95635
LGA22830,44,143,105,117,268,243,120,149,18,1203,43,98,73,75,191,191,74,132,294,1166,1192,3119,2777,3413,5290,5067,2585,3817,605,27867
LGA22910,14,35,26,22,24,28,11,25,3,194,13,32,12,16,18,19,7,26,35,173,228,792,683,694,566,661,324,649,93,4688
LGA22980,0,3,11,3,10,9,9,13,0,56,0,8,0,4,8,12,3,11,16,74,88,240,206,274,360,389,156,410,50,2171
LGA23110,43,174,131,133,285,292,110,166,17,1349,42,147,149,155,371,404,114,231,361,1973,990,3606,3139,3397,7146,7283,3653,5252,729,35197
LGA23190,14,46,31,59,89,90,35,54,7,423,12,40,31,23,58,44,9,41,93,346,392,1184,955,1166,1711,1508,786,1106,185,8991
LGA23270,45,329,301,279,622,589,288,351,41,2850,156,465,384,411,1282,990,356,502,972,5527,2744,8300,8227,9614,20549,18098,9129,11540,2018,90209
LGA23350,4,27,10,18,30,26,9,18,6,142,11,19,11,12,16,23,8,24,36,168,231,671,557,574,600,867,416,781,94,4795
LGA23430,71,407,313,313,685,687,277,441,48,3237,120,411,412,380,1149,1025,345,515,656,5011,1887,9033,7351,7567,15412,14474,6909,9307,1267,73211
LGA23670,62,350,313,307,526,568,241,373,21,2760,112,352,301,336,952,853,336,455,598,4305,1979,8556,6908,7192,14072,12567,6151,8202,1203,66838
LGA23810,24,166,97,103,237,224,85,150,13,1110,50,93,69,74,164,158,62,112,291,1076,1256,3795,2962,3328,5650,4506,2512,3479,562,28046
LGA23940,4,5,0,6,3,4,3,5,0,39,3,11,10,7,10,16,6,15,40,121,110,320,230,291,298,421,198,696,79,2643
LGA24130,19,84,56,89,87,106,43,82,0,567,31,88,58,43,57,91,35,58,118,578,499,2358,1710,1820,1894,1944,983,1678,265,13147
LGA24210,23,238,160,161,234,181,108,152,12,1281,40,199,126,112,136,185,42,104,262,1199,874,5789,4085,3867,4242,4373,2229,3327,535,29330
LGA24250,4,27,15,17,11,17,8,24,0,131,11,10,17,17,11,17,4,25,31,141,121,464,355,476,387,495,242,609,67,3214
LGA24330,43,188,167,209,421,296,158,159,17,1655,53,214,185,150,375,347,117,188,386,2004,1136,5027,4491,4607,7417,6671,3088,4448,783,37665
LGA24410,52,235,233,203,402,366,185,290,24,1981,61,224,150,188,428,386,151,253,370,2214,1264,5987,4861,5110,7950,7722,3925,5184,773,42780
LGA24600,283,706,986,1039,2451,1792,924,1120,75,9376,411,1108,1116,864,2164,2578,828,1477,3791,14327,14745,28441,36117,36118,90974,110229,47290,65706,7263,436884
LGA24650,16,154,102,120,166,194,86,141,17,995,36,126,96,110,198,225,60,104,224,1187,800,3730,2712,2964,4475,4522,2024,3150,525,24909
LGA24780,17,74,64,72,179,145,55,87,6,707,34,76,73,83,140,151,41,91,203,887,716,2250,1831,2305,3796,3360,1754,2876,432,19322
LGA24850,11,54,38,32,54,69,33,55,4,359,22,55,42,41,66,63,20,35,102,443,457,1563,1302,1316,1715,1814,995,1588,249,10991
LGA24900,9,65,36,38,65,73,44,54,6,385,37,49,28,31,69,82,37,64,126,513,536,1272,1027,1217,1525,1657,1056,1969,272,10542
LGA24970,67,351,319,296,715,640,311,424,35,3154,137,409,409,420,1042,1110,343,550,935,5353,3009,11324,10169,10849,21742,22170,9928,13816,1848,104862
LGA25060,43,242,232,204,353,288,141,215,26,1742,39,174,166,120,214,224,75,129,371,1514,1099,5670,4413,4351,6674,6334,2970,4458,752,36722
LGA25150,6,39,26,32,41,55,23,44,4,274,14,36,32,22,49,60,16,37,71,337,226,1049,731,792,947,1115,522,1062,146,6600
LGA25250,44,247,208,240,404,407,203,256,32,2041,50,248,197,178,367,361,108,209,411,2137,1119,5390,4958,5272,7408,6668,2998,4608,857,39293
LGA25340,48,321,253,307,340,329,190,251,17,2050,76,293,217,212,291,309,137,210,404,2147,1728,8443,6082,6899,7580,7675,4101,5990,956,49461
LGA25430,4,20,21,20,30,35,12,28,4,184,19,37,19,36,34,48,31,40,61,324,277,945,860,976,965,1302,610,823,120,6878
LGA25490,3,23,8,16,25,36,18,23,6,150,8,22,13,26,39,51,24,41,62,278,236,666,526,598,801,946,522,1411,139,5851
LGA25620,3,19,15,18,21,12,6,24,3,114,13,26,16,16,20,35,17,20,37,194,193,602,480,566,562,660,318,619,92,4096
LGA25710,21,144,71,104,110,101,48,75,8,697,21,87,75,60,54,95,25,71,110,594,392,2806,1825,1808,1676,2068,877,1603,251,13305
LGA25810,3,22,22,14,22,28,9,23,3,143,10,16,16,15,21,20,15,14,46,172,220,628,513,627,761,813,405,781,116,4868
LGA25900,61,288,298,326,590,615,313,440,15,2942,99,292,308,252,522,801,286,535,616,3706,1970,5986,6740,6636,13354,18240,8428,13226,1255,75840
LGA25990,0,7,3,3,3,8,13,9,0,48,11,10,3,4,9,18,0,10,27,91,112,249,220,231,235,331,154,433,52,2005
LGA26080,0,9,6,3,11,4,3,4,0,43,3,3,3,6,0,4,0,3,10,25,84,252,175,167,193,164,84,135,22,1279
LGA26170,10,46,33,36,67,74,32,62,9,362,20,57,41,36,67,58,19,43,102,447,465,1575,1228,1313,1406,1503,911,1934,238,10577
LGA26260,9,32,16,26,48,57,26,36,3,258,13,10,13,15,35,23,11,29,61,222,304,937,821,907,1042,1146,624,1204,144,7137
LGA26350,36,361,307,300,502,342,206,216,31,2308,59,290,233,187,282,403,147,323,446,2377,1517,8195,7126,6654,8962,9442,4846,7381,942,55061
LGA26430,7,13,8,11,17,14,8,15,0,86,6,12,15,14,14,28,7,21,41,155,146,499,367,455,556,536,278,594,108,3533
LGA26490,5,64,43,48,51,54,16,44,5,331,16,64,37,34,34,49,24,35,69,358,342,1764,1178,1152,1142,1382,599,1198,177,8932
LGA26610,12,40,28,26,75,54,29,50,3,318,27,40,30,35,48,68,29,51,99,422,381,1054,781,981,1624,1657,786,1346,241,8852
LGA26670,0,5,10,10,12,19,6,15,0,82,10,15,3,6,6,6,3,7,18,77,90,284,205,265,214,290,136,492,52,2015
LGA26700,11,46,39,40,81,110,29,64,4,409,24,70,36,41,58,65,23,52,105,478,475,1466,1231,1484,1928,1907,965,1666,256,11383
LGA26730,19,104,56,62,117,123,44,72,8,595,15,37,35,29,95,75,29,49,99,467,525,1883,1366,1614,2497,2185,1104,1582,237,13000
LGA26810,22,83,51,78,94,113,48,84,11,584,34,63,46,67,88,99,40,112,162,706,726,2200,1678,1837,2524,2718,1517,3378,357,16934
LGA26890,4,5,4,3,7,3,3,11,0,36,3,4,0,0,3,6,0,8,13,46,73,180,145,195,157,270,115,507,37,1677
LGA26980,93,422,405,438,838,684,391,463,38,3764,86,345,239,235,535,560,162,301,622,3090,2154,9760,8301,8499,13698,12666,5824,7828,1169,69914
LGA27070,43,321,197,213,392,405,165,255,30,2023,91,338,230,258,643,588,203,312,601,3262,1711,7585,6113,6377,10979,9993,4557,6531,1202,55053
LGA27170,17,70,55,80,176,155,102,96,12,766,27,71,48,43,112,123,41,81,163,709,706,1852,1780,2209,3569,3416,1925,2461,340,18245
LGA27260,44,292,203,183,400,387,146,250,25,1924,91,299,278,281,681,684,215,352,670,3544,1799,7413,6249,6536,13525,11886,5582,8305,1404,62691
LGA27350,61,247,256,270,549,502,240,318,41,2486,97,295,308,292,593,754,264,539,671,3814,2299,7242,8118,8578,15555,17299,8515,12125,1400,81129
LGA27450,63,298,205,199,281,297,161,240,19,1759,81,254,146,169,304,302,122,215,345,1940,1468,7236,4850,4927,6329,5866,3216,5003,750,39636
LGA27630,4,12,9,6,8,23,14,9,0,85,5,8,7,10,16,20,4,7,24,96,105,290,283,320,288,476,202,520,69,2560
LGA29090,0,0,0,0,0,0,0,0,0,0,0,0,0,0,0,0,0,0,0,0,0,0,0,0,0,0,0,0,0,0
LGA29399,0,0,3,3,0,0,3,3,0,8,3,6,3,8,15,12,9,14,29,95,34,130,143,285,340,296,340,536,49,2161
LGA29499,176,872,489,558,481,708,281,528,49,4134,487,873,597,557,838,1141,311,727,1315,6842,5166,16553,12058,13727,15286,26497,9591,17030,3122,119037
LGA29799,0,0,0,0,0,0,0,0,0,3,0,0,0,0,0,0,4,8,3,17,22,8,9,3,11,15,13,76,9,155
LGA29898,0,0,0,0,0,0,0,0,0,0,0,0,0,0,0,0,0,0,0,0,0,0,0,0,0,0,0,0,0,0
LGA30250,0,3,5,5,7,8,0,3,0,33,0,0,0,5,0,0,0,0,3,11,14,16,13,36,81,53,6,57,7,286
LGA30300,3,3,7,11,16,19,8,14,0,83,0,6,4,8,13,12,3,21,16,90,70,201,163,237,269,323,152,647,51,2108
LGA30370,4,23,23,28,39,28,21,40,7,207,3,20,13,17,31,28,11,44,41,214,206,552,498,582,764,792,621,1709,116,5843
LGA30410,0,3,3,4,7,9,3,7,0,36,0,3,4,3,4,11,3,21,16,67,47,101,71,143,190,254,114,493,45,1455
LGA30450,0,0,0,0,0,0,0,0,0,3,0,0,0,0,0,0,0,3,0,6,14,6,8,15,21,58,25,122,4,284
LGA30760,0,3,0,3,0,3,0,5,0,14,3,0,3,0,5,0,3,6,3,30,38,66,62,97,101,131,56,285,21,858
LGA30900,0,0,0,0,0,0,0,0,0,0,0,0,0,0,0,0,0,0,0,5,5,7,3,11,26,18,8,43,3,122
LGA31000,614,2743,2423,2994,5830,4860,2712,3471,233,25888,693,2422,2045,2153,5030,5242,1832,3525,5191,28128,23407,68396,65304,74548,153471,142563,73347,108865,11071,720965
LGA31750,0,0,0,0,0,0,0,3,0,4,0,0,0,0,0,0,0,0,4,6,11,15,3,5,16,29,14,68,8,165
LGA31820,27,151,116,139,275,193,117,167,20,1214,57,134,97,106,210,163,85,143,307,1311,997,3764,3109,4544,6109,4560,2714,4787,663,31246
LGA31900,9,27,19,32,51,62,34,57,3,287,13,32,14,8,29,47,28,40,81,299,235,793,612,801,1214,1246,733,1577,182,7388
LGA31950,3,3,8,7,14,7,4,5,5,51,0,3,0,0,0,3,0,6,8,18,15,47,23,39,110,55,33,72,22,428
LGA32080,59,296,278,339,660,550,294,437,31,2941,94,254,180,214,364,406,166,334,600,2602,2249,6672,6078,9321,14610,11506,6345,9444,1242,67472
LGA32250,0,3,0,3,9,3,0,4,0,21,0,6,0,6,6,0,0,12,13,43,32,49,27,75,141,131,90,282,33,867
LGA32260,13,52,39,55,94,72,41,61,5,429,18,50,55,70,85,77,36,54,123,566,378,1156,1162,1588,2233,1826,962,1948,293,11533
LGA32270,12,71,44,50,78,81,70,156,9,585,23,44,31,53,55,54,40,82,142,517,755,1374,1072,1318,1980,1859,1877,5376,354,15965
LGA32310,3,33,12,19,24,25,15,31,0,163,7,8,8,22,25,25,15,25,36,169,186,422,353,493,645,611,349,1092,109,4251
LGA32330,0,8,0,0,7,4,0,0,0,19,0,0,0,3,0,0,0,0,4,12,16,47,42,56,113,59,17,43,7,405
LGA32450,0,4,0,3,3,9,5,19,0,50,3,9,3,12,7,10,7,25,28,98,157,100,88,115,204,289,342,1540,60,2900
LGA32500,3,5,8,20,28,24,5,22,3,119,9,7,3,6,13,13,9,30,32,120,101,142,155,286,453,372,479,716,67,2775
LGA32600,0,0,0,0,0,0,0,0,0,3,0,0,0,3,0,0,0,0,4,3,3,23,10,14,15,20,16,74,11,184
LGA32750,0,0,0,0,0,0,0,0,0,4,0,0,0,0,0,0,0,4,4,7,9,11,15,19,29,45,28,119,4,281
LGA32770,0,9,3,3,10,7,0,0,3,33,0,0,0,0,0,0,0,0,7,15,17,41,15,30,69,54,26,82,22,361
LGA32810,4,17,16,24,30,36,18,38,3,191,13,26,19,29,43,34,17,43,48,264,171,503,527,838,957,853,558,1061,142,5607
LGA33100,0,0,0,0,3,0,0,0,0,4,0,5,0,0,0,0,0,3,0,8,18,22,13,23,34,45,14,130,9,310
LGA33200,0,3,0,0,3,3,0,0,0,24,0,3,3,0,7,3,0,3,19,32,23,62,49,62,96,139,44,294,32,797
LGA33220,40,197,128,181,265,186,89,146,17,1238,61,141,92,124,190,136,45,140,272,1197,1046,3880,3106,4424,6076,4021,2184,3815,572,29137
LGA33360,26,135,84,97,200,135,101,152,14,938,44,83,76,75,130,150,77,182,206,1017,1021,2541,2032,2593,3995,3786,3008,6019,470,25466
LGA33430,216,1241,1023,1264,1689,1622,866,1277,111,9307,308,1190,937,1136,1947,2152,773,1628,2064,12124,6854,28707,25293,32815,46020,40544,20590,35521,4347,240694
LGA33610,5,19,10,14,39,44,23,33,0,189,8,6,5,8,21,37,17,39,49,202,172,429,398,512,629,742,439,1331,100,4757
LGA33620,21,90,75,88,141,100,60,116,9,691,38,80,55,84,99,87,37,114,182,780,601,2058,1673,2385,2663,2032,1231,2742,340,15725
LGA33800,0,13,16,16,30,34,15,29,4,157,13,19,8,14,18,25,11,31,38,176,141,499,388,538,734,657,387,857,109,4308
LGA33830,0,0,0,0,0,0,0,0,0,5,0,0,0,0,0,0,0,0,0,0,3,6,7,5,12,8,4,15,4,63
LGA33960,54,299,220,258,380,266,167,226,23,1893,83,196,157,210,509,469,180,336,510,2645,2100,6897,5761,8037,13314,10823,6061,8643,1146,62777
LGA33980,10,48,31,32,48,37,33,91,5,336,20,30,15,27,46,53,16,79,122,413,755,884,802,1023,1404,1435,1744,5968,318,14328
LGA34420,0,5,0,0,0,3,3,3,0,16,0,0,0,0,0,0,0,0,3,7,4,25,21,31,48,61,19,38,7,261
LGA34530,10,58,37,53,65,61,30,61,6,385,18,39,24,30,45,44,10,48,78,333,308,1274,878,1183,1710,1193,694,1450,181,8866
LGA34570,0,6,3,5,8,0,0,4,5,31,0,0,0,3,0,3,0,0,3,16,26,36,18,51,38,49,166,132,28,544
LGA34580,9,47,39,33,63,53,25,47,7,328,18,56,25,44,80,65,24,54,102,480,379,1445,1068,1518,1937,1570,972,2023,267,11183
LGA34590,76,503,368,470,728,696,375,534,49,3805,132,407,336,403,917,875,295,590,861,4824,2715,10294,8788,11537,18281,15224,7834,12531,1796,88994
LGA34710,6,6,0,7,19,14,14,11,0,75,3,6,0,11,17,10,7,6,31,92,102,132,106,186,341,340,207,452,51,1920
LGA34770,60,240,181,216,537,371,290,499,27,2428,80,166,125,131,359,270,130,277,399,1940,1640,4813,4025,5266,8889,7016,4693,8369,905,45605
LGA34800,0,0,3,0,0,0,0,6,0,5,0,0,3,0,0,3,0,8,9,28,71,27,25,33,57,91,90,807,34,1226
LGA34830,0,0,0,0,4,0,0,0,0,4,0,0,0,0,0,0,0,0,0,4,0,4,0,3,32,8,48,29,3,128
LGA34860,3,22,9,18,34,41,28,50,3,211,15,39,10,23,39,53,21,67,70,332,367,543,412,554,1020,1084,585,2321,151,7036
LGA34880,3,26,25,32,51,38,22,47,3,258,16,29,21,24,36,38,23,39,75,308,264,825,641,975,1453,1042,626,1354,170,7361
LGA35010,137,713,577,625,984,935,483,714,60,5232,173,586,416,491,920,891,338,771,932,5523,3575,15923,12410,16042,20888,17339,9146,15614,2048,112990
LGA35250,0,0,0,3,0,0,0,0,0,6,0,0,0,0,0,0,0,0,0,0,0,6,0,9,13,9,0,6,3,48
LGA35300,12,40,26,26,53,77,40,84,3,366,13,22,14,17,37,58,23,50,84,319,431,574,419,748,1318,1471,1758,2413,187,9320
LGA35600,0,3,3,5,11,12,10,11,0,58,3,6,6,10,10,11,3,9,25,83,71,156,126,213,393,341,150,480,57,1987
LGA35670,0,0,0,0,0,3,0,0,0,8,0,0,0,0,0,0,0,0,3,8,8,10,11,13,25,22,81,51,6,224
LGA35740,22,156,116,126,165,164,73,114,8,947,30,125,76,107,112,145,51,117,171,931,606,3115,2444,3388,3267,2958,1595,2868,332,20581
LGA35760,3,22,7,16,22,25,9,23,0,117,7,16,8,18,15,23,6,38,56,195,142,426,386,503,529,644,386,1228,126,4374
LGA35780,5,5,10,3,16,24,3,9,0,74,0,5,3,0,3,0,0,3,3,18,35,48,57,98,245,146,40,135,23,822
LGA35790,0,12,3,10,4,4,0,12,0,41,0,0,0,0,0,0,0,3,3,8,17,101,33,81,98,96,44,105,11,591
LGA35800,0,0,0,3,11,3,0,4,0,19,0,0,0,3,8,7,0,15,11,44,38,60,45,81,116,139,51,393,31,945
LGA36070,0,9,3,3,0,7,0,0,0,21,0,0,0,0,0,0,0,0,0,6,4,64,8,24,27,43,8,33,3,209
LGA36150,0,0,0,0,0,3,0,3,0,10,0,3,0,0,0,0,0,4,3,16,24,23,20,24,45,61,29,140,7,365
LGA36250,49,288,248,252,353,323,132,255,16,1915,43,221,155,163,271,333,86,270,300,1842,1254,6354,4710,5769,7014,6235,3022,5459,654,40472
LGA36300,0,3,0,9,3,10,6,6,0,31,4,5,3,6,5,12,4,12,8,55,12,82,57,86,113,136,60,175,11,734
LGA36370,52,180,117,190,401,321,148,270,4,1686,60,125,62,90,215,200,81,156,247,1235,1431,3961,3247,4404,8369,6223,3196,5194,587,36613
LGA36510,10,84,61,48,63,68,56,85,13,492,21,73,46,46,74,76,37,90,99,570,387,1720,1423,1715,1797,1747,1039,2318,269,12414
LGA36580,8,39,23,20,37,29,11,32,3,198,14,36,16,20,36,40,23,56,83,318,183,791,550,805,808,926,570,1273,170,6093
LGA36630,10,76,32,39,73,71,35,85,0,425,13,51,29,38,53,55,26,71,121,465,399,1287,1056,1517,1913,1436,908,2181,248,10946
LGA36660,13,73,40,80,93,98,49,75,6,523,27,65,26,52,76,75,25,62,148,554,506,1758,1323,1714,2305,1921,1066,2413,319,13319
LGA36720,112,693,508,654,770,820,392,576,39,4565,142,567,411,469,614,683,282,699,831,4706,3342,14937,12064,15522,18384,16223,9131,16330,1813,107729
LGA36820,6,38,23,39,68,64,33,50,3,318,15,59,27,29,33,45,13,51,95,364,344,1206,900,1216,1379,1140,648,1517,205,8561
LGA36910,80,374,271,294,548,505,327,464,26,2894,75,255,140,184,364,385,183,402,477,2469,2496,7699,6349,8437,13885,10590,6732,12028,1151,69361
LGA36950,3,10,4,3,7,11,4,8,3,64,0,0,5,5,7,6,0,9,28,70,63,105,76,133,250,364,128,302,84,1505
LGA36960,0,41,12,18,10,16,3,13,8,117,6,0,0,6,6,3,0,0,19,36,33,122,83,144,186,157,31,194,38,996
LGA37010,82,355,259,359,692,590,314,469,30,3153,90,255,170,222,471,451,161,342,576,2743,3100,8847,6836,9453,17618,14023,8298,12177,1328,81678
LGA37300,0,3,0,3,7,3,7,15,0,48,3,4,0,0,4,3,7,8,9,39,58,75,77,109,133,179,139,320,25,1123
LGA37310,13,61,51,55,92,115,57,100,4,554,45,57,27,49,89,80,49,194,125,712,686,1553,1143,1491,2097,2113,1513,5309,330,16235
LGA37340,21,55,46,63,102,95,55,88,11,545,30,63,35,59,83,113,54,103,144,684,538,1315,1150,1785,2422,2415,1731,3444,319,15105
LGA37400,0,6,0,0,3,7,3,0,0,14,0,4,0,0,3,5,0,4,5,17,25,24,22,38,65,81,40,225,13,537
LGA37550,0,0,0,0,0,3,0,0,0,3,0,0,0,0,0,0,0,0,0,0,3,11,10,11,21,15,10,12,0,96
LGA37570,0,0,0,0,0,0,0,0,0,3,0,0,0,0,0,0,0,0,4,4,0,3,6,9,11,18,8,15,6,81
LGA37600,0,3,3,6,0,4,0,12,0,35,0,0,0,0,0,0,0,0,18,21,17,42,30,52,115,71,23,81,30,451
LGA39090,0,0,0,0,0,0,0,0,0,0,0,0,0,0,0,0,0,0,0,0,0,0,0,0,0,0,0,0,0,0
LGA39499,171,809,427,565,511,668,287,714,59,4212,353,714,471,508,635,791,285,840,974,5569,4788,12939,9269,11598,11824,17984,8844,19262,2400,98920
LGA39799,0,4,0,0,0,0,0,0,0,5,4,0,0,0,0,3,0,6,0,12,24,7,3,7,12,17,15,114,11,202
LGA39898,0,0,0,0,0,0,0,0,0,0,0,0,0,0,0,0,0,0,0,0,0,0,0,0,0,0,0,0,0,0
LGA40070,64,282,268,325,636,384,215,254,23,2457,88,260,171,205,419,314,118,227,693,2502,4772,10675,10943,13644,30815,21161,11016,13077,1555,117645
LGA40120,8,71,41,42,65,65,34,34,6,373,22,69,33,47,32,39,15,38,57,355,363,1835,1232,1383,1256,1375,842,1375,161,9825
LGA40220,8,50,20,26,46,43,15,44,3,257,9,41,20,31,19,28,8,28,50,230,232,1097,842,1059,953,861,481,885,111,6525
LGA40250,0,5,9,8,0,7,3,5,3,50,3,3,0,3,10,3,3,3,14,35,26,34,44,107,121,100,58,102,23,627
LGA40310,14,48,21,52,61,60,35,46,0,336,16,38,22,39,50,54,30,35,54,341,372,1370,1044,1271,1532,1823,1042,1387,141,9974
LGA40430,0,3,0,3,0,4,0,0,0,7,0,4,0,3,3,4,0,7,3,22,25,96,53,88,65,92,58,173,9,662
LGA40520,5,25,13,13,48,42,13,31,5,202,10,14,10,9,31,26,9,14,32,158,196,477,450,673,951,797,370,558,79,4533
LGA40700,16,104,80,89,138,97,41,52,5,615,16,78,53,57,60,81,29,44,99,517,604,2542,2029,2243,3074,2435,1505,2049,229,16709
LGA40910,12,93,63,77,98,65,54,62,3,529,3,45,36,44,58,47,15,28,67,334,308,1678,1192,1558,1669,1184,720,1068,142,9525
LGA41010,6,3,6,6,15,20,4,11,0,70,3,12,0,0,5,6,0,5,21,56,87,161,142,190,292,241,150,278,53,1591
LGA41060,48,246,185,235,461,322,175,198,14,1888,52,155,116,144,309,258,98,139,267,1535,1325,5408,4150,5535,8874,6201,3346,4477,607,39937
LGA41140,3,19,18,15,33,27,17,21,0,160,8,12,13,17,13,20,6,22,37,144,180,539,473,597,556,637,359,694,83,4122
LGA41190,0,3,4,0,10,11,0,8,0,28,5,0,3,0,0,8,3,3,6,31,48,93,64,104,92,128,82,217,13,842
LGA41330,3,0,0,0,3,0,0,0,0,8,0,3,0,0,0,0,0,4,20,32,41,49,56,74,140,98,53,137,25,675
LGA41560,8,43,17,29,32,53,19,23,8,231,7,12,11,8,16,13,4,16,46,140,202,750,490,651,727,585,329,510,94,4350
LGA41750,0,0,0,0,3,0,0,0,0,5,0,7,0,0,0,0,0,3,3,11,23,44,42,50,31,77,29,142,6,446
LGA41830,0,0,0,0,0,7,0,3,0,17,0,3,0,0,3,0,0,0,9,18,33,83,39,68,76,76,58,237,24,686
LGA41960,0,0,0,0,3,0,0,4,0,8,0,0,0,0,3,0,0,3,6,17,25,58,39,55,50,55,21,107,13,424
LGA42030,10,50,41,39,71,63,27,37,0,338,8,24,9,12,29,17,10,23,54,188,233,1151,860,1169,1179,802,498,695,114,6699
LGA42110,0,3,6,3,4,3,4,10,0,38,3,3,0,5,3,3,3,6,21,54,41,164,140,173,144,174,129,323,38,1333
LGA42250,4,10,3,9,9,5,6,4,0,44,5,14,9,12,9,12,3,5,12,80,108,300,211,289,375,385,244,546,40,2507
LGA42600,25,104,73,101,141,97,60,90,4,704,14,57,45,40,51,60,17,32,76,384,418,2388,1663,2042,2035,1491,886,1254,175,12350
LGA42750,3,3,6,11,9,10,4,7,0,54,0,7,4,8,4,10,3,6,6,57,104,296,274,320,279,240,133,361,34,2049
LGA43080,0,0,0,0,3,3,0,3,0,9,0,0,0,0,0,3,0,7,3,13,4,39,39,73,50,82,40,161,13,497
LGA43220,0,0,0,3,6,6,4,0,0,18,3,3,0,0,3,0,6,3,3,20,30,71,51,52,52,81,50,147,13,549
LGA43360,0,10,5,6,7,3,0,6,0,36,4,3,3,3,3,0,0,3,11,28,65,133,99,111,91,115,83,165,30,897
LGA43650,5,23,10,23,21,19,14,21,0,140,6,19,17,8,36,21,17,21,32,179,188,552,488,561,764,850,617,902,87,5010
LGA43710,0,12,3,9,12,16,6,8,0,57,0,9,4,4,9,6,4,10,16,53,66,201,168,183,218,244,148,336,30,1591
LGA43790,7,32,15,21,18,35,15,23,0,171,7,16,14,20,21,13,6,18,43,162,165,518,447,605,722,758,372,769,95,4455
LGA43920,3,11,7,4,9,8,9,10,0,61,0,9,10,17,24,16,6,11,20,115,51,249,199,251,366,276,148,371,55,1966
LGA44000,0,0,0,0,0,0,0,0,0,0,0,0,0,0,0,0,0,0,0,0,0,0,0,0,0,0,0,4,0,7
LGA44060,27,160,99,114,176,141,83,99,9,910,31,88,58,61,132,115,41,75,141,747,829,3519,2560,3132,4447,2988,1773,2101,327,21670
LGA44210,0,8,3,9,4,13,4,12,0,54,7,10,9,12,7,10,0,10,20,85,78,312,293,363,355,307,200,443,45,2397
LGA44340,30,170,105,117,202,155,104,113,10,1001,21,91,63,91,117,97,38,64,141,719,1177,3918,3489,4405,5477,3753,2040,2868,336,27472
LGA44550,17,80,49,60,77,62,39,83,3,476,9,55,32,31,46,41,25,49,66,347,419,1808,1298,1629,1660,1240,841,1388,193,10479
LGA44620,18,80,50,53,132,75,63,65,5,533,8,52,30,19,73,45,23,39,67,366,389,1322,1070,1413,2180,1533,1055,1485,166,10624
LGA44830,0,3,3,0,3,0,5,3,0,22,0,3,3,0,0,3,0,6,13,28,27,120,87,111,110,124,67,276,24,945
LGA45040,0,52,38,40,79,60,30,38,3,332,12,28,21,20,59,47,9,30,57,288,341,1067,860,1103,1945,1661,783,1054,161,8977
LGA45090,4,17,12,10,23,36,18,23,3,145,8,18,6,13,20,17,0,16,32,127,190,526,378,485,712,620,380,680,83,4062
LGA45120,0,10,3,5,8,12,10,7,0,55,3,7,4,11,0,5,3,3,13,48,72,225,192,203,163,241,167,427,30,1715
LGA45290,16,137,129,144,269,218,113,131,14,1163,24,96,52,80,135,113,42,85,140,773,652,3471,2617,3052,4599,3440,2120,2777,320,23053
LGA45340,32,262,179,228,324,248,125,217,13,1625,50,157,87,124,197,159,78,160,247,1255,1396,6368,4652,5725,6943,4903,3066,4145,592,37784
LGA45400,0,0,0,3,3,0,3,6,0,14,0,3,0,0,0,4,0,0,3,12,14,51,41,45,38,50,24,87,10,354
LGA45540,0,0,0,3,0,0,0,4,0,10,0,5,0,0,0,0,0,0,3,10,13,59,51,52,46,51,20,96,7,387
LGA45680,18,117,58,74,132,103,56,69,5,646,27,88,60,82,158,105,44,70,203,835,937,2992,2701,3819,5433,3680,1855,2406,443,24272
LGA45890,76,252,268,361,823,604,339,349,28,3100,80,229,183,196,627,403,172,263,453,2601,1942,5891,4841,6712,15669,10899,7563,8565,1020,63112
LGA46090,5,29,16,32,59,42,33,29,3,242,9,17,8,7,18,22,11,10,40,143,229,614,528,715,1251,762,460,730,87,5374
LGA46300,8,42,34,48,57,53,25,39,5,303,8,17,9,29,25,30,19,20,52,210,238,942,756,1011,1272,859,647,745,128,6599
LGA46450,9,32,26,25,50,50,27,24,3,241,5,23,7,11,31,21,17,16,53,179,268,879,743,851,1085,946,818,952,131,6673
LGA46510,8,29,35,45,65,66,42,48,4,334,3,30,22,16,29,28,11,15,46,199,158,936,625,825,1122,790,445,729,93,5722
LGA46670,3,11,8,11,23,16,13,17,0,104,11,11,16,12,28,21,7,22,31,150,148,455,378,528,694,571,369,607,84,3828
LGA46860,0,4,0,3,3,0,0,0,4,18,0,7,0,0,3,0,3,0,6,25,43,117,67,67,107,89,51,106,9,658
LGA46970,0,4,0,9,4,6,4,22,0,60,4,3,3,0,0,4,4,10,16,49,150,103,162,130,172,192,298,1203,52,2468
LGA47140,42,167,124,149,378,282,164,230,13,1546,57,167,107,155,420,284,129,177,373,1872,1551,4833,4014,5362,11453,7994,5094,5664,800,46772
LGA47290,0,3,3,3,6,11,3,5,0,31,0,3,0,0,3,5,0,8,7,33,35,93,91,110,107,154,65,298,22,971
LGA47490,3,8,3,4,8,7,4,4,0,43,0,0,3,3,3,5,3,8,14,45,42,117,93,116,117,140,99,223,38,981
LGA47630,5,10,11,13,13,36,29,27,0,143,3,10,15,13,14,17,4,12,34,118,159,357,299,372,616,511,326,706,73,3421
LGA47700,30,178,140,144,184,158,107,127,7,1081,22,90,39,71,84,69,40,67,137,624,684,4191,2782,3247,3782,2467,1620,2200,333,21308
LGA47800,0,6,3,3,8,5,3,16,0,46,5,15,3,3,7,10,6,5,12,58,74,263,193,254,216,248,194,564,42,2037
LGA47910,0,7,3,4,0,3,6,3,0,27,0,0,0,0,3,3,3,3,8,27,33,118,77,92,87,129,63,202,16,817
LGA47980,46,188,156,209,286,176,100,131,18,1297,14,73,45,68,84,85,36,60,103,569,654,2710,2303,2765,3834,2863,1690,2291,260,19370
LGA48050,8,39,18,27,32,31,28,26,0,210,7,24,12,13,8,7,3,7,45,119,205,830,688,790,657,466,287,444,85,4450
LGA48130,3,8,9,5,5,8,0,7,0,51,0,3,4,5,16,11,7,15,27,83,118,312,255,351,546,376,202,513,65,2745
LGA48260,0,18,13,9,19,12,7,5,0,86,3,11,7,3,10,9,3,10,15,64,92,402,335,348,366,276,194,279,35,2332
LGA48340,0,29,13,13,22,18,4,16,0,122,16,15,13,14,19,28,8,19,31,157,271,578,405,581,736,686,421,819,76,4579
LGA48410,67,159,183,232,588,418,277,236,21,2179,43,119,92,123,287,222,106,142,274,1420,1433,4144,3919,5146,10442,7442,4691,5109,630,42959
LGA48540,9,48,30,38,64,28,17,29,0,263,3,17,17,19,35,29,21,22,59,220,322,932,832,937,1432,915,673,1003,145,7180
LGA48640,0,0,0,0,4,4,0,7,0,16,3,0,4,0,0,0,0,3,5,26,24,58,65,81,64,86,41,193,14,636
LGA48750,0,4,10,10,7,3,0,7,0,36,3,9,7,8,0,3,0,3,6,46,70,274,162,196,176,143,79,237,17,1366
LGA48830,3,17,4,20,22,27,12,18,0,128,11,20,8,7,5,18,6,19,37,130,173,529,434,484,388,531,312,775,89,3710
LGA49090,0,0,0,0,0,0,0,0,0,0,0,0,0,0,0,0,0,0,0,0,0,0,0,0,0,0,0,0,0,0
LGA49399,3,4,0,5,3,14,10,28,3,67,12,11,4,3,12,24,7,43,37,153,322,222,195,192,561,573,615,2421,105,5200
LGA49499,73,316,149,205,177,214,77,137,18,1372,137,243,123,152,174,183,64,183,265,1522,1811,5455,3686,4687,4523,5944,2625,4868,699,34306
LGA49799,0,0,0,0,0,0,0,0,0,0,0,0,0,0,0,0,0,0,0,0,14,6,3,3,8,4,5,19,0,64
LGA49898,0,0,0,0,0,0,0,0,0,0,0,0,0,0,0,0,0,0,0,0,0,0,0,0,0,0,0,0,0,0
LGA50080,18,107,64,76,144,124,59,89,13,696,26,85,45,61,65,87,38,82,113,605,648,2136,1596,2064,2642,2182,1334,1963,245,14812
LGA50210,14,143,69,96,119,116,70,84,5,718,32,97,55,47,101,120,38,80,149,716,629,2920,2169,2449,2922,2773,1394,1979,342,17569
LGA50250,20,28,23,33,48,64,39,155,11,420,102,73,45,42,66,109,56,592,250,1341,2118,1134,953,1064,1501,1771,1795,15783,594,26712
LGA50280,11,37,28,20,31,41,11,21,4,211,21,30,26,28,33,33,23,26,38,255,279,958,727,865,818,842,433,796,118,5832
LGA50350,9,25,29,19,54,68,28,38,4,275,11,40,22,19,79,73,33,47,46,367,141,583,506,605,1280,1198,692,814,114,5926
LGA50420,37,198,148,126,258,232,116,173,15,1308,36,138,107,76,198,234,95,138,163,1180,579,3262,2528,2511,3615,3354,1604,2361,375,20178
LGA50490,42,135,123,168,361,378,166,281,21,1671,57,182,141,156,416,472,166,301,368,2260,1782,3147,3255,4276,8879,8866,5284,8250,793,44530
LGA50560,0,0,0,6,0,3,3,0,0,10,0,0,0,4,3,4,0,6,3,23,19,70,52,64,42,83,29,124,8,493
LGA50630,8,4,0,0,9,3,8,43,0,77,7,5,4,0,3,4,3,10,21,54,187,101,97,74,107,185,256,1059,53,2121
LGA50770,3,0,0,6,0,0,0,0,0,14,6,7,0,0,0,3,0,4,4,29,44,73,77,81,46,86,40,199,12,656
LGA50840,4,10,7,10,9,8,8,9,0,65,5,17,3,8,8,6,3,12,19,86,68,274,205,198,188,214,164,307,43,1663
LGA50910,0,0,0,0,4,3,0,0,0,12,8,3,3,3,3,0,0,3,8,21,22,40,43,64,39,51,38,123,14,428
LGA50980,3,25,26,34,64,63,29,76,8,323,16,21,7,20,33,31,15,67,41,257,318,444,438,653,1155,1043,631,1688,134,6513
LGA51080,0,0,0,0,0,0,0,0,0,4,0,3,0,0,0,3,0,4,3,15,27,35,21,29,22,49,44,130,10,354
LGA51120,0,0,0,0,3,3,0,0,0,6,0,0,0,0,0,5,0,3,6,14,11,45,36,37,29,90,34,125,11,412
LGA51190,25,121,74,115,193,205,120,165,20,1032,51,101,61,59,138,157,73,177,170,986,1053,2527,2189,2635,4265,3727,2413,4412,431,23637
LGA51260,19,84,62,64,71,99,42,57,7,509,10,75,50,44,67,79,36,72,100,527,555,2169,1740,2015,2057,2044,1109,1725,243,13651
LGA51310,9,54,55,56,72,49,26,34,3,355,16,73,48,43,77,88,29,58,89,521,422,1989,1811,1909,2276,2140,967,1480,191,13193
LGA51330,69,285,251,266,610,598,293,406,22,2793,79,299,230,233,733,804,346,461,443,3622,1638,5930,4650,4985,11514,11407,6117,7751,941,54937
LGA51400,4,27,16,21,19,28,18,34,3,179,3,18,5,5,8,21,8,24,39,124,135,347,257,328,341,398,244,590,74,2721
LGA51470,0,0,0,0,0,3,3,0,0,10,0,0,0,0,0,0,3,0,0,12,7,23,11,20,36,39,27,39,4,204
LGA51540,3,3,9,5,11,12,7,10,0,60,3,5,8,7,13,7,7,15,24,84,131,167,153,211,327,365,358,645,53,2402
LGA51610,0,3,3,0,0,3,0,0,0,8,0,3,0,7,0,0,0,3,5,16,26,48,29,36,40,44,37,109,18,378
LGA51680,0,13,3,4,3,3,3,7,0,36,3,9,11,7,13,6,6,20,10,79,54,177,143,128,176,206,156,272,17,1344
LGA51750,7,46,25,30,46,47,21,24,0,241,10,47,24,20,28,28,15,25,43,240,195,1351,938,857,993,1002,476,774,97,6679
LGA51820,41,213,146,179,281,341,160,257,20,1641,83,233,162,195,519,616,278,482,334,2900,1389,4638,3662,4145,7745,8831,4743,7809,740,43710
LGA51890,9,19,15,15,11,17,26,15,4,122,4,11,8,10,17,18,11,30,40,152,216,434,339,365,567,646,1146,673,101,4490
LGA51960,4,6,0,3,3,11,0,14,0,43,3,6,3,0,7,3,5,19,17,64,113,117,100,118,163,206,213,937,34,2006
LGA52030,0,0,0,3,0,0,0,0,0,5,0,0,0,0,0,3,3,8,3,17,18,19,30,40,36,52,31,124,12,362
LGA52100,0,0,3,0,0,9,0,3,0,19,0,3,3,0,0,7,0,0,6,16,23,46,42,45,46,106,62,143,10,528
LGA52170,8,29,28,31,33,25,4,10,0,156,3,31,8,7,16,23,15,21,22,153,66,543,388,362,339,392,197,342,45,2678
LGA52240,0,0,0,0,0,0,0,0,3,6,0,0,0,0,0,7,0,0,3,21,25,50,29,47,33,103,49,151,13,504
LGA52310,0,0,0,0,0,0,0,0,0,0,0,0,0,0,0,3,0,0,5,8,8,15,5,13,14,37,17,70,8,186
LGA52380,0,0,0,0,0,0,0,0,0,0,0,0,0,0,0,0,0,0,0,0,0,8,4,9,9,7,0,34,3,69
LGA52450,0,0,0,0,0,7,0,5,0,18,0,0,0,0,8,6,0,3,4,32,26,65,56,61,79,93,62,168,6,609
LGA52520,0,0,0,4,3,4,3,7,0,21,0,8,3,4,5,10,4,17,8,47,25,64,53,68,52,150,80,281,15,789
LGA52590,3,6,4,7,10,0,10,3,0,36,4,6,4,4,0,7,3,5,15,46,62,164,148,128,141,195,147,415,26,1433
LGA52660,0,25,18,19,15,15,14,15,0,104,7,14,9,12,11,19,16,28,21,136,148,573,382,453,390,389,401,516,61,3306
LGA52730,3,11,13,3,5,10,3,3,0,50,3,25,7,9,5,12,3,8,9,85,106,382,285,272,183,246,122,259,28,1893
LGA52800,0,16,12,14,30,24,3,22,3,115,3,9,0,6,7,6,4,8,13,52,83,96,74,120,267,199,130,394,40,1400
LGA52870,3,10,10,3,3,12,8,9,0,62,6,11,6,12,8,12,4,12,17,82,85,265,195,234,175,210,128,328,34,1653
LGA52940,0,0,0,0,3,3,0,0,0,9,0,3,0,0,0,0,3,0,0,11,5,27,31,20,15,57,17,99,9,290
LGA53010,0,0,0,0,0,6,0,0,0,3,0,0,0,0,0,0,0,0,4,10,10,28,22,22,21,47,34,121,6,313
LGA53080,0,0,0,0,0,0,0,0,0,3,0,4,0,0,4,0,4,3,5,26,16,21,14,12,24,41,35,155,8,330
LGA53150,3,8,9,18,15,15,7,6,0,77,3,15,12,11,12,12,5,8,15,88,53,328,233,243,255,294,141,216,23,1792
LGA53220,15,33,34,17,32,36,22,100,5,290,23,25,13,12,42,33,14,102,112,379,1003,520,413,396,788,738,1136,7552,300,12850
LGA53290,9,24,20,30,54,49,38,51,7,271,9,28,10,19,27,39,12,46,52,242,285,575,413,538,675,728,541,1418,114,5287
LGA53360,3,5,3,3,4,12,4,15,3,51,6,7,0,3,5,6,3,7,4,43,53,101,76,104,141,164,101,245,18,1000
LGA53430,21,106,91,98,188,162,84,117,10,875,54,148,97,91,204,240,89,190,189,1308,968,3289,2914,2813,4648,4585,2352,3336,417,25331
LGA53570,0,8,6,9,0,7,3,3,0,44,10,12,5,4,3,14,6,15,19,87,76,242,201,206,204,330,183,439,48,1912
LGA53640,0,3,0,0,0,9,3,3,3,14,3,3,3,8,6,4,0,11,3,34,20,62,55,52,50,122,73,199,10,645
LGA53710,0,0,3,0,0,3,3,0,0,12,0,0,0,0,0,3,0,4,3,12,20,42,45,39,36,62,18,84,9,356
LGA53780,32,190,128,128,290,238,125,263,19,1412,54,147,94,108,258,237,96,165,211,1375,791,3568,2841,2913,4521,4133,2016,3107,452,24345
LGA53800,19,81,62,71,113,155,58,150,8,711,24,71,54,56,91,129,48,149,139,755,832,1685,1369,1826,2706,2694,1628,3596,325,16650
LGA53920,0,3,0,3,3,3,0,6,0,24,0,0,0,0,0,0,0,0,0,4,11,31,23,28,52,35,27,87,10,298
LGA53990,6,39,25,31,23,37,29,31,3,226,11,31,10,15,34,35,17,48,43,252,278,899,669,822,875,1036,749,1187,120,6627
LGA54060,0,7,0,0,9,5,0,6,0,36,3,3,0,3,7,7,0,8,4,38,65,150,80,133,112,129,88,252,20,1037
LGA54130,0,0,0,0,0,0,0,0,0,4,4,0,0,3,0,0,0,0,5,18,29,65,35,62,35,92,52,200,13,583
LGA54170,55,412,297,345,400,276,153,158,19,2121,61,260,139,118,173,238,69,148,342,1544,1571,9489,6700,6724,7488,6316,2876,4098,751,46015
LGA54200,19,128,67,66,116,121,65,97,12,695,25,89,56,62,104,126,45,86,106,704,402,2210,1517,1651,2317,2428,1461,2206,253,14453
LGA54280,22,48,46,37,80,98,85,217,4,638,27,43,32,40,61,92,35,117,109,564,669,1042,768,1087,1749,2007,1620,4280,267,13484
LGA54310,17,37,14,34,43,53,45,122,7,374,40,39,15,33,44,62,45,214,93,577,721,672,490,682,1055,1327,1317,4152,207,10634
LGA54340,3,7,14,11,7,23,7,13,0,88,5,7,6,6,12,14,4,8,13,75,69,175,146,204,378,340,194,282,36,1825
LGA54410,0,3,0,0,0,0,0,0,0,7,3,3,0,3,0,0,0,4,4,17,17,41,47,66,46,57,22,112,13,429
LGA54480,0,0,0,0,0,0,0,0,0,0,0,0,0,0,0,0,0,0,0,4,4,25,18,22,17,31,31,121,6,282
LGA54550,3,3,0,5,3,8,9,3,0,35,5,3,0,0,0,7,4,3,11,25,51,89,83,103,81,165,72,280,21,946
LGA54620,0,0,0,0,0,0,3,3,0,9,0,3,0,4,7,5,0,5,14,32,21,47,42,41,52,66,92,330,15,696
LGA54690,0,0,0,0,0,0,0,0,0,3,0,0,0,0,0,3,0,4,0,13,5,16,9,13,13,33,19,67,4,177
LGA54760,0,3,0,0,0,3,0,3,0,11,0,0,0,0,0,0,0,3,3,4,19,26,20,32,25,50,39,162,4,384
LGA54830,16,45,45,30,65,42,29,65,0,343,27,55,35,32,121,138,58,122,97,679,508,1037,920,1037,2504,2528,1813,2467,198,13009
LGA54900,0,3,3,0,4,11,3,9,0,25,0,0,0,4,0,8,0,8,10,31,34,53,60,72,38,139,80,264,22,764
LGA54970,0,0,0,5,4,3,0,12,0,22,4,7,0,0,7,6,0,9,10,53,192,92,79,75,153,124,251,1245,44,2257
LGA55040,0,5,4,4,6,5,4,25,0,56,0,4,4,3,5,5,4,14,13,52,129,92,90,94,140,136,196,1097,42,2020
LGA55110,27,142,105,129,176,160,97,80,14,933,24,131,98,63,74,151,42,89,161,819,784,3708,2911,3244,3551,2956,1450,2266,384,21254
LGA55180,9,14,8,15,25,30,13,24,0,136,10,14,10,12,23,31,7,22,39,164,230,510,448,505,576,725,334,719,80,4125
LGA55250,0,0,0,0,0,0,0,7,0,8,0,3,0,3,0,3,0,8,5,30,72,38,30,37,82,62,91,588,21,1030
LGA55320,34,257,205,235,402,306,137,145,14,1751,62,207,148,131,189,248,89,144,283,1497,1433,6686,5244,5247,7264,6393,2850,4282,603,40001
LGA55390,0,3,0,0,9,0,3,10,0,28,3,3,3,4,0,0,0,9,3,18,32,18,18,19,48,25,67,287,13,530
LGA55460,3,4,7,8,12,18,3,15,4,79,5,3,0,0,6,5,5,11,3,44,78,142,121,154,243,267,173,283,27,1481
LGA55530,0,0,0,0,0,0,0,0,0,3,0,0,0,0,0,0,0,0,0,0,3,18,13,20,18,26,9,60,10,172
LGA55600,0,4,0,5,6,10,14,5,0,46,3,5,0,8,3,12,10,8,10,51,49,120,101,115,120,231,115,280,28,1157
LGA55670,0,0,0,0,0,3,0,0,0,4,0,0,0,0,0,3,3,0,0,8,14,19,26,24,29,46,21,72,6,255
LGA55740,0,16,8,6,11,7,3,9,0,70,0,26,14,9,3,13,0,13,17,89,61,469,362,332,372,328,163,263,50,2397
LGA55810,0,0,0,0,0,0,0,4,0,4,0,0,0,0,0,0,0,3,4,12,20,13,0,17,14,30,19,90,9,213
LGA55880,0,3,0,0,0,0,0,0,0,6,0,0,0,0,0,0,3,3,3,8,14,27,20,22,21,41,32,103,12,278
LGA55950,0,0,0,0,0,0,0,4,0,12,0,0,0,0,0,0,0,3,8,8,3,25,17,14,14,49,26,91,7,255
LGA56090,19,85,50,37,72,67,47,58,4,434,12,61,44,28,71,89,34,67,85,483,301,1437,1058,1046,1264,1563,814,1146,164,8788
LGA56160,0,0,0,0,0,0,0,0,0,0,0,0,0,0,0,0,0,0,0,3,0,3,3,3,6,6,0,15,0,40
LGA56230,0,27,15,18,28,21,6,52,5,171,8,34,16,18,36,34,15,45,46,247,216,647,528,508,1316,716,509,871,96,5415
LGA56300,0,0,0,0,0,0,0,0,0,6,3,7,3,0,4,0,0,0,3,18,17,71,60,54,66,77,35,85,13,470
LGA56370,0,0,0,0,3,0,3,0,0,6,0,0,0,0,0,3,0,3,3,18,17,37,29,38,28,76,41,129,13,395
LGA56460,3,12,17,6,21,34,12,17,0,112,13,7,3,4,4,19,13,17,23,102,143,253,238,264,357,410,240,385,45,2339
LGA56580,26,106,105,134,187,192,73,86,10,912,15,63,58,55,77,109,28,69,128,602,884,2260,2396,2526,4134,3853,1642,2403,279,20379
LGA56620,0,0,0,4,0,3,0,0,0,17,0,0,0,3,3,0,0,4,0,7,13,27,26,58,28,36,10,23,12,231
LGA56730,4,25,19,11,37,33,13,25,0,157,11,19,16,14,28,43,21,25,29,195,169,463,434,500,824,746,539,606,76,4361
LGA56790,3,3,5,3,4,7,4,4,0,31,3,0,0,0,0,3,3,9,6,30,41,75,71,90,83,109,82,247,9,811
LGA56860,0,0,0,0,0,0,0,0,0,0,0,0,0,0,0,0,0,3,0,3,0,8,3,8,11,7,3,28,0,71
LGA56930,0,4,9,3,3,7,5,3,0,31,3,4,4,0,4,4,5,4,3,28,35,223,156,136,142,173,115,139,21,1130
LGA57000,0,0,0,0,3,0,3,6,0,14,7,0,3,0,0,5,0,7,12,31,56,39,23,23,37,53,79,515,20,846
LGA57080,80,191,234,259,708,493,260,337,30,2585,174,315,309,297,627,1008,354,606,839,4511,5125,7311,10000,9721,27213,32431,14552,20174,1720,128253
LGA57140,0,0,0,0,0,5,0,0,0,4,0,0,0,3,0,0,0,0,3,11,13,51,40,28,32,61,16,89,7,340
LGA57210,0,12,3,3,12,6,3,6,0,56,0,10,11,8,11,9,0,9,20,77,102,263,193,235,214,329,256,387,45,2019
LGA57280,12,12,16,21,45,37,33,114,3,300,13,13,16,17,25,32,18,78,58,269,394,360,333,471,757,759,633,2422,154,6286
LGA57350,0,0,3,0,0,4,0,3,0,9,0,3,0,0,0,0,0,3,5,12,26,41,41,30,24,53,36,98,14,355
LGA57420,3,0,0,0,0,3,0,4,0,7,0,0,4,0,3,0,3,3,6,24,35,47,41,43,49,63,44,219,17,559
LGA57490,47,228,176,152,236,217,115,138,10,1317,49,154,101,110,161,209,71,133,216,1198,1141,4995,3683,3856,5002,4605,2686,3618,499,30091
LGA57630,0,0,0,0,0,0,0,0,0,0,0,0,0,0,0,0,0,0,0,0,3,5,3,0,0,3,3,7,0,22
LGA57700,3,31,22,25,15,15,15,14,0,136,7,25,27,22,32,50,20,45,23,249,180,670,475,564,624,771,445,780,70,4569
LGA57770,0,4,0,0,0,5,0,3,0,12,0,4,0,3,0,3,0,0,4,13,8,31,8,31,44,44,22,109,8,305
LGA57840,10,106,56,56,82,53,40,42,7,437,20,90,57,46,64,92,10,58,86,520,424,2113,1699,1608,2270,2065,1016,1522,198,12914
LGA57910,74,457,338,362,616,620,322,355,25,3176,96,393,305,293,565,676,259,405,535,3530,2293,10255,8463,8604,14480,14095,6746,9262,1189,75381
LGA57980,13,103,83,100,201,138,76,97,5,828,34,118,70,58,105,170,50,133,179,913,1137,3514,3062,2977,4841,5360,2432,4069,405,27793
LGA58050,93,320,225,251,542,725,295,568,13,3034,88,292,209,236,549,606,225,462,416,3090,1819,6610,5374,5765,11066,10765,5488,8559,923,56371
LGA58190,0,0,0,0,0,0,0,0,0,3,0,0,0,0,0,0,0,6,3,8,5,12,15,22,20,29,17,46,3,170
LGA58260,0,3,0,0,0,4,0,0,0,7,0,0,0,0,0,4,0,3,0,12,8,18,10,9,9,29,8,26,0,119
LGA58330,3,5,4,4,0,6,3,4,0,36,4,7,7,8,0,13,0,4,11,58,46,151,120,100,71,109,70,161,17,858
LGA58400,0,0,0,0,0,0,0,0,0,3,3,0,0,0,0,0,0,0,0,4,9,8,20,7,6,24,11,50,3,154
LGA58470,0,0,0,0,0,0,0,0,0,5,0,0,0,0,0,0,0,0,0,0,0,7,3,9,3,5,3,11,0,40
LGA58510,23,98,104,99,214,173,102,94,3,913,19,108,94,74,165,172,60,120,193,1008,884,3052,2974,3051,5779,5542,2477,3681,463,27910
LGA58540,0,3,0,3,4,3,0,9,0,22,0,3,0,0,4,3,0,7,3,16,20,42,39,41,38,64,55,180,3,475
LGA58570,31,137,145,165,260,225,119,141,13,1222,28,95,95,82,125,172,53,126,132,904,668,2541,2414,2249,3792,4126,1993,2770,305,20856
LGA58610,0,3,0,0,0,10,4,8,0,27,6,5,3,3,0,0,0,3,9,26,35,92,61,82,47,135,68,154,13,688
LGA58680,0,0,0,0,0,0,3,0,0,6,0,0,0,0,0,0,0,0,0,4,12,10,8,16,12,29,14,61,0,157
LGA58760,47,346,226,245,348,438,195,373,22,2243,88,263,181,193,465,532,198,358,365,2643,1346,6383,4712,5191,7791,7839,3756,6328,769,44105
LGA58820,0,5,5,3,10,4,6,17,0,61,6,0,9,6,4,14,3,13,16,78,123,109,131,133,559,317,268,433,36,2111
LGA58890,0,0,4,0,0,0,0,3,0,10,0,3,0,0,6,0,0,3,3,14,12,56,46,34,26,42,29,124,5,380
LGA59030,0,0,0,0,0,0,0,0,0,0,0,0,0,0,0,0,0,3,6,6,11,10,7,7,15,17,47,163,7,290
LGA59090,0,0,0,0,0,0,0,0,0,0,0,0,0,0,0,0,0,0,0,0,0,0,0,0,0,0,0,0,0,0
LGA59100,0,0,0,0,0,0,0,0,0,8,3,3,0,0,0,0,0,0,3,9,15,48,22,25,26,33,23,99,8,296
LGA59170,0,0,0,0,0,0,0,0,0,6,0,3,0,0,0,3,0,3,3,15,21,44,47,44,31,60,41,162,8,456
LGA59250,3,3,0,0,0,0,0,0,0,5,0,0,0,4,0,0,3,4,5,21,69,16,32,30,45,26,55,502,9,787
LGA59310,0,8,3,3,3,9,0,0,0,28,0,3,3,0,3,6,6,7,10,40,25,79,53,75,48,134,96,163,16,688
LGA59320,0,0,0,0,0,0,0,0,0,0,0,0,0,0,0,0,0,0,0,5,27,13,18,16,21,20,12,68,4,190
LGA59330,0,0,0,0,0,0,0,0,0,8,0,0,0,0,0,0,0,0,0,4,9,29,17,26,19,27,15,66,4,212
LGA59340,4,12,9,15,15,28,8,22,0,110,11,7,3,4,15,12,11,25,21,113,191,157,134,224,384,443,300,977,59,2867
LGA59350,0,0,0,0,0,0,3,0,0,7,3,0,0,0,0,0,0,3,4,15,45,32,17,21,26,38,27,266,8,495
LGA59360,3,0,0,3,0,4,0,9,0,14,0,3,3,4,3,0,0,16,14,38,80,64,52,60,81,69,61,794,36,1290
LGA59370,0,4,5,0,0,0,3,12,0,29,4,11,3,3,0,4,3,8,3,47,36,178,110,149,102,133,84,223,18,1029
LGA59499,92,553,293,322,248,323,159,358,24,2369,265,423,262,274,305,486,154,492,512,3179,3494,7379,5206,6234,5877,9732,4125,11072,1251,54378
LGA59799,3,0,0,0,0,0,0,4,0,9,19,3,4,0,3,12,9,180,15,231,169,39,16,21,31,37,35,1225,31,1595
LGA59898,0,0,0,0,0,0,0,0,0,0,0,0,0,0,0,0,0,0,0,0,0,0,0,0,0,0,0,0,0,0
LGA60210,0,13,5,6,6,5,3,4,0,47,4,5,4,9,3,6,3,10,7,51,92,315,220,258,235,216,120,203,33,1700
LGA60410,3,12,6,17,31,25,9,19,0,132,4,6,6,10,8,22,3,6,16,79,120,365,269,319,526,495,267,388,46,2792
LGA60610,10,46,43,51,107,98,46,54,7,456,9,46,18,29,56,58,27,29,77,356,404,1279,1137,1355,2223,1576,893,1260,173,10298
LGA60810,8,44,34,30,56,44,20,33,3,269,19,32,11,23,42,33,9,17,47,237,256,851,686,775,876,892,498,700,110,5661
LGA61010,0,0,0,0,0,0,0,0,0,4,0,3,0,0,9,4,0,4,10,29,35,63,74,67,88,125,55,150,28,681
LGA61210,0,20,18,19,14,22,7,15,0,114,10,18,16,12,24,22,14,16,24,149,171,398,376,404,620,554,349,667,69,3604
LGA61410,20,104,86,104,100,90,53,52,5,602,16,56,44,51,78,66,32,39,88,463,614,2242,1765,2118,3154,2478,1229,1584,220,15404
LGA61510,0,8,9,7,5,9,3,8,0,54,9,8,11,10,16,12,11,16,23,104,100,311,261,316,369,336,241,329,61,2314
LGA61610,17,78,47,64,149,81,46,69,9,550,15,56,33,43,59,65,24,40,92,425,574,1607,1278,1524,2316,1715,1047,1350,205,11619
LGA61810,0,10,12,13,11,6,5,7,3,61,5,12,12,0,9,9,5,3,13,68,89,295,218,229,283,266,151,403,43,1974
LGA62010,0,0,0,0,3,4,0,0,0,5,0,0,0,0,0,0,0,0,0,9,14,49,44,56,39,61,27,58,15,357
LGA62210,0,9,3,8,7,12,3,4,0,37,4,11,8,10,17,19,18,16,18,112,98,212,236,260,424,426,404,352,54,2474
LGA62410,0,8,0,3,9,0,3,11,0,29,3,12,4,3,5,10,0,7,18,68,90,255,151,211,209,185,104,213,42,1462
LGA62610,16,87,86,86,180,148,74,96,9,783,26,58,41,65,160,137,42,86,173,795,653,2112,1850,2294,4117,3365,1930,2068,365,18742
LGA62810,49,243,203,258,462,298,163,209,20,1899,66,148,100,118,185,139,42,104,296,1192,2200,6195,5690,7107,11978,7745,4268,5506,652,51337
LGA63010,5,24,20,14,20,33,8,13,0,141,11,20,23,18,22,20,5,11,47,175,154,654,517,606,626,726,308,570,100,4258
LGA63210,3,4,11,4,5,4,0,3,0,40,3,8,0,0,7,3,0,4,14,47,82,213,150,151,158,174,130,252,25,1341
LGA63410,0,3,0,0,7,5,3,4,0,24,4,4,0,0,0,3,0,3,7,28,54,75,55,91,113,133,73,158,12,766
LGA63610,10,72,37,50,44,55,32,50,4,358,12,60,27,35,35,41,10,31,64,312,331,1612,1089,1202,1337,1234,678,978,137,8594
LGA63810,7,11,14,19,20,18,4,6,3,105,8,10,11,13,20,17,13,11,26,122,165,402,427,542,584,511,262,439,64,3403
LGA64010,34,179,158,160,296,245,129,154,16,1368,47,118,67,93,193,141,54,103,255,1067,1323,4276,3819,4593,7208,5160,2711,3640,539,33266
LGA64210,3,20,16,22,20,32,12,21,3,145,7,24,19,18,32,24,12,20,48,192,244,724,656,744,896,827,456,854,104,5503
LGA64610,7,25,17,19,26,30,19,9,3,150,18,25,11,17,34,29,18,24,34,203,177,496,424,654,984,757,478,748,79,4797
LGA64810,8,11,9,5,7,16,13,0,3,77,6,12,9,12,3,11,3,12,17,82,115,483,350,362,366,373,153,289,42,2533
LGA65010,0,5,5,5,0,3,3,8,0,26,10,6,3,4,3,8,0,5,7,49,40,141,128,153,122,144,80,259,23,1090
LGA65210,0,4,0,0,3,0,0,3,0,11,8,3,0,6,0,0,0,3,4,25,41,135,90,109,87,75,50,92,16,704
LGA65410,8,20,9,13,24,22,3,16,0,107,6,20,16,18,18,22,15,16,33,165,163,525,441,438,581,493,387,700,80,3819
LGA65610,4,9,7,3,3,6,7,9,4,53,3,0,0,0,0,0,3,4,20,43,107,205,152,155,208,187,292,540,53,1907
LGA65810,14,34,12,18,23,17,6,24,3,155,6,23,9,10,14,26,7,7,33,134,198,680,510,523,572,491,274,451,67,3769
LGA69090,0,0,0,0,0,0,0,0,0,0,0,0,0,0,0,0,0,0,0,0,0,0,0,0,0,0,0,0,0,0
LGA69499,11,61,37,35,35,41,19,36,4,285,39,62,46,46,62,77,29,60,112,521,518,1454,963,1119,1132,1649,727,1317,250,9132
LGA69799,0,0,0,0,0,0,0,0,0,0,0,3,0,0,0,0,0,0,0,3,5,6,3,0,3,3,3,28,0,55
LGA69898,0,0,0,0,0,0,0,0,0,0,0,0,0,0,0,0,0,0,0,0,0,0,0,0,0,0,0,0,0,0
LGA70200,15,44,34,40,168,115,58,87,3,556,19,20,25,30,100,76,31,68,96,461,486,779,679,1065,3182,2289,1203,1982,222,11881
LGA70420,5,7,11,15,28,18,4,15,4,106,0,7,6,6,22,22,3,20,36,128,84,104,98,190,478,318,123,554,69,2006
LGA70540,0,0,5,0,0,0,0,0,0,5,0,0,0,0,0,0,0,0,0,0,0,0,5,3,5,3,0,6,3,29
LGA70620,3,3,12,10,15,7,6,3,0,56,7,3,0,3,8,5,4,14,18,56,98,64,63,122,216,133,86,409,27,1215
LGA70700,0,0,0,0,0,3,0,4,5,8,0,5,3,7,3,3,0,6,10,33,21,38,36,45,104,138,45,154,22,607
LGA71000,34,120,123,157,391,361,181,270,23,1669,72,117,99,105,316,335,119,271,451,1877,1849,3073,3143,3989,11081,9145,4774,7909,1001,45963
LGA71300,3,16,30,38,57,46,4,20,6,227,4,0,6,9,13,8,3,12,97,162,171,146,219,295,448,448,270,795,142,2933
LGA72200,12,17,10,12,32,42,15,32,9,165,5,20,11,11,22,18,5,29,37,157,190,258,206,303,991,819,478,1047,78,4376
LGA72300,7,19,10,18,42,40,25,67,12,242,43,47,18,37,79,91,37,284,138,778,905,626,568,687,1785,2239,1494,7014,345,15659
LGA72330,3,15,20,13,29,8,4,10,16,124,3,7,0,0,10,14,5,11,29,83,133,107,152,161,468,496,269,554,90,2422
LGA72800,13,28,27,35,77,81,37,63,3,356,13,25,11,28,54,64,30,76,65,366,291,713,575,761,1636,1278,706,1280,155,7396
LGA73600,4,18,4,12,25,19,5,16,11,119,10,5,3,3,11,5,4,10,65,116,62,124,88,114,262,201,96,443,143,1539
LGA74050,0,29,5,12,8,7,0,9,8,81,7,3,0,0,9,3,0,0,32,53,17,115,28,65,112,71,31,84,38,567
LGA74550,3,3,9,3,8,13,3,12,0,54,3,6,0,0,4,0,0,3,26,44,16,60,46,58,111,105,49,197,33,678
LGA74560,0,0,0,0,0,0,0,0,0,3,0,0,0,0,0,0,0,0,3,3,5,11,6,3,3,5,8,6,3,46
LGA74660,5,7,6,6,44,41,3,12,11,130,5,5,3,0,10,9,4,8,72,126,73,84,94,87,357,287,95,316,110,1505
LGA74680,0,3,7,5,24,10,3,6,7,75,0,0,0,4,3,6,6,3,11,36,25,29,36,57,174,118,39,123,23,620
LGA79090,0,0,0,0,0,0,0,0,0,0,0,0,0,0,0,0,0,0,0,0,0,0,0,0,0,0,0,0,0,0
LGA79399,5,18,8,17,25,52,27,39,0,191,18,20,15,23,48,58,25,87,63,351,321,296,257,341,949,1304,644,2288,126,6534
LGA79499,11,18,6,11,11,9,8,28,5,111,22,11,23,17,22,38,21,47,47,251,334,295,225,297,358,561,299,1194,109,3674
LGA79799,0,0,0,0,0,0,0,4,0,4,0,0,0,0,0,0,3,10,3,18,9,0,3,3,4,4,7,60,3,91
LGA79898,0,0,0,0,0,0,0,0,0,0,0,0,0,0,0,0,0,0,0,0,0,0,0,0,0,0,0,0,0,0
LGA89090,0,0,0,0,0,0,0,0,0,0,0,0,0,0,0,0,0,0,0,0,0,0,0,0,0,0,0,0,0,0
LGA89399,159,811,632,720,1394,1105,684,935,73,6508,184,572,375,381,863,959,368,615,1335,5657,9400,20815,17212,21208,51430,44855,23313,29131,3273,220639
LGA89499,11,50,21,30,27,38,14,26,4,226,18,43,19,22,47,47,21,23,59,302,317,1019,574,659,860,1521,641,1078,157,6817
LGA89799,0,0,0,0,0,0,0,0,0,0,0,0,0,0,0,0,0,0,0,0,0,0,0,0,0,0,0,0,0,0
LGA89898,0,0,0,0,0,0,0,0,0,0,0,0,0,0,0,0,0,0,0,0,0,0,0,0,0,0,0,0,0,0
LGA99090,0,0,0,0,0,0,0,0,0,0,0,0,0,0,0,0,0,0,0,0,0,0,0,0,0,0,0,0,0,0
LGA99399,5,5,11,10,11,11,4,8,3,64,12,16,8,12,24,20,4,20,37,143,168,227,177,244,591,410,319,476,75,2692
LGA99499,3,0,0,0,0,0,0,0,0,3,6,0,0,0,0,3,0,3,0,16,31,8,6,7,4,22,4,31,6,118
LGA99799,0,0,0,0,0,0,0,0,0,0,0,0,0,0,0,0,0,0,0,0,0,0,0,0,0,0,0,0,0,0
LGA99898,0,0,0,0,0,0,0,0,0,0,0,0,0,0,0,0,0,0,0,0,0,0,0,0,0,0,0,0,0,0