SA4_CODE_2016,Mng_NNI_A_15_19,Mng_NNI_A_20_24,Mng_NNI_A_25_34,Mng_NNI_A_35_44,Mng_NNI_A_45_54,Mng_NNI_A_55_64,Mng_NNI_A_65_74,Mng_NNI_A_75ov,Mng_NNI_Tot,Mng_1_149_A_15_19,Mng_1_149_A_20_24,Mng_1_149_A_25_34,Mng_1_149_A_35_44,Mng_1_149_A_45_54,Mng_1_149_A_55_64,Mng_1_149_A_65_74,Mng_1_149_A_75ov,Mng_1_149_Tot,Mng_150_299_A_15_19,Mng_150_299_A_20_24,Mng_150_299_A_25_34,Mng_150_299_A_35_44,Mng_150_299_A_45_54,Mng_150_299_A_55_64,Mng_150_299_A_65_74,Mng_150_299_A_75ov,Mng_150_299_Tot,Mng_300_399_A_15_19,Mng_300_399_A_20_24,Mng_300_399_A_25_34,Mng_300_399_A_35_44,Mng_300_399_A_45_54,Mng_300_399_A_55_64,Mng_300_399_A_65_74,Mng_300_399_A_75ov,Mng_300_399_Tot,Mng_400_499_A_15_19,Mng_400_499_A_20_24,Mng_400_499_A_25_34,Mng_400_499_A_35_44,Mng_400_499_A_45_54,Mng_400_499_A_55_64,Mng_400_499_A_65_74,Mng_400_499_A_75ov,Mng_400_499_Tot,Mng_500_649_A_15_19,Mng_500_649_A_20_24,Mng_500_649_A_25_34,Mng_500_649_A_35_44,Mng_500_649_A_45_54,Mng_500_649_A_55_64,Mng_500_649_A_65_74,Mng_500_649_A_75ov,Mng_500_649_Tot,Mng_650_799_A_15_19,Mng_650_799_A_20_24,Mng_650_799_A_25_34,Mng_650_799_A_35_44,Mng_650_799_A_45_54,Mng_650_799_A_55_64,Mng_650_799_A_65_74,Mng_650_799_A_75ov,Mng_650_799_Tot,Mng_800_999_A_15_19,Mng_800_999_A_20_24,Mng_800_999_A_25_34,Mng_800_999_A_35_44,Mng_800_999_A_45_54,Mng_800_999_A_55_64,Mng_800_999_A_65_74,Mng_800_999_A_75ov,Mng_800_999_Tot,Mng_1000_1249_A_15_19,Mng_1000_1249_A_20_24,Mng_1000_1249_A_25_34,Mng_1000_1249_A_35_44,Mng_1000_1249_A_45_54,Mng_1000_1249_A_55_64,Mng_1000_1249_A_65_74,Mng_1000_1249_A_75ov,Mng_1000_1249_Tot,Mng_1250_1499_A_15_19,Mng_1250_1499_A_20_24,Mng_1250_1499_A_25_34,Mng_1250_1499_A_35_44,Mng_1250_1499_A_45_54,Mng_1250_1499_A_55_64,Mng_1250_1499_A_65_74,Mng_1250_1499_A_75ov,Mng_1250_1499_Tot,Mng_1500_1749_A_15_19,Mng_1500_1749_A_20_24,Mng_1500_1749_A_25_34,Mng_1500_1749_A_35_44,Mng_1500_1749_A_45_54,Mng_1500_1749_A_55_64,Mng_1500_1749_A_65_74,Mng_1500_1749_A_75ov,Mng_1500_1749_Tot,Mng_1750_1999_A_15_19,Mng_1750_1999_A_20_24,Mng_1750_1999_A_25_34,Mng_1750_1999_A_35_44,Mng_1750_1999_A_45_54,Mng_1750_1999_A_55_64,Mng_1750_1999_A_65_74,Mng_1750_1999_A_75ov,Mng_1750_1999_Tot,Mng_2000_2999_A_15_19,Mng_2000_2999_A_20_24,Mng_2000_2999_A_25_34,Mng_2000_2999_A_35_44,Mng_2000_2999_A_45_54,Mng_2000_2999_A_55_64,Mng_2000_2999_A_65_74,Mng_2000_2999_A_75ov,Mng_2000_2999_Tot,Mng_3000mo_A_15_19,Mng_3000mo_A_20_24,Mng_3000mo_A_25_34,Mng_3000mo_A_35_44,Mng_3000mo_A_45_54,Mng_3000mo_A_55_64,Mng_3000mo_A_65_74,Mng_3000mo_A_75ov,Mng_3000mo_Tot,Mng_PINS_A_15_19,Mng_PINS_A_20_24,Mng_PINS_A_25_34,Mng_PINS_A_35_44,Mng_PINS_A_45_54,Mng_PINS_A_55_64,Mng_PINS_A_65_74,Mng_PINS_A_75ov,Mng_PINS_Tot,Mng_Tot_A_15_19,Mng_Tot_A_20_24,Mng_Tot_A_25_34,Mng_Tot_A_35_44,Mng_Tot_A_45_54,Mng_Tot_A_55_64,Mng_Tot_A_65_74,Mng_Tot_A_75ov,Mng_Tot_Tot,Pro_NNI_A_15_19,Pro_NNI_A_20_24,Pro_NNI_A_25_34,Pro_NNI_A_35_44,Pro_NNI_A_45_54,Pro_NNI_A_55_64,Pro_NNI_A_65_74,Pro_NNI_A_75ov,Pro_NNI_Tot,Pro_1_149_A_15_19,Pro_1_149_A_20_24,Pro_1_149_A_25_34,Pro_1_149_A_35_44,Pro_1_149_A_45_54,Pro_1_149_A_55_64,Pro_1_149_A_65_74,Pro_1_149_A_75ov,Pro_1_149_Tot,Pro_150_299_A_15_19,Pro_150_299_A_20_24,Pro_150_299_A_25_34,Pro_150_299_A_35_44,Pro_150_299_A_45_54,Pro_150_299_A_55_64,Pro_150_299_A_65_74,Pro_150_299_A_75ov,Pro_150_299_Tot,Pro_300_399_A_15_19,Pro_300_399_A_20_24,Pro_300_399_A_25_34,Pro_300_399_A_35_44,Pro_300_399_A_45_54,Pro_300_399_A_55_64,Pro_300_399_A_65_74,Pro_300_399_A_75ov,Pro_300_399_Tot,Pro_400_499_A_15_19,Pro_400_499_A_20_24,Pro_400_499_A_25_34,Pro_400_499_A_35_44,Pro_400_499_A_45_54,Pro_400_499_A_55_64,Pro_400_499_A_65_74,Pro_400_499_A_75ov,Pro_400_499_Tot,Pro_500_649_A_15_19,Pro_500_649_A_20_24,Pro_500_649_A_25_34,Pro_500_649_A_35_44,Pro_500_649_A_45_54,Pro_500_649_A_55_64,Pro_500_649_A_65_74,Pro_500_649_A_75ov,Pro_500_649_Tot,Pro_650_799_A_15_19,Pro_650_799_A_20_24
101,0,3,12,29,57,72,61,5,240,11,7,12,16,37,58,31,9,182,4,10,25,39,68,84,74,19,333,10,5,23,56,79,114,95,28,411,6,19,19,65,76,117,127,27,466,10,27,65,136,180,187,173,55,820,9,62,130,159,201,211,132,35,938,3,71,214,229,271,285,118,39,1237,0,38,253,277,365,315,141,42,1429,0,21,148,211,285,225,89,33,1009,3,6,102,216,277,204,56,17,876,0,0,80,166,187,133,47,8,626,0,4,130,322,432,274,82,26,1282,0,0,38,156,266,199,67,30,753,6,3,18,38,39,50,37,23,197,59,276,1278,2116,2830,2521,1326,390,10800,5,0,0,11,12,5,3,3,38,18,11,26,18,16,21,9,0,110,14,16,39,60,41,48,19,3,240,5,6,33,61,52,73,15,3,250,7,17,43,59,76,72,39,17,337,8,33,112,123,135,139,69,12,633,5,42
102,0,3,6,30,37,24,6,3,109,21,4,17,25,24,18,10,0,116,20,20,19,39,30,35,23,12,190,9,20,36,55,70,52,23,12,286,4,35,38,53,65,75,27,14,315,20,45,97,119,113,122,60,9,583,13,98,187,169,188,122,47,12,840,5,131,335,300,313,230,67,11,1384,3,88,404,364,429,287,60,12,1644,3,25,247,317,354,198,52,4,1201,0,8,167,318,318,210,39,3,1064,0,3,89,244,287,141,19,0,787,0,3,161,475,538,321,61,13,1565,0,3,42,212,303,202,52,6,822,0,3,20,35,53,29,15,11,168,106,493,1861,2754,3119,2065,560,116,11074,0,3,18,19,15,23,3,0,80,39,36,47,65,40,21,9,3,255,21,51,67,95,62,64,14,3,391,10,63,91,96,78,71,41,12,460,16,75,125,137,103,102,46,4,613,15,90,213,246,229,198,80,15,1081,7,132
103,7,3,27,54,85,128,88,10,407,17,7,10,21,40,51,42,10,209,9,15,29,41,72,96,103,38,407,11,11,41,56,87,122,130,55,517,16,16,38,87,122,157,141,55,631,20,36,100,137,168,234,184,75,961,11,81,170,196,230,224,185,72,1175,11,73,243,259,333,322,176,66,1483,0,59,278,332,357,313,171,61,1573,0,12,170,273,312,252,101,20,1139,0,12,158,234,261,220,81,34,998,0,6,91,188,186,172,65,15,723,0,3,164,386,492,341,59,18,1456,0,0,61,201,306,248,89,31,940,0,5,18,39,49,51,62,37,264,99,342,1617,2507,3099,2928,1678,606,12875,3,0,5,15,8,5,3,0,40,21,22,31,21,16,22,7,0,129,16,23,44,44,32,40,8,3,210,14,17,64,44,49,58,40,8,300,3,31,78,91,52,70,29,4,363,11,51,148,156,132,121,59,13,702,9,69
104,3,4,15,17,40,47,11,0,140,8,0,7,19,25,20,14,3,86,6,7,13,39,36,52,27,7,189,4,11,21,28,54,83,43,10,246,8,9,44,45,60,100,54,15,334,9,21,50,66,115,115,57,27,457,8,42,98,114,161,143,58,11,636,4,53,165,178,190,161,45,20,810,0,13,145,189,195,151,43,5,749,0,9,82,155,151,106,42,8,552,0,0,67,97,160,121,26,10,478,0,0,30,88,99,86,10,4,320,0,0,43,166,234,165,27,9,636,0,0,17,53,108,83,17,7,283,0,0,6,10,22,17,12,4,80,45,168,802,1258,1646,1446,491,135,5998,0,3,3,7,14,4,0,0,31,7,3,18,12,8,21,3,0,70,3,16,32,35,31,32,13,0,159,0,17,28,45,42,69,19,3,229,4,13,50,61,56,76,24,7,288,4,23,82,112,119,109,52,3,518,0,42
105,4,6,13,52,96,106,51,16,338,9,0,7,16,30,42,21,8,130,5,4,20,38,57,63,61,23,276,4,9,12,44,59,83,66,36,310,12,12,35,36,96,100,62,36,395,4,19,64,82,135,143,96,45,596,4,41,119,120,135,161,89,18,686,10,48,137,137,171,186,79,34,802,3,34,183,173,224,228,86,36,962,0,13,106,142,170,124,57,21,622,0,0,86,152,181,135,50,15,616,0,0,47,97,125,136,42,11,460,0,3,83,199,259,200,37,10,801,0,0,43,108,161,150,49,23,539,0,9,18,28,56,57,46,26,235,54,196,974,1416,1960,1905,895,361,7774,0,0,3,4,9,7,0,0,32,12,0,15,12,3,8,0,0,53,7,10,24,25,15,19,9,3,111,4,6,15,23,19,22,16,3,96,5,11,32,27,29,22,20,9,158,3,28,74,60,59,50,22,3,299,5,32
106,0,0,21,26,42,60,34,9,187,19,0,10,27,15,22,27,5,127,10,12,17,46,59,63,56,24,275,11,13,15,39,63,76,71,26,307,16,16,39,47,81,88,56,23,368,23,54,80,102,129,132,100,42,654,16,86,170,159,205,163,71,15,883,10,112,288,248,237,200,70,20,1182,5,73,327,320,334,238,106,25,1426,0,23,198,251,292,180,59,9,1022,0,15,183,292,263,213,65,11,1044,0,3,115,220,213,150,28,4,731,0,0,203,487,532,359,58,10,1658,0,3,83,310,402,255,78,24,1157,3,4,18,25,47,61,13,13,180,104,411,1763,2602,2916,2255,891,267,11197,3,0,8,22,13,6,3,0,60,37,18,26,30,21,12,8,0,143,13,32,50,55,42,33,10,0,235,3,21,57,80,50,54,26,8,304,5,27,96,89,67,89,34,6,418,11,52,159,152,148,150,50,11,732,5,70
107,3,5,15,21,25,16,8,0,102,17,3,7,18,15,15,10,0,87,10,13,26,28,37,34,11,0,166,9,23,35,44,35,48,22,5,220,16,38,49,58,56,57,29,6,312,19,68,88,105,124,68,43,4,518,12,75,181,165,153,108,34,3,734,6,97,305,260,232,158,48,8,1110,0,56,331,332,305,202,53,6,1289,3,31,235,290,251,168,24,3,998,0,14,191,321,330,193,44,4,1103,0,3,93,227,292,167,27,7,816,0,3,186,531,614,409,50,9,1793,0,3,45,242,371,246,32,0,936,0,16,24,33,21,30,9,3,133,99,443,1820,2669,2858,1920,448,72,10332,3,10,17,20,17,10,3,0,72,70,79,56,63,36,15,11,0,333,28,88,115,84,54,51,10,0,433,19,89,100,102,77,71,27,6,494,15,94,142,136,107,87,31,10,624,19,118,282,250,193,139,74,10,1079,12,146
108,0,3,12,28,40,70,27,3,188,15,4,5,17,29,48,24,11,159,8,8,23,29,60,80,80,30,312,10,18,25,61,90,125,100,29,457,7,5,22,49,104,117,95,29,428,8,32,56,101,136,169,142,27,678,3,66,116,150,200,192,80,34,841,6,69,169,210,259,218,75,28,1028,0,28,195,229,278,229,93,9,1069,0,8,84,188,207,160,59,8,717,0,3,59,164,213,127,21,5,596,0,0,40,107,146,112,17,4,427,0,0,58,230,257,234,52,12,829,0,0,21,99,145,94,39,4,409,0,3,9,27,44,34,22,18,153,61,245,904,1688,2202,2008,929,249,8279,4,0,3,4,9,5,0,0,25,19,3,13,19,11,19,3,0,92,7,15,32,40,41,72,21,0,225,9,19,48,48,46,90,30,9,290,3,25,53,77,96,111,50,5,417,3,38,105,143,180,174,64,12,719,8,52
109,8,3,16,37,54,59,35,12,230,9,5,17,25,29,39,25,3,159,12,7,13,20,53,65,46,18,235,10,7,23,36,48,107,52,14,296,9,12,25,43,70,107,52,18,348,11,29,63,101,116,170,106,37,635,3,41,112,127,180,158,97,31,749,9,58,183,198,206,201,82,28,959,3,44,213,238,274,257,80,22,1129,0,14,112,219,188,158,45,19,757,0,11,93,183,231,148,31,8,695,0,0,39,108,148,115,29,9,447,0,0,63,232,302,216,39,14,868,0,3,21,76,146,130,54,14,445,4,3,14,30,28,35,32,19,160,77,238,1007,1682,2090,1966,805,266,8120,0,0,3,5,3,11,0,0,24,26,5,4,12,8,6,6,0,57,17,11,32,19,17,22,11,0,113,4,7,24,25,25,29,18,0,133,4,10,36,31,35,51,16,4,195,10,29,70,98,75,79,42,9,403,0,50
110,11,3,20,72,147,165,102,19,553,19,7,15,24,56,67,58,12,256,3,12,36,56,92,158,87,43,492,4,15,27,62,130,142,141,84,606,12,19,38,86,142,156,166,65,674,13,30,75,138,188,239,207,82,972,18,84,154,168,234,257,141,47,1104,10,91,238,279,313,298,174,54,1461,0,58,292,332,378,363,171,49,1640,0,32,188,259,263,225,99,29,1092,0,10,151,243,275,214,86,17,1001,3,7,67,144,177,154,64,18,630,0,0,113,295,392,263,79,25,1165,0,0,40,153,234,227,75,26,760,0,10,12,34,59,83,72,41,300,94,382,1473,2328,3070,3020,1720,612,12701,0,4,9,10,4,9,0,0,42,32,12,17,17,21,28,3,0,124,12,14,32,47,45,35,13,3,203,3,25,50,55,37,49,22,5,240,16,23,58,67,59,58,33,15,321,7,52,117,136,109,126,52,9,618,14,69
111,0,5,21,38,25,29,8,0,121,18,6,17,24,14,15,7,4,97,13,27,22,29,28,31,21,3,169,15,18,37,45,43,42,30,3,231,8,34,50,61,53,59,25,6,296,22,73,107,104,121,109,40,6,584,19,145,239,193,225,154,44,9,1022,12,186,439,349,329,209,50,9,1584,0,126,541,506,436,290,67,13,1974,0,21,368,452,407,266,54,4,1577,0,14,339,456,498,264,46,10,1612,0,4,183,398,377,242,30,0,1238,0,5,326,933,988,583,80,10,2925,0,3,86,515,643,395,75,10,1731,3,7,34,49,45,28,8,6,175,113,671,2808,4141,4239,2716,565,87,15337,0,10,14,18,31,24,4,3,98,99,97,52,66,40,38,6,3,404,44,123,130,105,94,65,22,8,578,29,102,177,159,97,92,35,13,697,13,105,204,209,123,106,60,13,832,18,138,405,407,266,202,96,29,1557,16,224
112,3,0,8,43,68,61,31,5,219,25,0,18,28,44,45,18,16,184,3,3,27,41,81,106,55,28,353,9,5,33,68,92,111,99,42,470,8,19,54,92,125,160,100,31,596,20,51,84,139,194,214,131,56,876,10,70,153,182,269,241,101,33,1062,5,76,222,312,327,271,128,26,1376,0,39,267,362,394,362,120,20,1561,0,14,149,247,281,210,66,19,982,0,3,92,237,263,178,49,10,829,0,0,66,158,178,150,40,4,606,0,0,82,290,347,297,55,14,1084,0,0,33,134,209,181,64,17,643,0,6,22,29,38,38,27,8,175,86,294,1321,2357,2899,2621,1081,341,11009,4,0,10,15,9,17,0,0,62,17,11,24,40,29,24,13,3,160,6,29,49,80,74,76,27,0,353,7,22,61,111,89,128,51,10,466,11,33,104,153,120,162,59,13,643,11,54,181,238,235,224,89,10,1030,5,74
113,6,3,20,30,49,74,39,15,244,8,4,14,7,29,27,30,7,124,6,8,24,33,59,66,41,21,255,9,8,36,42,84,87,69,47,389,18,11,35,54,82,113,91,39,436,19,42,86,104,141,181,144,50,770,11,67,148,157,208,218,131,36,979,11,79,261,222,308,227,134,39,1288,9,44,257,306,354,325,125,40,1452,0,23,193,247,273,228,99,29,1097,0,14,139,232,283,222,69,10,970,0,0,87,193,201,137,47,19,684,0,0,121,316,378,290,50,15,1172,0,4,35,142,199,212,84,30,694,0,10,34,35,52,55,34,19,242,102,323,1487,2126,2705,2466,1185,405,10796,0,0,4,7,5,0,3,0,27,13,15,16,21,18,7,3,3,87,3,19,21,29,26,19,11,0,127,3,17,38,45,24,16,18,3,170,8,19,46,49,31,35,28,3,212,16,32,124,110,75,87,24,8,476,13,98
114,0,3,13,17,24,39,8,0,102,9,0,9,12,15,9,14,3,69,3,3,19,35,25,34,21,7,147,10,9,34,27,41,52,42,7,220,17,10,28,45,65,52,41,16,271,16,26,53,70,109,95,69,15,455,12,50,86,118,129,122,42,21,576,0,49,153,155,168,111,62,14,709,3,51,166,175,231,177,71,25,899,3,9,85,140,162,144,48,8,606,0,6,102,148,166,128,41,10,598,0,3,47,119,141,113,25,6,462,0,0,63,191,256,205,45,5,777,0,3,31,77,131,120,48,8,419,5,10,9,19,30,29,12,6,112,63,240,887,1358,1693,1437,580,157,6411,0,3,3,11,5,7,4,0,38,11,7,16,25,25,15,8,0,116,7,13,22,49,27,53,14,10,192,3,12,36,44,57,52,33,10,253,7,19,37,66,68,66,40,7,307,4,34,124,112,124,124,70,15,606,4,44
115,0,3,25,26,30,29,14,3,127,18,10,16,14,21,14,10,0,94,10,12,15,36,27,29,20,9,163,8,27,19,40,55,46,28,11,231,3,16,26,62,62,52,24,7,259,7,38,64,85,120,95,52,24,475,10,92,111,151,144,117,37,12,674,11,112,260,222,205,132,59,12,1013,0,89,363,298,301,196,76,7,1330,0,39,267,294,271,187,48,9,1116,0,13,237,357,307,186,54,11,1166,0,3,181,294,242,159,38,0,919,0,6,337,805,690,405,92,9,2346,0,0,116,661,734,356,81,11,1968,0,10,30,28,37,32,13,3,157,80,482,2073,3368,3238,2018,653,132,12048,9,7,19,14,25,14,11,0,96,115,61,32,59,37,26,9,0,350,48,94,68,87,54,43,21,0,406,21,65,84,79,72,61,27,10,413,10,70,102,92,93,61,33,8,474,6,92,164,202,156,120,61,8,803,10,117
116,0,0,14,23,23,15,5,0,86,15,14,12,10,6,8,0,3,57,19,15,24,32,18,19,4,0,131,8,19,34,34,34,26,13,9,180,14,31,41,48,63,47,9,3,250,18,46,90,90,100,57,34,3,438,17,83,142,145,144,105,24,3,660,12,115,290,237,212,125,28,3,1028,4,73,470,371,343,185,34,0,1489,0,25,294,369,328,193,50,5,1264,0,18,289,408,366,243,38,4,1364,0,9,176,333,342,200,41,3,1098,0,8,332,795,789,460,68,3,2458,0,5,88,450,581,368,68,7,1565,3,8,22,38,50,30,8,0,162,102,458,2324,3388,3397,2094,426,42,12233,4,5,17,20,14,12,3,0,73,51,57,33,33,17,18,0,0,214,23,54,59,92,36,22,16,0,309,14,45,67,77,50,48,21,5,314,5,58,105,80,51,47,22,0,381,9,70,201,159,113,91,50,0,695,11,110
117,4,20,111,122,90,33,15,6,390,27,28,49,39,38,19,10,0,210,16,66,99,71,49,41,13,0,356,16,111,145,129,111,67,32,3,612,11,114,211,126,116,96,27,3,707,32,183,442,299,256,184,77,17,1487,26,386,841,530,379,215,90,18,2477,25,729,2068,965,676,364,121,17,4962,9,703,3713,1857,1125,570,167,19,8161,3,306,3121,2126,1180,655,172,14,7585,5,174,3232,2778,1608,815,180,16,8813,4,69,2616,2812,1785,786,159,13,8247,0,52,5906,9181,5690,2490,357,30,23700,6,9,2946,12052,10402,4108,686,96,30313,4,38,214,287,247,96,27,6,921,189,2974,25719,33372,23750,10548,2138,260,98950,13,63,154,148,94,59,14,3,550,157,355,211,133,95,61,24,5,1038,132,569,389,239,134,117,55,6,1644,64,513,538,303,195,166,80,13,1865,50,530,677,351,237,184,129,20,2172,81,753,1377,759,460,382,153,32,3995,117,1342
118,3,0,38,36,38,16,6,0,142,8,5,8,23,20,8,3,0,77,14,20,33,37,33,18,11,0,156,13,22,45,38,37,21,13,6,191,4,25,50,44,53,44,16,9,244,13,40,117,86,79,64,34,10,443,13,107,183,147,109,82,42,6,697,7,130,393,222,186,120,54,6,1118,0,126,584,378,278,185,55,13,1628,0,38,395,325,254,137,47,10,1206,0,22,346,356,264,175,48,11,1214,0,10,229,306,261,130,36,10,983,0,7,369,710,588,321,86,15,2102,0,3,136,535,654,382,118,36,1875,0,0,35,39,46,29,11,10,163,81,559,2967,3279,2897,1741,570,142,12228,9,17,32,41,31,14,11,0,148,112,178,55,68,40,30,11,0,501,43,183,103,105,62,49,17,11,588,22,108,144,128,72,76,26,9,587,15,107,177,120,113,81,51,16,667,3,158,379,242,186,161,75,14,1222,5,163
119,5,11,42,34,40,17,12,3,165,11,15,19,11,19,10,11,0,93,17,21,43,53,43,35,12,8,236,16,25,70,66,56,49,19,12,305,7,40,78,89,71,71,23,3,395,27,52,145,161,201,155,74,12,829,9,101,274,259,279,178,52,8,1167,10,131,472,425,409,229,84,15,1774,0,90,659,529,473,326,88,6,2168,0,42,426,452,462,251,68,4,1704,0,18,346,527,466,304,50,9,1729,0,6,224,416,390,223,55,9,1325,0,7,390,923,910,604,90,13,2938,0,0,92,511,728,392,107,17,1855,3,10,43,53,78,30,13,3,227,112,570,3335,4500,4628,2891,758,119,16916,8,16,35,41,37,18,0,0,147,131,100,64,65,37,27,18,4,455,58,143,121,107,81,72,28,7,614,33,113,166,163,97,101,44,14,738,19,103,193,175,170,125,63,15,852,10,132,416,356,287,206,105,13,1522,11,221
120,0,5,33,41,32,22,6,3,139,13,5,16,16,12,10,3,0,81,4,8,26,27,32,30,6,0,134,4,27,42,57,63,44,11,0,247,4,28,64,37,45,56,18,4,252,12,46,125,104,126,94,32,3,533,4,81,224,167,139,124,37,3,772,4,119,417,300,233,144,63,4,1292,0,88,581,442,343,186,59,12,1718,0,32,454,365,287,196,51,3,1390,0,21,344,472,340,238,42,8,1468,0,4,249,346,293,201,39,4,1135,0,6,408,980,891,500,80,15,2872,0,3,162,784,901,476,113,22,2464,3,4,27,52,43,24,8,3,160,60,474,3162,4199,3769,2337,560,89,14651,6,4,21,29,25,24,3,0,114,105,91,54,66,42,19,13,3,400,70,128,87,102,81,42,26,8,545,17,77,115,135,94,68,45,17,569,10,83,170,126,110,74,42,12,634,6,126,282,266,200,150,72,22,1129,6,157
121,0,12,57,67,76,34,16,12,276,22,11,18,35,42,25,16,5,176,16,38,27,49,70,39,13,3,264,12,39,54,67,64,66,31,4,338,13,59,81,94,104,64,44,12,470,19,75,154,160,173,130,69,9,789,10,141,288,286,249,183,66,11,1238,12,257,594,403,384,264,118,7,2035,6,251,1063,674,484,361,143,23,3000,0,106,930,762,559,335,108,12,2826,0,44,917,914,733,422,116,17,3162,0,21,641,901,652,354,105,10,2689,0,14,1511,2846,2094,1064,224,22,7781,3,6,707,3326,3837,1708,372,76,10038,0,16,70,108,96,44,24,10,372,117,1097,7113,10686,9625,5107,1471,231,35455,11,17,65,87,68,42,18,9,317,250,201,89,115,112,61,16,8,858,119,261,138,184,142,99,72,24,1042,41,211,202,222,183,136,83,24,1096,29,208,245,273,227,160,108,22,1275,23,242,461,434,377,271,159,50,2012,23,370
122,3,0,21,37,55,19,5,0,139,22,3,17,30,20,8,0,0,99,13,10,13,35,31,16,10,4,146,4,29,28,32,63,26,22,5,209,4,28,30,47,63,49,24,8,259,10,41,57,112,96,86,40,10,458,6,63,131,140,135,121,52,15,666,6,97,307,240,225,171,45,11,1108,5,78,459,368,324,206,77,11,1526,0,32,338,339,364,199,71,4,1345,0,11,244,431,372,213,44,3,1327,0,5,176,323,295,178,42,11,1018,0,3,295,753,684,434,90,12,2281,0,0,115,621,778,427,105,25,2068,0,5,24,41,46,36,10,5,166,81,407,2266,3551,3553,2188,654,128,12822,7,5,12,40,37,11,11,0,122,96,37,40,74,49,26,13,3,337,35,71,56,114,78,68,32,10,457,12,60,71,138,101,70,33,15,499,8,48,103,145,127,83,55,17,584,3,66,195,243,213,151,87,23,990,6,102
123,3,0,7,18,22,16,5,0,67,16,3,3,15,12,11,3,4,70,14,6,14,20,25,24,9,4,121,9,7,11,29,28,33,11,0,133,11,23,25,39,46,37,15,3,190,14,33,48,78,83,69,17,10,366,16,69,140,126,121,86,26,3,585,5,94,250,202,174,122,26,5,878,6,66,294,285,254,181,35,3,1123,0,25,216,235,223,139,31,4,872,0,12,164,273,239,152,32,0,876,0,7,112,192,203,99,26,0,634,0,3,161,408,413,308,50,3,1350,0,0,35,203,257,163,29,11,695,7,3,15,22,26,21,14,3,106,106,357,1508,2143,2130,1445,333,53,8068,3,3,11,9,12,4,0,0,50,59,41,40,17,16,7,5,0,198,20,61,54,34,26,34,14,3,247,20,48,65,62,40,46,20,7,298,17,30,75,70,50,42,27,3,315,10,41,166,125,95,77,40,3,558,0,104
124,0,6,19,26,32,14,6,3,109,19,3,10,10,12,15,8,3,78,15,20,16,26,24,29,13,8,145,9,14,28,59,45,50,34,3,232,9,27,43,63,56,59,28,3,294,22,52,87,95,123,114,56,7,556,17,93,139,136,163,145,48,13,759,11,125,310,265,263,151,45,10,1171,0,98,334,349,309,233,70,10,1403,0,29,231,312,284,190,54,5,1101,0,18,200,276,343,183,45,4,1066,0,5,94,253,269,174,33,0,837,0,3,187,553,579,453,72,10,1851,0,0,48,225,339,190,41,3,849,4,11,36,33,57,37,8,3,185,119,507,1772,2688,2888,2022,557,90,10640,0,3,9,20,14,9,3,0,65,77,40,41,35,32,29,13,0,265,25,56,56,74,62,74,40,3,380,17,52,84,99,89,72,52,4,467,16,50,107,108,99,98,43,10,538,18,89,247,217,151,205,74,10,1010,7,97
125,3,8,31,44,38,31,11,3,165,17,13,17,13,17,10,11,3,97,8,18,33,44,39,39,18,0,204,17,36,69,85,62,55,31,7,365,12,46,88,90,78,70,27,3,409,8,77,197,194,191,115,32,8,817,11,132,309,259,254,174,59,11,1218,8,213,700,509,410,235,66,8,2150,4,183,1030,730,609,363,88,6,3009,3,75,719,767,620,384,84,11,2661,0,44,715,894,760,446,80,8,2953,0,16,523,833,706,434,70,3,2587,0,12,835,2040,1934,1081,154,15,6068,0,8,292,1288,1651,995,183,22,4431,0,16,60,67,90,46,9,5,286,106,908,5613,7847,7453,4463,929,113,27428,8,8,42,46,21,24,7,0,157,121,114,51,64,40,30,9,3,437,56,140,155,121,82,72,31,8,660,20,127,189,174,115,110,36,12,793,17,125,237,182,134,128,43,5,873,22,159,473,361,236,196,75,19,1535,12,299
126,0,0,19,20,31,16,0,3,93,12,5,10,18,15,4,7,0,70,10,17,9,31,32,20,6,0,118,5,20,34,33,30,26,15,0,165,9,31,41,33,56,30,16,7,223,0,38,66,75,80,52,13,3,328,3,57,114,98,105,55,23,3,457,3,99,269,168,155,108,30,3,845,0,89,399,312,223,148,43,11,1226,0,41,378,322,252,132,39,5,1176,0,26,384,444,291,191,28,0,1354,0,6,316,480,348,194,29,3,1383,0,13,727,1695,1245,551,70,0,4308,0,3,348,1905,2020,887,83,16,5263,0,6,39,52,37,21,7,3,174,41,455,3157,5685,4917,2436,409,61,17170,0,8,18,23,23,17,4,0,95,107,98,48,59,27,25,5,3,366,60,128,77,74,65,45,18,7,476,25,78,101,86,67,72,29,5,470,6,70,131,89,67,66,42,11,486,9,89,263,182,142,146,52,14,895,5,127
127,7,12,24,33,33,13,11,0,132,15,13,13,6,4,14,8,0,66,16,20,20,30,37,37,9,3,174,5,22,43,52,66,56,36,3,288,10,40,52,76,112,63,32,4,393,16,57,109,142,138,125,37,3,625,18,100,219,191,260,158,58,10,1016,4,121,340,303,313,204,41,5,1345,5,129,491,415,398,256,72,10,1767,0,35,356,370,377,234,53,8,1433,0,20,313,435,407,229,49,4,1450,0,4,212,350,334,220,27,4,1162,0,6,360,758,698,435,79,4,2337,0,0,78,333,518,357,72,21,1377,4,3,36,36,56,40,14,3,190,105,591,2672,3521,3751,2436,587,86,13750,4,10,25,18,16,5,3,0,82,84,75,40,32,21,13,5,0,280,57,96,66,56,36,29,10,3,356,30,64,95,81,60,42,15,3,390,13,50,123,101,77,65,30,12,468,6,94,223,230,141,120,51,12,874,11,162
128,0,4,11,14,21,17,14,0,78,20,6,5,7,15,9,4,0,75,11,10,14,16,18,22,7,4,97,10,11,25,34,43,29,18,6,174,12,25,24,35,42,33,13,3,188,14,37,53,62,55,50,23,8,308,8,74,119,134,118,86,36,0,570,6,101,251,185,169,130,37,3,892,0,51,280,250,263,181,51,3,1086,0,25,224,234,224,135,39,5,873,0,12,191,242,236,160,34,4,870,0,9,127,187,181,113,26,0,643,0,0,160,418,415,276,47,7,1324,0,0,56,222,316,183,54,11,843,0,9,27,30,27,28,11,0,126,89,364,1568,2070,2133,1449,417,59,8152,0,4,18,23,14,10,7,0,71,80,36,29,42,30,22,9,3,246,22,64,62,64,38,32,9,9,295,13,47,68,71,53,48,39,0,340,0,44,71,91,74,51,38,15,379,7,66,141,157,109,133,64,9,690,9,97
197,0,0,0,0,0,0,0,0,0,0,0,0,0,0,0,0,0,0,0,0,0,0,0,0,0,0,0,0,0,0,0,0,0,0,0,0,0,0,0,0,0,0,0,0,0,0,0,0,0,0,0,0,0,0,0,0,0,0,0,0,0,0,0,0,0,0,0,0,0,0,0,0,0,0,0,0,0,0,0,0,0,0,0,0,0,0,0,0,0,0,0,0,0,0,0,0,0,0,0,0,0,0,0,0,0,0,0,0,0,0,0,0,0,0,0,0,0,0,0,0,0,0,0,0,0,0,0,0,0,0,0,0,0,0,0,0,0,0,0,0,0,0,0,3,0,0,0,0,0,0,0,0,0,0,0,0,0,0,0,0,0,0,0,0,0,0,0,0,0,0,0,0,0,0,0,0,0,0,0,0,0,0,0,0,0,0,0,0,3,0,0,0,0,0,0,0,0,0,0,0
199,3,3,21,33,35,25,8,3,133,11,5,11,27,24,19,7,0,106,3,14,28,21,37,28,20,7,162,15,14,48,58,63,55,35,5,285,21,35,38,53,69,60,43,9,321,21,38,64,121,142,137,42,10,575,8,82,140,147,155,141,32,3,711,5,83,225,259,258,175,41,10,1051,7,66,341,371,367,244,51,8,1455,0,42,275,365,337,209,49,3,1280,0,21,237,353,298,167,35,3,1109,0,10,143,238,211,98,24,0,728,0,7,203,404,348,153,23,8,1137,0,3,85,212,210,120,30,7,666,3,12,41,60,51,39,17,10,237,99,448,1901,2723,2603,1656,455,84,9963,3,17,32,29,22,8,8,0,111,223,243,66,78,67,42,8,0,729,77,212,152,124,96,99,39,3,798,42,146,172,137,161,123,54,7,834,10,105,162,134,155,136,59,9,765,16,106,258,221,203,194,89,13,1101,9,114
201,4,5,12,32,44,51,29,3,178,11,9,10,21,20,28,18,8,121,8,20,10,29,38,70,44,7,229,11,15,24,42,58,51,50,28,274,9,22,30,50,86,77,63,23,360,5,56,76,80,104,97,67,10,505,11,54,101,125,149,145,67,19,679,3,73,186,188,197,154,61,18,872,0,36,215,211,209,200,49,14,934,0,13,125,184,195,116,33,14,674,0,4,88,190,188,140,40,5,655,0,0,69,131,129,93,21,3,448,0,0,77,249,319,219,35,3,903,0,0,20,115,175,116,26,8,464,0,3,12,27,27,33,12,12,124,58,307,1071,1671,1951,1583,617,157,7420,0,0,9,12,15,11,0,4,55,21,25,19,31,14,22,5,0,144,8,24,52,56,28,34,20,0,227,7,30,48,69,45,57,28,3,291,0,41,69,90,65,49,38,0,361,4,38,143,146,147,110,49,3,637,3,77
202,3,3,5,26,40,48,14,4,144,13,3,8,21,12,26,17,6,113,5,4,13,44,39,57,39,27,233,11,17,30,57,53,76,47,14,305,3,15,25,42,64,73,52,12,286,6,38,70,94,98,130,76,21,528,5,65,120,127,159,146,68,22,705,3,71,198,190,201,191,73,16,939,0,29,209,235,227,206,53,11,979,0,21,142,175,193,143,44,15,735,0,3,104,198,227,149,48,3,728,0,3,72,131,161,96,14,4,483,0,5,68,252,320,208,24,7,890,0,3,18,112,168,133,25,11,472,4,3,16,16,23,33,25,14,129,51,272,1109,1715,1997,1706,628,188,7677,0,5,11,9,5,13,3,0,42,20,10,26,22,21,12,4,4,120,4,26,45,58,51,44,13,0,237,8,14,48,80,45,61,26,4,285,3,20,61,88,65,77,33,10,355,3,46,148,176,128,129,43,10,688,3,81
203,0,7,16,42,42,38,15,8,172,19,11,17,24,31,34,22,3,156,9,22,21,51,43,48,35,8,247,8,17,39,62,80,82,44,12,357,3,33,53,83,90,87,54,8,409,12,50,101,128,134,152,76,18,657,3,103,206,172,191,152,61,20,914,7,119,354,297,286,196,74,16,1354,0,71,432,398,382,274,81,11,1652,0,20,294,346,334,207,62,3,1273,0,3,211,353,360,232,41,4,1208,0,0,139,329,276,189,43,5,988,0,0,186,597,594,361,67,4,1816,0,3,63,318,400,232,77,23,1110,0,3,17,39,58,41,28,5,186,72,461,2157,3244,3319,2324,780,149,12505,5,6,12,20,23,11,6,0,76,35,41,47,69,29,33,8,0,267,10,70,104,124,71,64,17,0,460,6,59,99,144,107,92,33,11,548,7,48,135,163,128,92,48,11,639,3,74,258,350,214,205,78,4,1186,6,115
204,8,0,18,40,62,96,62,8,290,17,3,23,19,33,42,40,23,200,8,13,19,51,60,98,104,31,381,4,9,22,68,96,165,139,49,544,9,18,34,58,109,137,147,44,555,13,40,69,105,159,250,172,79,888,16,64,115,173,205,219,150,39,990,10,75,226,235,281,259,129,48,1258,3,45,243,285,313,294,132,33,1355,0,26,147,213,241,204,102,19,950,0,15,142,208,251,205,57,23,910,3,0,86,184,207,153,50,9,703,0,0,99,306,344,262,54,25,1089,0,3,25,110,162,144,75,20,535,3,3,10,34,45,52,45,23,216,99,312,1281,2077,2571,2584,1457,477,10864,4,3,0,12,8,15,3,0,42,18,12,18,23,12,17,4,0,100,4,9,47,54,25,47,25,0,212,5,14,41,53,50,57,24,5,246,9,15,43,86,59,82,37,4,322,6,29,124,127,123,107,50,3,573,3,55
205,8,4,31,74,113,138,56,21,448,38,9,16,45,63,74,35,22,295,14,16,41,74,95,148,118,42,545,18,12,61,82,137,192,138,67,708,13,21,77,126,157,198,158,56,811,24,60,112,170,247,293,225,94,1211,16,106,209,222,288,296,193,66,1399,7,123,340,329,344,333,200,44,1723,3,93,371,389,401,354,173,54,1835,0,30,242,315,309,285,110,29,1324,0,6,168,294,329,242,74,29,1142,0,0,98,220,240,177,48,9,798,0,4,140,370,441,364,65,22,1410,0,5,57,156,306,255,67,23,865,7,13,31,50,71,84,79,21,351,135,504,2002,2915,3544,3441,1737,594,14877,0,6,11,9,8,12,3,0,50,30,12,36,33,30,35,11,0,186,7,28,76,93,64,58,18,5,339,5,22,88,96,78,86,40,18,426,8,24,97,119,84,94,50,10,478,7,47,166,193,165,187,84,8,857,9,76
206,11,21,154,184,158,76,32,5,649,57,53,71,73,76,34,19,9,381,41,127,139,137,136,87,26,7,703,25,156,258,214,202,133,48,7,1044,25,186,313,243,230,167,89,14,1269,25,269,658,518,453,301,126,28,2384,17,492,1252,869,679,362,149,24,3842,18,764,2862,1418,1046,632,168,32,6933,15,624,4219,2397,1578,875,257,22,9988,0,233,3580,2541,1712,853,218,20,9164,0,91,3316,3421,2260,1184,250,35,10552,0,42,2556,3359,2204,1114,196,33,9503,4,25,5211,10037,6970,3313,489,46,26088,3,12,2042,10077,9666,4050,737,106,26696,4,40,249,328,302,176,58,12,1173,242,3121,26868,35835,27665,13359,2872,401,110372,17,59,223,202,118,65,33,3,728,239,463,332,262,166,90,29,8,1588,116,660,690,526,299,215,101,13,2618,49,569,799,605,359,284,111,32,2798,34,591,1083,735,497,383,200,36,3561,32,837,2105,1518,883,591,296,56,6326,47,1327
207,0,13,45,70,70,31,12,4,251,18,22,19,42,46,19,3,0,182,12,30,38,74,59,45,12,0,273,12,29,62,101,106,46,24,6,387,15,55,76,101,100,71,48,3,478,9,72,172,162,187,113,47,18,766,6,100,261,226,218,178,70,7,1061,3,153,515,324,355,186,60,16,1610,0,99,658,458,423,272,101,15,2020,0,34,398,443,403,258,74,13,1625,0,28,413,503,504,313,82,18,1854,0,4,291,443,478,260,56,8,1548,0,3,522,1210,1186,656,121,19,3714,0,3,213,1015,1269,627,151,17,3296,0,5,40,58,67,44,17,12,240,83,644,3729,5237,5472,3110,871,150,19311,8,9,53,49,45,37,14,0,213,184,180,96,105,86,69,22,8,752,53,198,190,194,169,127,49,5,992,22,114,210,205,170,135,70,14,939,9,117,260,226,236,185,96,28,1162,7,165,511,463,402,323,144,29,2049,6,213
208,0,0,35,88,75,42,13,10,259,36,25,27,45,36,23,13,0,202,19,60,42,66,71,38,22,3,319,15,36,60,91,101,56,40,16,411,12,52,76,87,132,88,46,5,502,8,84,132,187,194,155,68,12,837,7,120,329,245,256,210,91,13,1276,3,191,657,420,410,261,82,5,2034,0,120,734,624,624,377,101,14,2601,0,35,442,564,583,340,99,7,2068,0,9,379,594,579,395,94,10,2061,0,0,239,472,484,302,58,11,1562,0,7,347,963,1150,559,122,9,3161,0,3,142,743,995,513,162,29,2601,3,13,49,71,105,43,23,7,315,103,760,3687,5257,5798,3405,1037,154,20199,4,6,39,50,58,43,7,3,209,104,115,74,129,82,58,24,4,588,32,136,145,206,148,84,48,7,815,17,107,154,219,173,114,66,12,863,5,102,198,250,225,169,61,21,1034,14,114,362,410,339,241,157,18,1654,3,169
209,3,3,37,52,54,29,20,4,202,39,11,27,26,31,20,12,0,160,14,30,44,65,49,34,28,9,259,4,29,54,72,96,69,31,12,373,4,48,69,108,107,96,36,15,487,10,64,165,189,192,134,69,9,831,8,128,293,256,248,190,48,18,1193,9,170,532,399,376,259,70,4,1813,0,78,564,511,535,320,72,9,2090,0,26,404,502,426,245,64,17,1683,0,8,286,498,535,287,60,7,1684,0,3,200,347,395,271,41,3,1257,0,5,237,718,778,497,92,14,2338,0,3,85,380,553,365,80,16,1474,0,15,34,66,88,54,22,7,282,96,626,3016,4186,4464,2862,737,142,16126,10,8,50,42,23,15,7,0,153,93,88,85,107,58,39,13,3,488,31,105,174,198,119,87,36,3,759,13,93,196,235,134,113,56,8,855,3,75,216,254,175,130,77,12,951,4,112,456,465,312,232,83,13,1682,3,186
210,3,5,22,40,52,35,13,0,166,24,8,12,28,22,22,5,4,127,13,24,35,28,43,43,22,6,215,7,22,46,64,84,50,22,4,303,8,35,59,70,84,60,23,5,337,14,49,135,152,180,121,53,19,713,3,118,239,218,220,159,43,7,1010,11,113,457,363,380,225,69,10,1630,0,77,564,546,501,325,75,8,2093,0,30,439,552,464,258,55,12,1798,0,12,360,518,532,302,62,9,1793,0,6,223,517,426,225,36,6,1442,0,9,360,919,912,534,74,8,2816,0,5,101,504,704,390,88,20,1808,0,13,50,55,85,43,16,11,270,91,529,3090,4560,4682,2784,645,134,16515,3,0,34,21,13,10,4,0,97,37,47,40,56,33,21,10,0,246,6,80,91,106,62,50,13,4,402,6,56,70,94,82,59,22,0,395,6,47,97,106,81,69,41,3,460,3,69,233,216,163,101,44,13,837,6,105
211,4,10,25,73,74,75,29,9,298,33,26,23,43,45,42,17,4,233,23,48,47,82,94,73,45,3,410,23,57,82,107,155,100,59,12,593,17,52,85,115,143,117,71,15,614,18,111,192,197,238,191,96,20,1063,9,165,303,326,352,263,118,15,1557,14,204,621,478,547,341,124,20,2357,4,106,734,692,718,491,133,20,2915,0,20,469,689,645,459,104,13,2399,0,20,423,664,703,457,107,12,2384,0,4,259,533,559,325,49,3,1744,0,3,331,1126,1237,696,108,20,3526,0,3,108,678,962,520,116,23,2411,3,13,53,84,90,60,29,7,342,146,843,3758,5890,6561,4210,1207,209,22829,6,4,31,43,33,42,8,3,175,104,81,88,101,65,58,25,3,519,30,129,147,186,126,106,40,7,775,14,78,179,203,146,138,74,11,838,13,86,173,241,178,191,105,23,1009,7,102,349,426,335,248,141,27,1633,3,193
212,7,6,58,93,107,75,28,3,375,36,25,30,50,44,36,15,10,250,24,55,64,117,96,71,35,15,475,12,76,109,147,159,131,59,26,708,20,66,146,167,177,145,48,21,788,19,121,287,317,357,237,115,29,1488,21,202,486,484,549,298,102,23,2161,17,326,931,763,779,483,152,30,3478,3,165,1293,1128,1081,671,170,24,4539,0,58,910,1110,1013,614,122,13,3846,0,33,778,1225,1211,657,129,18,4052,0,4,488,991,1046,571,108,23,3234,0,12,863,2337,2385,1289,212,25,7131,3,7,268,1453,1961,1034,222,28,4972,4,17,101,127,167,109,43,13,583,169,1188,6809,10514,11131,6429,1556,296,38086,10,26,64,81,48,33,8,3,272,164,215,125,148,90,61,17,3,823,55,239,259,249,169,126,38,7,1149,18,192,266,289,207,157,74,13,1207,18,148,400,310,264,189,121,20,1476,12,245,784,628,435,335,165,21,2624,7,316
213,4,11,40,74,82,54,19,3,285,29,28,34,46,42,25,7,0,206,26,43,52,71,80,64,28,8,360,26,51,88,123,99,85,46,6,516,26,79,110,155,123,94,48,8,638,14,110,210,283,258,177,68,10,1119,23,165,432,370,314,214,63,9,1591,14,244,847,604,538,312,59,10,2626,3,130,1025,853,736,430,65,12,3245,0,35,643,744,627,364,75,3,2498,0,11,509,852,698,415,70,5,2573,0,3,308,616,586,368,51,6,1935,0,11,416,1271,1271,799,121,10,3890,0,0,154,640,999,516,87,12,2412,0,13,69,93,103,56,16,4,353,168,930,4933,6793,6550,3960,812,105,24239,8,8,38,53,31,20,9,0,170,115,123,102,109,57,37,9,0,555,52,132,174,202,124,88,29,3,803,8,104,197,237,142,114,44,3,859,10,79,277,243,178,125,53,8,965,4,111,444,495,301,245,80,5,1678,5,175
214,0,0,21,32,48,28,10,3,142,29,8,13,23,13,14,12,3,129,13,19,15,30,52,32,16,10,190,16,15,27,60,59,64,42,14,292,11,30,45,51,74,75,38,7,330,14,69,98,128,147,142,57,13,669,20,98,177,167,211,134,55,10,883,13,110,297,272,308,234,53,5,1285,0,64,335,389,389,267,71,5,1510,0,20,214,328,344,207,60,4,1181,0,9,145,314,330,203,42,4,1056,0,3,88,232,224,159,34,7,754,0,0,119,365,421,265,63,3,1252,0,0,37,191,286,172,74,25,791,0,12,20,49,48,30,12,4,179,120,459,1660,2632,2965,2051,638,124,10647,0,3,21,33,15,9,8,0,93,35,22,35,50,37,32,15,3,223,10,30,69,95,70,56,32,3,355,9,42,76,105,90,56,31,3,405,7,32,92,122,95,97,59,9,514,5,43,195,212,191,176,98,13,928,0,79
215,5,7,30,71,155,160,66,27,512,25,0,16,29,53,66,40,10,240,7,17,25,53,94,118,91,22,434,5,13,37,70,103,146,105,49,527,15,21,62,125,163,162,137,40,717,13,33,108,154,206,236,168,65,989,16,70,177,200,278,285,149,38,1207,7,72,208,275,316,346,134,47,1416,3,41,288,257,407,341,109,32,1481,0,7,150,218,279,192,76,18,937,0,8,127,232,233,204,57,20,868,0,6,59,134,182,143,38,16,571,0,3,71,238,298,210,57,19,886,0,0,40,98,167,140,55,9,514,3,8,27,33,61,70,36,22,260,102,311,1419,2190,2993,2804,1319,424,11564,0,0,8,6,9,5,0,0,34,11,12,27,11,9,9,7,0,84,12,16,36,34,24,37,10,0,170,3,10,43,37,28,38,19,6,181,0,14,49,54,29,55,26,3,230,3,23,81,117,104,89,44,9,467,0,58
216,7,6,25,52,94,103,39,12,333,10,5,12,38,38,56,27,5,186,13,3,26,54,68,80,62,19,316,3,20,41,62,85,106,72,30,418,6,8,25,73,104,121,75,36,450,18,32,75,94,184,174,109,37,731,13,51,140,138,189,177,76,31,810,8,66,230,192,256,234,71,26,1090,0,44,250,261,281,208,76,7,1134,0,12,134,188,211,153,30,10,738,0,8,95,197,218,126,20,8,671,0,3,82,130,149,108,33,9,505,0,3,87,242,251,184,29,7,808,0,6,25,92,139,140,37,13,454,0,7,27,25,58,61,26,14,213,84,273,1264,1853,2320,2020,784,263,8864,5,0,6,9,9,6,0,0,38,10,3,18,15,9,8,5,0,60,12,11,37,26,16,25,7,0,134,3,23,40,43,18,36,20,0,189,11,13,53,56,47,52,29,5,255,4,29,101,112,75,107,38,3,481,3,53
217,3,5,17,68,87,108,52,11,348,10,3,13,27,47,47,37,0,184,16,8,22,39,73,71,76,21,336,7,14,39,53,91,103,85,25,424,15,22,42,82,122,149,97,39,565,14,25,86,117,154,170,138,47,759,11,55,111,142,188,209,108,47,873,7,64,193,215,265,248,101,31,1118,0,58,243,260,313,240,108,35,1254,0,22,145,175,219,190,67,21,832,0,5,92,168,219,158,42,17,698,0,0,67,128,138,124,44,13,511,0,3,90,203,253,190,53,11,809,0,4,29,114,216,155,64,17,593,5,9,15,25,51,41,36,14,186,87,296,1210,1807,2422,2219,1105,343,9496,0,3,3,8,4,4,0,0,21,10,5,15,24,14,8,0,0,75,6,15,20,35,30,28,11,0,141,8,9,27,36,36,23,18,0,155,4,12,50,45,39,35,19,0,200,0,28,86,96,88,75,35,5,420,0,45
297,0,0,0,0,0,0,0,0,0,0,0,0,0,0,0,0,0,0,0,0,0,0,0,0,0,0,0,0,0,0,0,0,0,0,0,0,0,0,0,0,0,0,0,0,0,0,0,0,0,0,0,0,0,0,0,0,0,0,0,0,0,0,0,0,0,0,0,0,0,0,0,0,0,0,0,0,0,0,0,0,0,0,0,0,0,0,0,0,0,0,0,0,0,0,0,0,0,0,0,0,0,0,0,0,0,0,0,0,0,0,0,0,0,0,0,0,0,0,0,0,3,0,0,0,0,6,0,0,0,0,0,0,0,0,0,0,0,0,3,0,0,0,0,6,0,0,0,0,0,0,0,0,0,0,0,0,0,0,0,0,0,0,0,0,0,0,0,0,0,0,0,0,0,0,0,0,0,0,0,0,0,0,0,0,0,0,0,0,0,0,0,0,0,0,0,0,0,0,0,0
299,0,3,18,28,26,19,5,3,101,16,8,10,9,10,8,5,4,73,3,21,21,17,31,25,14,5,128,15,28,33,51,50,38,21,4,231,22,29,34,42,58,70,19,9,286,24,35,65,97,92,90,46,9,452,9,67,140,126,135,128,33,10,647,3,75,199,207,204,157,29,7,882,4,62,274,244,317,196,41,3,1143,3,31,221,281,241,138,42,6,966,0,14,178,297,265,152,35,5,936,0,3,106,198,168,90,21,0,582,0,3,126,263,224,103,21,7,752,3,0,46,149,187,90,38,5,520,3,9,37,43,71,42,15,3,222,91,384,1507,2062,2068,1335,395,85,7931,11,13,33,36,29,6,0,0,121,120,183,78,63,52,37,6,0,541,55,181,162,130,91,85,19,0,730,22,90,149,126,101,101,34,5,621,5,80,159,140,146,111,60,17,714,3,98,241,206,222,158,87,10,1021,0,85
301,0,3,11,22,20,22,7,3,100,17,7,5,19,16,9,4,3,88,9,9,7,24,24,16,8,0,108,12,9,16,37,40,38,15,3,161,7,24,22,37,50,56,18,3,225,11,39,61,63,83,78,40,4,376,5,67,130,131,119,83,50,0,588,7,103,225,215,192,155,40,8,946,0,65,318,344,313,202,50,4,1291,4,16,214,295,270,167,38,5,1003,0,13,194,291,323,185,36,4,1044,0,6,126,251,233,150,31,3,808,0,3,183,535,556,325,39,0,1650,0,0,68,310,430,230,48,8,1099,0,10,13,30,32,29,7,0,128,82,365,1603,2605,2723,1740,446,50,9610,3,0,10,16,13,10,6,0,58,29,26,21,29,17,9,8,0,146,10,40,26,54,36,34,16,0,209,10,32,35,64,54,56,28,3,274,7,29,60,75,51,58,37,3,314,4,39,97,118,102,97,43,5,506,3,66
302,3,4,12,27,24,22,3,0,104,20,6,16,20,8,9,10,0,81,9,15,19,37,21,19,16,0,144,9,13,26,35,26,26,20,3,157,4,21,30,37,47,45,20,4,205,14,45,87,63,81,72,38,9,407,6,118,189,122,147,93,17,5,704,12,189,412,250,266,166,40,8,1345,0,99,504,409,401,238,59,7,1714,0,27,348,404,365,209,48,4,1403,0,16,290,486,431,258,44,9,1528,0,5,180,383,382,193,41,6,1194,0,5,317,922,941,469,57,15,2722,0,0,105,538,622,346,61,16,1693,3,7,23,26,38,30,20,3,152,88,571,2562,3769,3806,2192,487,90,13555,3,3,10,29,14,11,5,0,82,70,35,31,40,24,13,7,0,221,28,47,46,61,60,39,17,0,290,6,35,63,75,44,44,18,0,292,4,39,73,90,71,42,31,8,352,7,60,142,190,128,101,44,11,686,12,120
303,3,5,36,32,53,27,9,3,172,22,21,17,21,21,16,0,0,109,15,24,44,50,37,28,19,0,217,18,39,63,76,55,46,19,3,330,6,38,77,64,66,47,29,0,331,22,52,133,150,112,83,27,11,581,13,150,298,215,180,119,59,15,1045,16,226,544,406,305,208,69,3,1782,0,118,726,587,505,303,77,5,2321,0,48,475,524,491,269,57,5,1873,0,24,377,586,605,349,68,10,2018,0,13,266,482,491,283,38,7,1582,0,5,394,1099,1194,648,102,16,3465,0,0,151,617,812,441,97,19,2142,3,12,31,50,50,31,6,3,187,123,764,3631,4966,4980,2909,690,101,18155,0,11,42,31,28,28,5,0,147,77,96,63,65,52,32,14,0,398,45,112,139,129,77,48,20,6,575,18,103,144,150,115,87,43,5,662,17,95,214,150,113,100,58,12,754,14,142,424,307,216,191,106,11,1401,12,217
304,0,3,9,13,16,10,3,3,57,14,13,6,11,13,3,4,3,73,9,21,15,19,19,20,10,0,113,7,18,23,24,33,20,11,0,139,4,27,14,34,44,33,13,3,182,3,39,50,50,60,42,20,4,267,14,66,122,71,81,55,32,8,446,9,110,220,133,122,94,34,7,723,3,74,281,204,168,128,37,3,897,0,54,183,176,155,106,25,3,708,0,9,208,218,236,130,29,0,834,0,3,143,186,194,100,12,0,637,0,3,171,371,398,204,42,0,1189,0,0,33,158,235,164,35,7,635,0,3,11,6,12,20,6,0,63,73,438,1477,1684,1795,1134,322,44,6972,0,10,21,28,22,13,4,0,95,116,162,42,52,41,24,10,0,448,66,202,94,88,53,35,21,3,548,7,108,104,103,74,59,32,0,494,5,84,152,107,78,67,36,8,530,7,134,331,183,133,98,59,15,953,3,105
305,5,6,43,64,62,40,15,0,236,32,7,21,26,23,11,9,0,131,13,40,49,40,35,16,8,3,195,22,61,80,56,64,50,24,3,356,20,66,94,85,61,73,15,9,423,14,131,225,165,152,90,61,8,845,35,253,456,250,192,136,35,8,1358,21,430,1033,537,407,221,80,4,2730,6,300,1552,978,663,379,88,5,3982,0,115,1169,1035,721,405,82,14,3545,0,41,1225,1387,1030,546,110,6,4337,0,13,862,1388,1109,563,72,13,4019,0,13,1723,4008,3671,1622,188,13,11244,0,10,698,3738,4182,1716,280,37,10660,3,12,80,105,99,48,17,3,371,176,1491,9321,13870,12467,5914,1087,126,44442,13,25,89,90,43,24,12,4,303,147,177,109,102,64,30,20,4,655,119,272,203,163,125,84,25,5,992,43,297,282,217,146,95,47,11,1137,43,254,372,275,188,134,74,12,1350,50,403,688,549,360,223,117,24,2407,38,691
306,3,0,24,27,70,55,37,7,223,26,5,10,22,47,28,27,10,164,7,6,28,31,60,76,36,16,257,12,17,44,63,108,107,59,24,422,6,17,46,65,96,111,74,27,440,16,54,98,135,163,164,112,26,766,20,113,247,194,225,190,96,19,1113,9,114,411,360,352,260,90,22,1623,4,60,419,461,467,319,102,27,1853,0,12,205,317,367,281,73,17,1274,0,8,157,332,356,255,43,13,1163,0,4,89,218,268,207,35,11,830,0,3,117,366,510,346,52,11,1405,0,3,40,154,252,191,53,20,715,3,9,29,39,58,58,33,16,250,108,428,1974,2788,3404,2637,903,258,12503,0,3,17,20,20,10,11,3,83,39,18,22,28,19,22,5,0,154,11,19,53,62,41,32,15,3,238,13,23,39,58,51,68,35,8,291,11,24,51,82,78,89,43,14,392,12,38,146,170,145,133,58,8,708,8,73
307,10,8,26,72,176,182,107,32,608,17,3,21,43,64,81,55,16,300,3,9,21,70,96,127,130,42,492,11,11,31,75,122,165,145,80,646,8,8,37,47,129,174,126,56,583,9,23,73,129,164,218,178,82,877,18,50,138,166,203,221,123,53,963,6,65,177,202,290,268,144,55,1215,3,52,236,297,289,279,134,47,1336,0,23,151,175,266,170,77,33,897,0,17,122,187,229,165,65,16,803,0,3,73,115,163,119,49,17,536,0,3,121,237,292,194,61,24,922,0,4,64,150,213,154,94,22,703,6,3,18,38,55,63,80,37,303,89,281,1308,2005,2754,2590,1568,609,11197,3,0,6,6,10,11,3,0,38,17,6,10,16,8,13,0,0,65,8,3,19,34,18,11,0,0,89,3,7,36,25,26,29,16,5,149,4,9,25,39,36,33,8,5,160,9,7,49,83,63,55,33,0,289,7,38
308,8,7,27,47,102,93,36,8,318,14,5,15,21,36,19,18,5,146,5,7,30,33,43,50,42,14,221,6,8,26,35,80,77,56,22,307,10,13,36,38,46,65,43,19,271,12,38,86,84,133,115,81,34,582,9,82,145,163,155,146,62,12,783,11,109,268,227,250,157,80,16,1106,0,58,320,273,357,260,74,10,1359,0,21,185,251,274,219,57,19,1032,0,12,139,220,260,175,50,14,873,0,7,99,177,194,138,39,7,658,0,10,211,378,481,279,52,10,1412,0,0,98,321,410,256,73,22,1187,0,0,29,29,60,41,34,16,217,79,375,1712,2287,2891,2107,797,235,10478,0,3,17,12,9,10,5,0,53,31,10,36,17,19,21,3,0,136,10,25,41,47,22,53,17,0,209,8,18,37,62,37,44,21,3,222,9,16,66,69,59,51,23,7,302,4,43,161,131,100,93,37,13,581,3,77
309,3,11,38,82,90,55,39,4,330,35,15,24,58,42,33,20,4,226,34,24,64,82,77,67,28,7,393,28,34,100,109,114,130,62,10,589,29,83,122,135,156,156,71,15,765,30,134,261,279,324,243,128,18,1425,42,297,559,431,446,367,134,27,2294,24,378,1119,806,776,494,145,15,3762,3,206,1267,1138,962,668,200,17,4464,6,59,768,942,850,493,134,24,3266,0,32,590,914,875,482,151,16,3056,0,13,332,665,606,315,93,10,2032,0,7,511,1257,1230,706,140,19,3861,0,8,192,747,958,574,155,33,2677,3,17,60,100,106,64,30,10,392,238,1321,5999,7759,7606,4850,1532,233,29537,5,4,38,73,58,43,12,3,245,110,80,80,95,65,63,18,3,505,63,120,156,181,112,106,45,3,785,23,121,156,208,171,156,78,14,924,19,110,212,250,182,187,123,19,1101,32,213,493,498,348,310,161,27,2073,19,378
310,3,0,18,31,48,53,15,14,186,19,7,15,7,30,34,22,10,142,12,15,14,39,28,59,44,26,239,10,25,35,44,68,69,50,14,318,16,24,41,61,76,81,56,13,370,14,52,96,90,132,98,56,21,560,13,87,164,174,181,113,40,7,785,17,137,351,241,264,178,49,10,1247,4,80,423,375,375,235,61,10,1556,3,32,282,339,357,214,47,7,1278,0,15,202,392,403,236,42,8,1308,0,0,151,304,324,204,41,0,1025,0,10,219,665,723,385,60,0,2070,0,0,64,301,419,236,66,9,1097,0,5,23,33,50,39,21,10,175,121,498,2096,3093,3484,2227,677,150,12360,3,0,14,17,13,15,4,0,71,30,15,29,25,26,13,8,0,145,16,27,72,72,37,39,7,0,268,6,29,62,57,51,51,31,0,303,8,30,62,69,58,48,30,3,314,3,59,148,158,140,104,55,6,670,4,84
311,4,6,13,22,36,34,14,5,129,7,3,8,14,13,8,6,0,71,5,9,38,29,32,23,20,0,153,7,14,30,41,54,49,18,5,219,14,25,37,51,51,54,27,0,265,14,46,63,100,111,112,56,14,511,18,112,187,182,171,119,43,6,841,11,135,380,271,262,179,53,6,1295,3,83,410,428,395,240,62,9,1625,0,19,268,350,332,201,52,4,1221,0,13,189,327,326,216,40,6,1121,0,3,92,227,223,138,24,0,710,0,0,181,467,525,274,35,5,1492,0,0,62,217,291,177,50,4,801,3,6,22,44,43,33,17,3,170,97,471,1977,2766,2856,1850,523,77,10612,3,4,17,19,10,11,3,0,68,40,25,36,34,12,19,8,0,174,14,36,50,60,39,39,9,0,250,14,34,66,72,50,47,24,4,315,9,46,64,75,60,50,31,3,341,6,60,153,158,121,92,46,3,642,5,99
312,3,5,14,43,58,69,32,3,241,12,3,13,26,24,25,23,6,125,3,7,25,22,40,48,35,13,195,5,11,22,40,45,54,34,9,216,7,4,35,39,60,69,45,10,264,17,39,52,83,105,99,70,28,499,11,69,114,111,129,138,52,20,651,7,86,225,198,223,164,57,21,983,3,50,276,272,286,203,58,13,1160,0,12,144,190,224,175,44,15,796,0,3,128,184,252,158,46,10,784,0,3,64,134,169,130,32,0,536,0,3,160,364,388,216,52,8,1190,0,0,88,281,290,176,46,10,893,0,4,20,27,40,53,36,12,193,62,309,1372,2027,2342,1778,655,181,8722,0,0,9,4,11,5,3,0,31,15,9,21,10,16,11,8,0,90,8,15,37,26,36,14,3,0,137,8,13,30,42,42,23,17,3,178,11,10,49,51,39,49,18,0,221,16,25,110,118,85,76,21,4,461,3,78
313,3,3,14,21,23,23,13,0,101,10,3,14,16,18,15,14,4,84,9,13,12,23,35,27,20,3,134,11,25,23,40,42,45,39,7,238,20,23,32,36,54,46,25,4,234,14,41,56,64,98,92,37,5,418,10,71,118,122,140,88,33,7,594,9,104,209,165,193,125,26,5,838,0,49,231,278,248,157,39,6,1010,0,6,131,167,210,123,31,8,664,0,7,87,171,211,128,28,6,638,0,0,54,147,154,67,16,0,439,0,5,79,201,276,131,36,3,732,0,0,25,99,151,86,27,3,393,3,0,18,20,19,20,11,4,105,90,353,1096,1566,1885,1174,401,62,6625,0,3,8,8,9,9,4,0,42,30,19,22,12,19,19,3,3,125,13,19,36,42,32,39,12,0,193,11,23,34,52,37,39,28,5,224,4,18,54,58,53,59,22,5,261,3,31,113,132,94,98,47,9,522,3,63
314,3,0,3,23,27,15,3,0,77,10,3,7,17,11,11,3,0,74,12,9,21,24,21,20,4,0,108,9,20,19,12,31,17,11,0,118,9,12,23,33,26,24,17,0,146,9,15,39,55,66,58,20,0,258,13,71,98,86,82,59,21,3,436,3,76,205,163,139,72,22,0,684,0,41,231,212,193,115,34,5,828,0,10,157,181,155,99,20,0,626,0,3,127,196,200,107,24,3,666,0,0,56,121,131,58,9,0,378,0,3,96,266,270,144,22,4,798,0,5,41,139,155,78,14,6,447,0,3,7,17,15,15,3,0,52,71,260,1133,1537,1529,891,239,27,5686,0,0,5,17,11,8,3,0,50,30,28,22,48,24,18,4,0,166,14,17,32,58,24,28,8,0,179,5,22,51,56,46,39,19,0,238,6,22,37,51,43,46,21,0,227,8,38,90,107,78,52,35,6,415,4,51
315,3,0,17,47,80,127,43,13,331,3,4,8,10,27,32,17,4,106,3,3,24,29,44,46,28,10,184,4,7,30,34,52,53,26,17,217,3,6,27,26,65,49,30,15,217,5,12,43,71,97,90,34,19,364,5,10,81,75,102,111,46,7,438,3,42,107,101,133,122,40,15,566,4,19,136,146,181,125,50,9,663,0,7,76,101,120,68,44,11,417,0,5,56,109,154,79,33,3,444,0,3,47,80,74,83,17,5,313,0,0,90,150,168,147,26,10,590,0,0,46,131,170,124,48,7,537,0,8,19,25,41,52,30,11,182,33,120,813,1131,1499,1298,514,154,5571,0,0,6,4,3,3,0,0,14,6,3,9,4,3,12,0,0,37,6,7,14,15,10,17,7,0,73,0,8,18,25,14,20,3,0,94,0,7,38,29,21,21,8,0,116,9,22,45,53,41,39,10,3,216,10,34
316,0,4,23,66,81,62,34,3,275,24,3,17,39,52,32,11,8,190,10,11,29,76,96,76,48,11,362,19,18,45,76,104,108,43,10,425,12,34,54,101,113,116,51,20,495,20,70,133,185,223,235,101,13,991,14,154,296,290,315,243,111,9,1431,13,143,473,427,480,333,109,12,1989,0,86,474,555,612,411,120,18,2286,0,24,283,419,459,255,81,12,1536,0,12,197,461,485,303,62,5,1525,0,0,103,296,308,204,52,4,967,0,0,150,498,650,336,60,11,1694,0,3,64,306,367,277,73,14,1098,3,9,28,41,48,51,18,13,198,128,578,2359,3841,4379,3042,982,159,15466,3,3,20,30,33,29,4,0,113,61,23,40,97,51,35,7,0,322,26,58,94,101,102,80,48,3,510,12,36,96,122,127,109,42,8,566,15,42,104,179,162,113,72,14,702,14,87,233,309,271,232,116,10,1270,9,140
317,0,0,9,19,34,23,16,7,100,15,3,5,10,12,11,8,6,71,8,3,22,22,21,33,26,8,145,11,10,29,28,36,38,38,3,192,9,18,29,31,42,46,30,7,213,18,28,70,53,47,62,47,7,323,11,87,133,95,106,89,31,11,558,3,90,209,150,156,108,33,3,751,3,51,216,228,231,182,39,0,958,0,20,158,193,199,124,24,3,719,0,3,133,190,222,132,43,0,726,0,3,75,145,154,91,14,0,491,0,3,106,235,365,215,27,5,966,0,3,30,121,178,121,25,6,492,0,5,8,18,25,15,11,3,87,72,330,1242,1537,1816,1286,421,75,6782,0,0,5,6,10,7,4,0,29,22,13,19,25,17,12,9,0,110,8,23,47,45,28,29,6,8,186,13,24,54,46,34,35,15,6,217,11,26,72,62,52,48,27,3,309,15,50,110,118,107,86,38,4,523,0,74
318,9,3,24,43,54,61,25,5,224,6,6,6,13,22,14,9,8,86,6,9,16,31,42,50,33,11,200,4,18,31,41,52,56,27,3,238,10,18,41,51,55,54,42,18,294,13,40,68,80,88,107,66,34,493,12,99,163,154,165,130,61,20,792,7,131,291,231,306,182,48,19,1218,3,79,343,339,309,224,54,15,1360,4,46,243,305,304,204,38,8,1149,0,23,213,360,401,237,44,5,1283,0,3,154,262,284,167,31,12,917,0,0,179,505,555,287,61,11,1598,0,0,37,166,263,199,39,9,719,0,8,28,29,50,40,24,14,194,70,492,1836,2605,2961,2013,598,185,10760,3,3,17,10,8,11,0,0,55,40,43,22,31,29,23,9,0,193,17,62,56,63,35,29,9,0,280,11,32,57,60,37,37,13,3,253,9,38,84,65,46,57,27,8,329,13,68,145,154,102,89,55,3,631,15,93
319,4,6,37,75,144,141,85,13,506,23,13,22,38,49,65,45,13,264,10,20,28,63,102,144,85,33,479,14,13,46,95,149,139,122,54,626,11,18,69,79,134,160,127,47,646,15,36,111,162,203,209,166,54,953,11,104,194,211,258,224,142,29,1166,8,85,318,272,357,337,100,37,1517,0,45,305,349,400,321,115,19,1556,0,19,142,273,286,195,53,16,969,0,4,107,207,250,200,35,7,819,0,3,60,149,235,148,31,14,641,0,4,82,266,358,245,68,11,1032,0,3,14,104,178,106,44,18,469,3,9,22,35,67,64,61,29,282,92,386,1546,2373,3156,2694,1284,415,11940,3,0,7,11,16,11,3,0,49,19,4,11,18,23,22,10,0,107,11,15,29,43,32,52,18,0,202,7,15,49,62,48,69,28,7,280,3,12,51,64,74,86,33,14,339,12,36,116,121,120,165,49,14,630,6,72
397,0,0,0,0,0,0,0,0,0,0,0,0,0,0,0,0,0,0,0,0,0,0,0,0,0,0,0,0,0,0,0,0,0,0,0,0,0,0,0,0,0,0,0,0,0,0,0,0,0,0,0,0,0,0,0,0,0,0,0,0,0,0,0,0,0,0,0,0,0,0,0,0,0,0,0,0,0,0,0,0,0,0,0,0,0,0,0,0,0,0,0,0,0,0,0,0,0,0,0,0,0,0,0,0,0,0,0,0,0,0,0,0,0,0,0,0,0,0,0,0,3,0,0,0,0,3,0,0,0,0,0,0,0,0,0,0,0,0,3,3,0,0,0,9,0,0,0,0,0,0,0,0,0,0,0,0,0,0,0,0,0,0,0,0,0,0,0,0,0,0,0,0,0,0,0,0,0,0,0,0,0,0,0,0,0,0,0,0,0,0,0,0,0,0,0,0,0,0,0,0
399,3,5,14,16,18,26,17,0,96,8,7,11,11,9,12,5,0,71,8,13,13,14,28,23,9,3,110,4,17,20,35,36,40,28,4,176,6,22,28,18,43,74,20,8,229,17,26,51,64,63,75,33,7,332,3,55,81,80,92,85,33,6,438,12,54,133,144,142,114,33,3,638,0,44,190,233,233,144,39,0,889,5,24,185,231,217,137,23,7,823,0,8,160,257,209,137,29,4,798,0,13,111,175,164,89,17,0,571,0,0,106,235,238,142,21,3,744,0,0,49,150,132,77,19,8,432,0,5,23,37,30,24,13,7,144,69,280,1171,1695,1675,1197,345,61,6496,7,15,20,32,16,18,4,0,105,122,109,49,44,39,27,9,0,395,62,74,98,91,56,67,17,0,453,12,62,100,99,93,66,43,3,480,4,46,93,100,103,90,33,5,487,6,56,161,173,127,126,57,12,721,5,57
401,4,8,34,54,75,56,29,3,252,36,13,14,41,37,23,15,3,176,17,30,60,58,61,57,38,7,332,8,46,62,88,85,87,40,13,423,3,47,115,105,129,97,71,22,591,11,87,201,178,202,136,77,25,913,13,168,395,299,288,207,90,14,1475,4,210,778,476,455,310,112,8,2362,7,151,1026,753,704,454,125,19,3232,0,46,685,715,668,386,99,9,2608,0,13,575,851,806,473,96,11,2825,0,8,363,793,718,466,86,11,2453,0,6,519,1640,1927,1085,158,21,5355,0,3,188,1017,1453,865,182,23,3740,0,14,40,49,62,39,17,3,238,104,862,5041,7123,7677,4752,1231,196,26986,7,10,53,49,44,25,9,0,197,105,141,105,101,76,53,24,0,608,29,199,184,185,127,142,56,8,924,27,148,238,221,146,168,85,10,1036,10,149,326,268,201,193,97,18,1275,15,208,627,519,371,344,156,36,2277,7,338
402,3,3,20,52,45,42,5,0,172,27,12,11,12,29,22,7,3,121,14,23,30,53,56,49,16,3,243,10,26,48,77,93,66,24,8,349,10,23,55,81,109,85,35,9,401,12,67,136,160,170,128,52,8,734,7,122,226,261,234,143,46,9,1043,16,172,459,351,357,239,67,4,1661,3,73,509,445,510,288,75,7,1909,0,21,307,371,435,248,48,4,1440,0,13,218,387,390,283,39,5,1338,0,3,154,287,346,204,35,3,1033,0,9,181,619,756,456,65,6,2093,0,0,31,237,395,214,49,7,929,3,9,32,22,43,30,10,3,145,98,574,2413,3417,3970,2495,558,89,13617,0,4,18,14,16,6,9,0,70,40,23,42,32,28,22,7,3,202,17,37,74,67,50,56,25,0,327,9,44,74,90,59,48,41,3,360,4,39,93,107,77,65,32,10,433,7,67,233,205,157,146,53,10,879,0,104
403,0,3,12,25,36,33,8,3,116,18,6,22,14,12,11,14,4,101,13,20,29,45,46,45,30,6,225,20,21,36,44,60,47,33,4,260,11,29,50,62,82,72,47,7,353,7,46,80,115,150,127,74,3,608,3,86,197,179,163,143,64,9,852,7,113,313,265,288,209,67,14,1284,3,69,377,397,359,241,66,8,1516,0,14,230,281,303,224,57,10,1120,0,12,153,325,346,215,50,6,1103,0,3,93,219,229,125,30,3,706,0,4,110,373,441,303,61,9,1302,0,0,24,162,223,150,47,6,614,0,10,18,29,18,26,9,4,112,84,421,1742,2536,2753,1977,653,103,10268,0,5,13,18,25,17,5,0,82,49,62,44,45,35,40,15,0,288,15,64,82,92,77,78,17,8,429,5,49,97,112,73,75,45,7,451,5,41,126,129,99,124,60,8,592,4,68,258,243,194,171,87,11,1042,0,103
404,3,3,19,23,27,9,10,0,96,16,4,6,15,6,8,7,0,70,5,14,25,14,30,32,21,4,153,7,10,19,45,47,22,17,3,180,8,35,40,37,61,52,26,7,263,9,52,98,95,131,85,45,8,526,9,102,207,164,160,128,54,3,829,3,136,436,324,347,234,59,11,1546,0,62,497,448,500,318,75,6,1912,0,17,369,447,480,320,60,11,1701,0,8,264,504,573,372,71,13,1803,0,3,176,429,454,297,33,3,1385,0,4,250,810,923,598,91,8,2691,0,3,74,374,609,380,83,10,1533,0,6,27,39,52,20,10,0,145,62,472,2522,3771,4394,2870,660,95,14840,3,3,18,9,6,9,3,0,53,45,36,22,30,27,27,3,0,199,27,51,54,56,47,54,18,0,306,6,26,63,67,48,53,18,3,297,6,42,89,91,72,83,37,4,425,11,68,172,185,120,115,59,10,737,6,90
405,3,8,14,49,54,55,35,7,224,6,7,18,17,26,42,25,8,146,8,12,29,37,61,85,35,16,282,7,16,35,43,71,111,57,11,353,3,9,40,53,91,99,78,27,390,5,15,69,116,144,166,124,37,677,8,44,96,132,161,188,119,44,787,3,47,145,193,197,247,89,36,954,4,31,163,235,266,243,109,35,1086,0,8,96,159,205,175,70,21,738,0,5,81,174,211,184,43,15,713,0,0,44,92,126,114,43,5,424,0,8,42,181,224,180,56,12,687,0,0,22,80,139,111,40,14,408,3,0,20,24,46,40,19,11,162,54,209,899,1586,2017,2037,933,295,8023,0,0,3,3,10,8,0,0,22,7,3,5,15,17,13,7,0,57,6,8,21,20,14,14,10,0,94,3,3,30,17,18,29,14,3,120,4,12,39,35,24,29,25,4,167,0,17,44,42,47,53,26,3,228,3,36
406,3,4,7,15,32,34,7,3,102,5,3,8,12,22,15,7,3,65,3,3,19,18,24,34,22,11,138,4,7,13,24,32,51,23,8,156,7,4,25,31,50,58,34,6,216,11,18,52,54,66,72,33,8,315,7,28,82,93,124,108,55,3,495,0,30,121,136,144,108,47,3,601,3,35,125,156,191,139,48,14,719,0,8,89,101,161,113,26,8,510,0,9,65,114,131,110,22,3,460,0,3,42,70,121,71,18,3,326,0,3,63,140,194,130,25,5,553,3,0,39,96,131,94,31,9,398,4,0,10,15,30,31,18,4,108,42,154,763,1066,1449,1166,414,91,5162,0,0,3,4,0,4,0,0,12,3,0,15,6,4,4,3,0,38,3,10,15,21,25,21,8,0,101,3,12,24,14,14,22,12,3,100,0,5,27,24,24,19,4,0,114,5,14,50,48,34,36,12,0,199,0,33
407,7,10,23,64,132,118,78,14,454,23,3,16,40,56,65,35,8,247,5,6,32,77,119,119,116,25,506,9,15,38,82,155,149,131,31,617,4,18,55,117,160,175,154,60,756,14,47,120,187,279,272,208,63,1193,12,73,163,240,300,313,167,54,1327,3,69,272,313,391,324,183,50,1600,3,43,288,376,460,438,137,28,1769,0,14,151,234,321,259,102,16,1102,0,10,91,190,251,225,62,13,838,0,0,62,134,178,144,53,11,586,0,7,72,210,273,240,70,18,881,0,3,12,75,132,147,85,28,490,0,5,27,45,59,62,47,26,269,85,317,1428,2374,3274,3064,1625,453,12617,0,3,3,10,15,8,0,0,36,14,5,3,12,9,12,4,3,58,9,17,26,37,23,36,13,4,162,3,11,27,31,33,47,19,0,163,6,8,33,54,31,58,24,9,237,0,29,84,102,84,89,45,6,446,5,57
497,0,0,0,0,0,0,0,0,0,0,0,0,0,0,0,0,0,0,0,0,0,0,0,0,0,0,0,0,0,0,0,0,0,0,0,0,0,0,0,0,0,0,0,0,0,0,0,0,0,0,0,0,0,0,0,0,0,0,0,0,0,0,0,0,0,0,0,0,0,0,0,0,0,0,0,0,0,0,0,0,0,0,0,0,0,0,0,0,0,0,0,0,0,0,0,0,0,0,0,0,0,0,0,0,0,0,0,0,0,0,0,0,0,0,0,0,0,0,0,0,0,0,0,0,0,0,0,0,0,0,0,0,0,0,0,0,0,0,0,0,0,0,0,3,0,0,0,0,0,0,0,0,0,0,0,0,0,0,0,0,0,0,0,0,0,0,0,0,0,0,0,0,0,0,0,0,0,0,0,0,0,0,0,0,0,0,0,0,0,0,0,0,0,0,0,0,0,0,0,0
499,0,3,7,9,4,3,3,0,34,0,6,3,3,6,7,3,0,29,0,3,8,12,11,12,0,0,51,3,6,5,13,16,14,14,7,73,5,7,6,18,28,17,10,3,97,0,4,16,23,41,41,15,5,143,3,13,39,47,57,47,8,3,219,0,20,55,49,62,61,20,4,264,0,10,62,76,80,62,19,4,304,0,5,56,73,78,35,11,7,266,0,0,50,71,57,34,6,0,211,0,0,13,38,43,17,3,0,120,0,0,30,46,60,28,7,0,181,0,0,5,20,35,24,7,0,98,0,0,6,17,13,13,3,0,47,15,79,362,507,593,411,136,31,2141,0,3,3,3,7,3,0,0,24,42,41,22,18,16,8,0,3,148,10,48,24,36,26,28,11,0,189,9,28,30,34,43,38,8,0,186,3,19,37,34,39,41,24,4,205,0,27,46,51,49,50,22,8,250,0,15
501,3,3,20,34,64,64,38,16,239,11,8,10,29,26,29,28,4,145,4,9,23,36,52,80,49,13,265,11,11,21,58,53,84,63,27,329,4,5,33,53,74,88,78,21,358,6,31,80,105,117,147,106,32,638,7,58,99,126,149,167,90,29,733,7,71,206,213,249,181,94,17,1033,4,48,262,271,309,234,104,21,1242,0,19,139,228,250,192,62,16,910,0,10,118,209,271,208,64,10,891,0,0,78,149,189,105,32,9,559,0,5,104,298,402,289,76,20,1189,0,0,49,193,245,183,64,7,754,0,0,10,27,35,44,29,5,154,64,271,1245,2039,2497,2102,982,250,9447,0,0,8,18,12,5,0,0,44,13,0,24,33,17,13,11,0,116,7,6,47,74,40,43,6,3,227,6,6,40,74,38,45,14,12,232,11,9,40,78,52,68,26,4,289,4,19,84,135,93,91,39,8,478,3,30
502,0,0,0,14,14,12,4,5,47,0,0,8,8,3,3,4,3,33,4,0,8,10,11,12,15,0,55,3,3,7,4,10,23,7,3,57,0,0,5,9,12,12,11,6,65,0,8,22,16,31,31,13,5,122,3,26,39,42,40,28,14,6,201,3,38,72,71,66,47,13,0,311,0,23,84,77,67,54,21,0,331,0,3,50,67,81,44,11,0,257,0,4,28,62,74,53,16,0,232,0,0,28,54,55,24,5,0,166,0,0,40,93,99,73,16,0,322,0,0,12,44,89,52,4,3,210,0,3,8,5,9,11,0,0,33,26,112,406,576,654,479,151,47,2447,0,3,5,0,12,0,0,0,23,7,5,8,19,17,9,0,0,64,3,5,26,19,12,19,3,0,83,3,10,17,20,24,16,7,0,115,3,5,23,17,12,20,15,0,94,0,13,51,46,40,49,18,3,232,0,18
503,0,3,32,41,50,38,16,0,183,25,21,14,28,15,11,6,3,126,12,25,37,34,19,28,17,0,177,5,46,62,49,45,28,15,0,247,4,42,80,58,48,45,23,5,306,12,67,153,125,95,73,44,7,567,12,123,285,168,149,116,38,4,897,5,230,604,346,229,187,55,9,1667,6,192,1015,562,438,271,72,13,2563,0,82,757,586,425,286,66,6,2216,3,35,759,715,607,384,78,7,2587,0,10,565,712,591,370,76,3,2332,0,18,1189,2490,2357,1367,235,21,7668,0,7,652,2940,3588,1688,302,36,9217,0,14,55,55,85,30,13,4,259,81,913,6265,8906,8756,4919,1053,122,31016,0,8,58,85,49,25,5,4,237,110,138,87,95,47,46,15,3,540,49,175,168,172,116,77,35,9,809,19,151,206,199,115,102,43,11,847,14,156,259,287,169,156,64,21,1136,23,197,543,465,316,230,150,31,1950,19,323
504,3,5,22,27,36,35,12,5,151,16,9,17,21,24,20,7,3,110,14,20,18,23,30,33,9,0,147,7,17,36,39,46,37,14,9,210,7,16,28,39,48,50,23,5,215,13,40,74,71,103,77,43,10,434,10,80,130,119,122,104,38,7,617,8,112,283,196,193,142,55,4,981,0,82,399,273,338,186,62,13,1351,0,30,268,287,273,179,57,8,1100,0,6,205,301,335,205,45,4,1109,0,9,135,226,326,191,36,3,927,0,4,225,559,654,374,58,3,1872,0,0,68,295,417,238,51,11,1069,0,8,15,32,42,22,11,4,126,71,424,1917,2507,2990,1894,520,84,10422,0,8,16,25,19,10,0,0,81,59,36,33,45,25,18,5,3,225,19,47,43,68,49,29,17,3,279,0,44,73,68,39,53,30,3,308,0,32,85,85,61,48,28,12,342,6,46,139,137,100,85,39,5,565,0,78
505,6,6,31,50,70,42,7,0,211,25,10,29,26,22,26,14,3,157,27,29,33,50,39,33,13,3,219,10,27,60,70,58,49,28,3,302,12,51,69,66,95,62,41,7,401,21,66,133,129,157,107,35,6,655,12,161,270,212,185,150,59,16,1070,8,208,509,367,335,219,69,5,1721,3,127,699,520,475,336,84,9,2251,0,45,453,440,479,302,77,17,1814,0,14,384,558,575,329,76,4,1934,0,11,261,426,392,271,50,5,1422,0,9,426,1006,1139,715,117,6,3424,0,3,173,664,850,509,119,17,2340,3,8,35,56,57,39,15,0,210,130,777,3568,4624,4937,3182,801,107,18123,5,10,34,35,24,20,7,0,148,104,71,75,128,44,42,9,0,476,49,88,138,152,85,67,36,3,614,18,73,132,160,125,79,46,12,648,11,60,154,198,130,117,70,10,746,19,111,306,324,218,187,97,9,1272,4,133
506,3,8,43,47,66,40,8,0,219,28,15,27,34,31,22,9,0,171,26,37,41,40,40,30,15,9,234,12,33,67,58,81,48,30,9,345,16,31,74,86,88,68,47,5,422,16,60,164,149,153,131,69,11,766,22,131,244,207,221,161,62,11,1073,13,207,540,346,339,279,72,11,1811,7,130,775,598,544,375,93,14,2540,0,62,615,578,570,396,82,14,2320,0,31,544,741,705,460,104,11,2599,0,12,386,579,591,385,76,4,2034,0,9,691,1502,1627,970,148,11,4958,0,5,247,1030,1295,865,161,32,3641,3,11,45,52,75,37,23,11,260,140,797,4508,6059,6430,4284,1012,153,23385,3,7,37,37,23,17,6,0,130,72,89,94,73,34,36,9,0,409,42,113,151,129,89,84,29,3,643,14,82,153,135,104,83,43,7,612,6,75,183,187,128,118,74,8,779,5,97,311,308,216,210,100,16,1266,6,172
507,0,0,20,51,75,46,11,3,208,26,16,33,20,22,23,3,0,144,16,25,36,43,41,36,13,3,215,16,37,33,61,48,34,19,8,262,15,34,70,79,71,57,26,8,353,8,63,112,123,151,89,44,9,613,15,122,226,160,175,125,46,10,873,5,188,476,290,311,195,67,10,1550,10,139,558,432,403,255,73,13,1872,0,51,438,415,431,244,59,9,1644,0,30,333,485,480,299,70,6,1706,0,10,271,414,386,229,56,8,1376,0,11,484,994,1141,673,99,4,3409,0,0,181,735,1032,578,140,12,2672,0,4,32,51,66,18,10,0,181,110,720,3306,4363,4834,2904,730,102,17073,6,6,40,35,27,23,3,3,139,85,55,83,81,55,41,16,3,408,32,80,142,144,102,72,27,0,595,15,65,146,149,119,87,33,8,622,8,59,157,198,126,96,46,10,712,15,103,281,316,215,165,97,15,1213,7,128
509,15,7,36,57,119,132,60,16,438,16,3,26,35,48,48,38,17,226,9,19,32,53,86,100,72,33,404,13,7,38,75,103,128,123,31,522,3,12,61,90,117,156,135,49,627,13,38,100,139,196,257,185,73,999,3,44,179,161,247,242,172,52,1097,5,52,208,233,331,281,155,55,1324,3,47,240,279,383,379,190,45,1573,0,17,162,267,333,277,136,34,1233,0,17,131,236,335,279,99,33,1130,0,11,70,160,228,199,66,22,754,0,3,117,280,394,331,115,31,1265,6,0,55,179,276,251,104,23,888,0,9,26,49,65,99,68,32,345,86,282,1486,2287,3268,3162,1705,543,12814,0,0,10,5,4,6,0,0,25,5,4,16,11,17,15,9,0,76,3,5,18,33,15,22,13,3,112,4,6,26,39,28,33,22,0,157,3,11,32,47,34,55,38,6,218,0,7,59,60,73,62,39,3,309,3,28
510,0,0,9,5,22,18,4,0,61,3,0,0,11,3,6,7,0,27,0,3,7,20,6,14,3,3,57,3,3,5,12,11,8,8,0,49,3,4,13,25,12,13,8,7,85,3,9,23,26,31,24,10,3,135,6,14,44,34,28,21,12,3,168,3,39,81,71,72,32,16,0,321,4,30,126,107,98,92,20,0,481,0,14,102,119,115,82,9,5,445,0,9,100,121,117,96,10,0,454,0,4,94,133,116,80,15,3,444,0,7,192,341,331,208,31,0,1125,0,3,234,519,500,258,42,4,1563,0,8,7,11,14,13,9,0,67,27,156,1047,1557,1467,967,215,27,5469,0,4,5,0,6,4,0,0,24,6,3,21,8,10,5,3,0,60,10,9,43,34,27,12,4,0,141,0,4,20,29,19,7,4,6,94,0,10,47,22,16,12,5,0,111,0,25,56,51,34,20,12,0,211,9,16
511,0,0,15,23,46,44,20,3,153,7,0,8,16,20,18,17,4,89,6,3,13,24,37,27,15,3,132,0,3,14,20,36,31,23,11,137,8,8,14,25,49,48,23,7,182,9,18,54,54,62,96,45,12,347,7,26,59,72,83,73,39,8,375,0,36,139,119,122,122,43,3,588,0,32,160,167,197,174,50,12,789,3,11,117,153,178,116,37,4,619,0,9,94,161,167,139,35,5,607,0,4,82,119,148,107,29,5,504,0,3,131,293,356,248,38,7,1075,0,0,97,250,368,195,59,9,980,0,3,15,23,21,39,12,0,118,43,155,1018,1525,1875,1490,482,99,6678,0,0,6,8,9,4,0,0,24,7,6,5,17,12,0,0,0,51,0,5,28,23,10,10,3,0,89,3,7,33,39,26,15,9,0,131,0,14,41,38,18,25,10,0,145,7,22,50,64,39,38,15,3,239,7,28
597,0,0,0,0,0,0,0,0,0,0,0,0,0,0,0,0,0,0,0,0,0,0,0,0,0,0,4,0,0,0,0,0,0,0,0,0,0,0,0,0,0,0,0,0,0,0,0,0,0,0,0,0,0,0,0,0,0,0,0,0,0,0,0,0,0,0,0,0,0,0,0,3,0,0,0,0,0,0,0,0,3,0,0,0,0,0,0,0,0,0,0,0,3,0,0,0,0,0,3,0,0,0,0,0,0,0,0,3,0,0,7,4,0,4,0,0,14,0,0,8,13,23,15,0,0,59,0,0,0,0,0,0,0,0,0,0,0,20,18,33,20,3,0,89,0,0,0,0,0,0,0,0,0,0,0,0,0,0,0,0,0,0,0,0,0,0,0,0,0,0,0,0,0,0,0,0,0,0,0,0,0,0,0,0,0,0,0,0,0,0,0,0,0,0,0,0,0,0,0,0
599,0,0,9,12,15,17,3,0,50,7,7,3,5,5,0,3,3,42,0,8,5,13,6,4,7,0,47,0,3,10,8,4,8,3,0,47,4,6,19,12,16,22,10,10,92,3,8,16,24,21,24,13,4,115,4,11,23,26,32,32,19,9,153,0,17,58,56,48,45,14,3,242,0,12,74,90,79,56,16,3,332,0,8,85,87,78,43,11,7,315,0,3,64,103,86,63,7,3,330,0,4,31,58,75,24,3,0,198,0,3,67,113,99,38,10,0,333,0,3,22,85,91,59,10,0,279,0,0,14,8,19,16,9,3,71,24,95,506,700,689,459,125,45,2643,0,8,11,12,12,3,0,0,38,38,53,34,36,11,12,3,0,190,34,65,37,49,38,26,7,0,264,3,46,42,36,25,37,17,4,217,6,25,35,37,55,31,19,6,212,3,29,62,57,55,52,29,4,301,0,18
601,0,0,13,20,15,29,12,0,86,16,10,5,12,21,12,6,0,89,11,13,29,38,21,39,17,3,168,9,10,45,39,34,42,34,3,208,14,12,37,34,59,71,34,11,278,8,50,79,94,87,84,64,10,471,6,86,162,162,147,124,62,3,753,7,96,353,259,256,166,42,9,1190,0,50,376,388,347,247,58,8,1477,0,15,266,365,348,220,55,0,1264,0,5,174,359,381,228,47,7,1198,0,3,107,279,339,189,18,3,940,0,0,165,617,814,471,55,3,2131,0,0,36,232,393,256,57,10,988,0,3,17,32,28,18,13,0,114,69,354,1871,2924,3300,2185,577,77,11351,3,3,9,10,12,16,0,0,59,25,43,42,36,35,19,10,0,214,7,56,75,74,42,58,15,4,337,7,47,72,85,63,62,38,9,378,8,31,108,122,107,90,55,6,522,9,60,211,221,165,174,83,16,952,6,87
602,3,5,3,15,29,50,14,6,122,17,3,12,16,14,17,17,0,90,6,3,18,27,37,58,40,4,198,4,3,21,35,53,82,54,16,276,11,10,25,44,72,80,38,23,300,12,20,63,75,108,125,73,20,499,7,58,122,116,156,135,47,15,663,5,72,182,184,201,158,65,19,879,3,43,184,232,232,218,56,15,987,0,9,144,176,196,148,49,7,726,0,3,81,174,207,125,30,3,620,0,0,55,121,139,105,11,4,437,0,0,44,187,274,187,37,4,730,0,0,18,69,145,90,35,3,367,5,4,14,24,17,34,10,0,116,62,240,997,1494,1872,1633,579,141,7016,3,3,3,8,5,4,3,0,25,12,20,8,15,15,13,3,0,92,9,20,26,33,30,30,9,0,159,3,8,29,36,23,40,19,0,167,3,11,50,51,36,57,31,9,248,7,29,85,123,71,97,45,5,457,3,52
603,0,0,3,10,16,23,14,4,75,0,0,3,15,14,18,8,3,58,0,3,6,13,18,38,25,4,108,3,0,7,13,15,39,20,8,109,0,3,7,20,38,38,16,6,128,7,0,16,24,45,49,38,10,182,3,18,28,29,45,49,26,3,190,0,6,25,32,48,43,16,11,189,0,5,53,47,49,50,24,4,243,0,6,33,42,27,34,19,0,163,0,0,13,32,40,29,8,0,123,0,0,7,21,22,18,3,0,76,0,0,3,34,39,42,6,4,126,0,0,7,14,15,32,13,3,75,0,0,0,3,4,10,3,5,26,19,54,212,343,428,512,236,70,1864,0,0,0,0,3,7,0,0,7,0,0,0,0,5,10,0,0,13,0,0,8,5,8,15,10,0,43,0,0,3,12,10,10,14,0,52,0,3,3,10,9,16,12,4,61,0,3,8,17,13,23,9,0,75,0,3
604,0,0,11,25,31,35,14,3,130,8,0,8,14,17,23,3,5,71,4,3,21,26,19,43,21,12,152,10,8,12,17,47,60,32,21,209,7,7,32,35,53,61,34,20,245,12,22,39,53,81,95,60,10,375,19,42,82,104,107,98,51,14,518,6,49,138,126,158,139,39,9,656,0,34,138,161,215,139,48,14,750,0,10,103,130,146,92,29,14,522,0,4,69,121,132,95,22,0,443,0,5,43,72,103,73,11,4,310,0,0,38,171,201,130,23,8,569,0,0,6,70,100,68,26,7,269,4,0,9,11,22,19,14,3,85,63,187,753,1131,1434,1179,437,133,5316,0,0,0,9,0,0,0,0,16,8,3,0,13,3,6,3,0,33,4,14,19,31,20,19,5,0,114,0,9,26,28,32,25,7,3,128,3,8,21,37,17,34,19,3,147,5,19,55,57,37,51,24,5,252,0,29
697,0,0,0,0,0,0,0,0,0,0,0,0,0,0,0,0,0,0,0,0,0,0,0,0,0,0,0,0,0,0,0,0,0,0,0,0,0,0,0,0,0,0,0,0,0,0,0,0,0,0,0,0,0,0,0,0,0,0,0,0,0,0,0,0,0,0,0,0,0,0,0,0,0,0,0,0,0,0,0,0,0,0,0,0,0,0,0,0,0,0,0,0,0,0,0,0,0,0,0,0,0,0,0,0,0,0,0,0,0,0,0,0,0,0,0,0,0,0,0,0,0,0,4,0,0,4,0,0,0,0,0,0,0,0,0,0,0,0,0,0,3,0,0,3,0,0,0,0,0,0,0,0,0,0,0,0,0,0,0,0,0,0,0,0,0,0,0,0,0,0,0,0,0,0,0,0,0,0,0,0,0,0,0,0,0,0,0,0,0,0,0,0,0,0,0,0,0,0,0,0
699,0,0,3,3,5,0,0,0,15,0,0,3,0,0,0,0,0,3,0,0,0,8,3,5,0,4,21,0,0,4,0,14,6,3,0,25,3,0,0,7,7,10,0,0,25,0,11,14,11,13,16,0,0,67,6,5,6,21,16,17,8,0,74,3,18,21,20,24,21,8,0,117,0,7,31,29,42,31,0,0,136,0,0,21,27,30,16,0,0,99,0,0,17,22,26,12,0,0,84,0,0,6,7,10,3,4,0,32,0,0,8,15,6,17,4,0,53,0,0,0,0,8,7,0,0,16,0,0,0,3,0,3,0,0,12,13,52,143,175,200,168,31,7,790,0,0,0,0,0,0,0,0,0,7,4,5,7,4,3,0,0,22,3,4,8,7,8,6,0,0,33,0,3,7,10,10,10,3,0,38,0,3,12,0,11,5,3,0,35,0,3,20,17,5,16,0,3,67,0,0
701,0,4,11,12,15,8,7,0,57,12,0,3,5,9,0,3,0,31,3,0,11,12,18,16,3,0,57,0,10,16,19,8,10,3,3,73,0,11,9,17,25,13,8,0,85,0,19,45,30,35,34,14,3,169,6,27,66,70,59,61,16,0,305,17,75,185,122,113,69,27,6,609,4,76,303,199,164,117,30,3,904,0,49,282,211,205,129,30,3,913,0,36,242,301,293,162,32,0,1065,0,11,196,294,293,156,25,3,980,0,9,307,660,702,430,59,0,2167,0,0,104,376,514,359,57,5,1418,0,8,14,16,26,7,6,0,83,50,330,1786,2339,2468,1571,325,37,8917,0,3,9,10,8,9,3,0,43,27,3,25,13,8,5,7,0,93,4,12,19,16,20,17,10,0,102,7,8,23,17,15,17,11,0,103,4,6,38,28,29,17,17,5,148,9,21,92,74,36,43,22,6,296,7,44
702,5,0,4,3,11,12,7,0,44,3,0,0,0,0,7,3,5,17,0,3,9,11,11,16,7,0,56,3,0,12,11,5,11,0,0,45,3,7,18,16,17,11,3,3,73,0,3,20,19,27,18,11,0,111,6,18,40,41,48,31,10,0,193,3,26,84,40,82,52,18,0,304,3,29,147,109,138,101,27,3,556,0,16,116,120,128,106,20,3,514,0,8,89,103,149,104,14,0,466,0,0,54,89,104,88,9,0,347,0,6,92,178,231,205,32,3,745,0,0,38,95,130,96,23,4,392,0,4,11,17,21,13,10,4,79,25,120,737,862,1094,876,209,26,3953,0,0,11,5,0,3,0,0,25,15,6,19,10,25,6,0,3,80,6,16,52,41,39,37,11,3,205,8,13,53,32,32,22,10,3,177,10,14,38,40,28,29,13,4,176,12,31,79,78,64,40,10,0,320,11,32
797,0,0,0,0,0,0,0,0,0,0,0,0,0,0,0,0,0,0,0,0,0,0,0,0,0,0,0,0,0,0,0,0,0,0,0,0,0,0,0,0,0,0,0,0,0,0,0,0,0,0,0,0,0,0,0,0,0,0,0,0,0,0,0,0,0,0,0,0,0,0,0,0,0,0,0,0,0,0,0,0,0,0,0,0,0,0,0,0,0,0,0,0,0,0,0,0,0,0,0,0,0,0,0,0,0,0,0,0,0,0,0,0,0,0,0,0,0,0,0,0,0,3,3,0,0,9,0,0,0,0,0,0,0,0,0,0,0,0,0,6,3,0,0,8,0,0,0,0,0,0,0,0,0,0,0,0,0,0,0,0,0,0,0,0,0,0,0,0,0,0,0,0,0,0,0,0,0,0,0,0,0,0,0,0,0,0,0,0,0,0,0,0,0,0,0,0,0,0,0,0
799,0,0,0,0,0,0,0,0,4,0,0,0,0,0,0,0,0,0,0,0,0,0,0,0,0,0,3,0,0,0,0,3,0,0,0,6,0,0,0,0,0,3,0,0,3,0,0,4,4,0,3,0,0,13,0,0,6,0,3,0,0,0,15,0,3,4,0,3,3,0,0,12,0,0,3,11,3,8,0,0,29,0,0,10,12,8,3,4,0,34,0,0,3,8,8,5,0,0,29,0,0,9,10,4,7,0,0,26,0,0,4,15,10,3,5,0,36,0,0,8,4,9,3,0,0,23,0,0,0,0,0,0,0,0,0,0,3,55,66,59,42,9,0,234,0,0,0,0,0,0,0,0,3,0,0,0,3,0,0,0,0,7,0,4,0,6,0,0,0,0,16,0,0,6,3,0,0,0,0,9,0,0,3,0,6,3,0,0,10,0,0,7,3,3,8,3,0,25,0,0
801,0,0,21,28,41,20,8,3,122,41,15,7,20,18,11,3,0,123,28,43,29,35,22,22,16,0,191,13,38,42,34,43,43,23,3,235,21,46,59,59,55,37,23,3,303,159,141,119,117,90,63,54,9,737,111,297,275,200,163,97,46,10,1192,68,451,595,400,275,153,52,5,1991,24,314,937,608,445,278,61,3,2675,10,142,800,714,535,300,68,6,2567,0,59,918,1036,843,401,77,11,3351,0,15,975,1159,941,459,62,16,3624,3,16,1768,4442,4519,1946,204,12,12906,0,4,282,1539,2511,1381,170,20,5912,3,15,54,76,67,45,10,5,274,483,1592,6882,10461,10567,5253,865,105,36207,7,19,35,62,24,14,0,0,160,158,120,83,102,52,34,9,6,566,42,162,118,126,69,51,23,3,598,18,127,143,122,83,73,46,15,622,18,144,201,151,82,100,59,8,764,33,190,450,274,179,142,102,24,1396,23,242
897,0,0,0,0,0,0,0,0,0,0,0,0,0,0,0,0,0,0,0,0,0,0,0,0,0,0,0,0,0,0,0,0,0,0,0,0,0,0,0,0,0,0,0,0,0,0,0,0,0,0,0,0,0,0,0,0,0,0,0,0,0,0,0,0,0,0,0,0,0,0,0,0,0,0,0,0,0,0,0,0,0,0,0,0,0,0,0,0,0,0,0,0,0,0,0,0,0,0,0,0,0,0,0,0,0,0,0,0,0,0,0,0,0,0,0,0,0,0,0,0,0,0,0,0,0,0,0,0,0,0,0,0,0,0,0,0,0,0,0,0,0,0,0,0,0,0,0,0,0,0,0,0,0,0,0,0,0,0,0,0,0,0,0,0,0,0,0,0,0,0,0,0,0,0,0,0,0,0,0,0,0,0,0,0,0,0,0,0,0,0,0,0,0,0,0,0,0,0,0,0
899,0,0,0,0,0,0,0,0,4,0,0,0,0,0,4,0,0,6,0,0,0,0,0,0,0,0,6,0,0,0,0,3,0,0,0,9,0,3,0,0,0,3,0,0,6,3,0,6,7,3,0,0,0,23,0,0,7,3,8,4,0,0,27,0,0,10,6,12,3,3,0,46,0,5,23,13,9,3,7,0,60,0,0,20,15,18,6,3,0,66,0,0,23,14,21,5,0,0,62,0,0,17,17,7,6,0,0,49,0,0,19,23,23,10,0,0,74,0,0,0,16,15,8,3,0,49,0,3,0,3,5,0,0,0,8,3,13,131,134,126,53,24,0,480,0,3,3,0,0,0,0,0,13,38,22,6,3,6,4,0,0,77,11,22,6,8,3,3,0,0,52,3,14,10,8,3,3,0,0,43,0,6,12,9,10,0,4,0,39,0,10,13,4,8,10,9,0,50,0,5
901,0,0,0,0,3,3,0,0,6,0,0,0,0,0,3,0,0,3,0,0,0,0,0,3,0,0,5,0,0,0,4,0,4,3,5,16,0,0,0,5,10,6,3,0,31,0,0,5,3,0,4,4,0,25,0,7,3,6,5,4,0,3,31,0,12,15,9,12,10,3,0,59,3,3,15,6,14,8,5,0,49,0,0,6,10,7,10,3,0,43,0,0,10,14,8,8,0,0,35,0,0,3,19,14,5,0,0,39,0,3,13,20,22,24,0,0,79,0,0,3,12,17,11,4,0,41,0,0,0,0,0,0,0,0,3,10,26,71,109,110,103,32,15,469,0,0,0,0,0,0,0,0,0,3,0,0,3,0,0,0,0,3,0,4,0,4,0,0,0,0,13,0,0,0,3,0,3,3,0,7,0,0,5,0,0,4,3,0,17,0,0,3,7,0,9,3,0,23,0,3
997,0,0,0,0,0,0,0,0,0,0,0,0,0,0,0,0,0,0,0,0,0,0,0,0,0,0,0,0,0,0,0,0,0,0,0,0,0,0,0,0,0,0,0,0,0,0,0,0,0,0,0,0,0,0,0,0,0,0,0,0,0,0,0,0,0,0,0,0,0,0,0,0,0,0,0,0,0,0,0,0,0,0,0,0,0,0,0,0,0,0,0,0,0,0,0,0,0,0,0,0,0,0,0,0,0,0,0,0,0,0,0,0,0,0,0,0,0,0,0,0,0,0,0,0,0,0,0,0,0,0,0,0,0,0,0,0,0,0,0,0,0,0,0,0,0,0,0,0,0,0,0,0,0,0,0,0,0,0,0,0,0,0,0,0,0,0,0,0,0,0,0,0,0,0,0,0,0,0,0,0,0,0,0,0,0,0,0,0,0,0,0,0,0,0,0,0,0,0,0,0
999,0,0,0,0,0,0,0,0,0,0,0,0,0,0,0,0,0,0,0,0,0,0,0,0,0,0,0,0,0,0,0,0,0,0,0,3,0,0,0,0,0,0,0,0,0,0,0,0,0,0,0,0,0,0,0,0,0,0,0,0,0,0,0,0,0,0,0,0,0,0,0,0,0,0,0,0,0,0,0,0,7,0,0,0,0,3,0,0,0,3,0,0,0,0,0,0,0,0,0,0,0,0,0,0,0,0,0,0,0,0,0,0,0,0,0,0,0,0,0,0,3,3,0,0,0,10,0,0,0,0,0,0,0,0,0,0,0,0,4,12,3,0,0,26,0,0,0,0,0,0,0,0,0,0,0,0,0,0,0,0,0,0,0,0,0,0,0,0,0,0,4,0,0,0,0,0,0,0,0,0,0,0,0,0,0,0,0,0,0,0,0,3,0,0,0,0,0,3,0,0