SA4_CODE_2016,OIDNS_500_649_A_35_44,OIDNS_500_649_A_45_54,OIDNS_500_649_A_55_64,OIDNS_500_649_A_65_74,OIDNS_500_649_A_75ov,OIDNS_500_649_T,OIDNS_650_799_A_15_19,OIDNS_650_799_A_20_24,OIDNS_650_799_A_25_34,OIDNS_650_799_A_35_44,OIDNS_650_799_A_45_54,OIDNS_650_799_A_55_64,OIDNS_650_799_A_65_74,OIDNS_650_799_A_75ov,OIDNS_650_799_T,OIDNS_800_999_A_15_19,OIDNS_800_999_A_20_24,OIDNS_800_999_A_25_34,OIDNS_800_999_A_35_44,OIDNS_800_999_A_45_54,OIDNS_800_999_A_55_64,OIDNS_800_999_A_65_74,OIDNS_800_999_A_75ov,OIDNS_800_999_T,OIDNS_1000_1249_A_15_19,OIDNS_1000_1249_A_20_24,OIDNS_1000_1249_A_25_34,OIDNS_1000_1249_A_35_44,OIDNS_1000_1249_A_45_54,OIDNS_1000_1249_A_55_64,OIDNS_1000_1249_A_65_74,OIDNS_1000_1249_A_75ov,OIDNS_1000_1249_T,OIDNS_1250_1499_A_15_19,OIDNS_1250_1499_A_20_24,OIDNS_1250_1499_A_25_34,OIDNS_1250_1499_A_35_44,OIDNS_1250_1499_A_45_54,OIDNS_1250_1499_A_55_64,OIDNS_1250_1499_A_65_74,OIDNS_1250_1499_A_75ov,OIDNS_1250_1499_T,OIDNS_1500_1749_A_15_19,OIDNS_1500_1749_A_20_24,OIDNS_1500_1749_A_25_34,OIDNS_1500_1749_A_35_44,OIDNS_1500_1749_A_45_54,OIDNS_1500_1749_A_55_64,OIDNS_1500_1749_A_65_74,OIDNS_1500_1749_A_75ov,OIDNS_1500_1749_T,OIDNS_1750_1999_A_15_19,OIDNS_1750_1999_A_20_24,OIDNS_1750_1999_A_25_34,OIDNS_1750_1999_A_35_44,OIDNS_1750_1999_A_45_54,OIDNS_1750_1999_A_55_64,OIDNS_1750_1999_A_65_74,OIDNS_1750_1999_A_75ov,OIDNS_1750_1999_T,OIDNS_2000_2999_A_15_19,OIDNS_2000_2999_A_20_24,OIDNS_2000_2999_A_25_34,OIDNS_2000_2999_A_35_44,OIDNS_2000_2999_A_45_54,OIDNS_2000_2999_A_55_64,OIDNS_2000_2999_A_65_74,OIDNS_2000_2999_A_75ov,OIDNS_2000_2999_T,OIDNS_3000mo_A_15_19,OIDNS_3000mo_A_20_24,OIDNS_3000mo_A_25_34,OIDNS_3000mo_A_35_44,OIDNS_3000mo_A_45_54,OIDNS_3000mo_A_55_64,OIDNS_3000mo_A_65_74,OIDNS_3000mo_A_75ov,OIDNS_3000mo_T,OIDNS_PINS_A_15_19,OIDNS_PINS_A_20_24,OIDNS_PINS_A_25_34,OIDNS_PINS_A_35_44,OIDNS_PINS_A_45_54,OIDNS_PINS_A_55_64,OIDNS_PINS_A_65_74,OIDNS_PINS_A_75ov,OIDNS_PINS_T,OIDNS_Tot_A_15_19,OIDNS_Tot_A_20_24,OIDNS_Tot_A_25_34,OIDNS_Tot_A_35_44,OIDNS_Tot_A_45_54,OIDNS_Tot_A_55_64,OIDNS_Tot_A_65_74,OIDNS_Tot_A_75ov,OIDNS_Tot_Tot,Tot_NNI_A_15_19,Tot_NNI_A_20_24,Tot_NNI_A_25_34,Tot_NNI_A_35_44,Tot_NNI_A_45_54,Tot_NNI_A_55_64,Tot_NNI_A_65_74,Tot_NNI_A_75ov,Tot_NNI_Tot,Tot_1_149_A_15_19,Tot_1_149_A_20_24,Tot_1_149_A_25_34,Tot_1_149_A_35_44,Tot_1_149_A_45_54,Tot_1_149_A_55_64,Tot_1_149_A_65_74,Tot_1_149_A_75ov,Tot_1_149_Tot,Tot_150_299_A_15_19,Tot_150_299_A_20_24,Tot_150_299_A_25_34,Tot_150_299_A_35_44,Tot_150_299_A_45_54,Tot_150_299_A_55_64,Tot_150_299_A_65_74,Tot_150_299_A_75ov,Tot_150_299_Tot,Tot_300_399_A_15_19,Tot_300_399_A_20_24,Tot_300_399_A_25_34,Tot_300_399_A_35_44,Tot_300_399_A_45_54,Tot_300_399_A_55_64,Tot_300_399_A_65_74,Tot_300_399_A_75ov,Tot_300_399_Tot,Tot_400_499_A_15_19,Tot_400_499_A_20_24,Tot_400_499_A_25_34,Tot_400_499_A_35_44,Tot_400_499_A_45_54,Tot_400_499_A_55_64,Tot_400_499_A_65_74,Tot_400_499_A_75ov,Tot_400_499_Tot,Tot_500_649_A_15_19,Tot_500_649_A_20_24,Tot_500_649_A_25_34,Tot_500_649_A_35_44,Tot_500_649_A_45_54,Tot_500_649_A_55_64,Tot_500_649_A_65_74,Tot_500_649_A_75ov,Tot_500_649_Tot,Tot_650_799_A_15_19,Tot_650_799_A_20_24,Tot_650_799_A_25_34,Tot_650_799_A_35_44,Tot_650_799_A_45_54,Tot_650_799_A_55_64,Tot_650_799_A_65_74,Tot_650_799_A_75ov,Tot_650_799_Tot,Tot_800_999_A_15_19,Tot_800_999_A_20_24,Tot_800_999_A_25_34,Tot_800_999_A_35_44,Tot_800_999_A_45_54,Tot_800_999_A_55_64,Tot_800_999_A_65_74,Tot_800_999_A_75ov,Tot_800_999_Tot,Tot_1000_1249_A_15_19,Tot_1000_1249_A_20_24,Tot_1000_1249_A_25_34,Tot_1000_1249_A_35_44,Tot_1000_1249_A_45_54,Tot_1000_1249_A_55_64,Tot_1000_1249_A_65_74,Tot_1000_1249_A_75ov,Tot_1000_1249_Tot,Tot_1250_1499_A_15_19,Tot_1250_1499_A_20_24,Tot_1250_1499_A_25_34,Tot_1250_1499_A_35_44,Tot_1250_1499_A_45_54,Tot_1250_1499_A_55_64,Tot_1250_1499_A_65_74,Tot_1250_1499_A_75ov,Tot_1250_1499_Tot,Tot_1500_1749_A_15_19,Tot_1500_1749_A_20_24,Tot_1500_1749_A_25_34,Tot_1500_1749_A_35_44,Tot_1500_1749_A_45_54,Tot_1500_1749_A_55_64,Tot_1500_1749_A_65_74,Tot_1500_1749_A_75ov,Tot_1500_1749_Tot,Tot_1750_1999_A_15_19,Tot_1750_1999_A_20_24,Tot_1750_1999_A_25_34,Tot_1750_1999_A_35_44,Tot_1750_1999_A_45_54
101,19,16,17,0,6,101,0,18,18,22,21,18,0,3,108,0,16,35,15,24,21,12,0,116,0,11,33,26,35,31,3,6,134,0,3,22,9,25,22,0,0,80,0,0,12,10,19,8,8,4,50,0,0,13,13,11,6,3,0,55,0,0,0,9,9,5,5,0,39,0,0,7,7,9,4,3,3,36,10,14,33,31,24,35,6,3,159,63,109,206,196,234,234,76,49,1172,126,28,65,97,132,151,90,12,703,1814,154,152,154,209,232,79,19,2821,624,386,355,388,457,545,236,46,3041,380,429,430,536,626,703,316,55,3481,469,552,612,700,848,903,416,75,4570,433,1009,1216,1191,1538,1390,538,127,7434,259,1186,1776,1561,1964,1602,468,78,8895,129,969,2067,1805,2332,1931,461,64,9754,40,561,1991,1913,2225,1763,414,73,8969,10,239,1298,1293,1478,1126,247,46,5738,9,94,836,1099,1262,925,191,33,4450,0,34,482,818,955
102,23,25,25,7,4,126,3,15,28,32,44,28,8,0,167,0,21,36,32,56,40,10,4,191,3,10,56,52,55,41,6,3,220,0,3,24,33,23,24,3,0,107,0,0,15,32,27,17,4,3,97,0,0,8,14,18,21,5,0,64,0,0,3,25,15,4,4,8,56,0,0,8,5,8,10,4,11,52,22,29,40,44,36,33,15,5,225,99,146,283,350,352,292,85,68,1672,167,44,83,141,145,119,24,9,729,3486,419,234,320,257,194,61,4,4975,1462,952,539,669,642,569,154,22,5010,740,965,772,899,954,838,292,56,5511,744,1105,1068,1057,1204,1136,366,59,6741,559,1656,1820,1899,2259,1954,581,62,10791,248,1851,2742,2472,2889,2218,539,43,13007,104,1426,3333,3024,3516,2630,483,35,14548,41,799,3075,3005,3409,2590,435,32,13384,8,275,2060,2136,2239,1482,264,21,8478,4,120,1497,1805,1979,1305,217,23,6945,0,34,782,1377,1499
103,22,22,15,16,5,111,4,16,24,26,20,28,8,5,136,7,6,34,30,39,23,14,3,162,0,10,23,30,32,18,15,3,121,0,4,17,22,19,10,0,0,83,0,0,12,16,21,23,5,3,84,0,0,6,12,8,7,4,3,40,0,0,12,19,32,11,3,3,79,0,0,0,10,13,7,0,3,36,15,15,30,38,33,16,13,18,188,101,98,206,272,296,218,136,89,1409,160,43,73,143,161,202,126,15,922,1905,223,179,177,189,214,86,28,2996,700,441,483,438,488,550,255,69,3411,486,483,602,579,675,717,403,112,4059,537,623,744,781,932,838,445,117,5025,469,1036,1356,1428,1608,1429,582,144,8045,299,1409,1971,1724,2018,1695,544,138,9788,127,1168,2317,2066,2479,1951,505,106,10725,34,757,2406,2176,2398,1895,494,101,10259,11,342,1686,1578,1736,1283,268,34,6935,3,161,1314,1527,1555,1212,219,54,6041,3,99,792,1257,1316
104,17,16,14,10,3,76,0,9,15,18,15,21,5,0,82,0,9,17,18,18,14,10,3,89,0,10,14,16,25,9,0,3,78,0,0,7,14,10,9,3,0,43,0,0,8,14,18,3,0,0,47,0,0,0,4,3,7,0,0,21,0,0,0,8,8,3,3,0,25,0,0,0,7,3,4,0,4,17,19,12,20,18,26,14,3,10,114,50,63,122,162,178,145,53,44,823,76,23,46,79,110,95,22,4,462,1460,68,92,102,141,145,34,7,2051,498,248,261,318,347,381,115,20,2190,313,332,367,407,515,602,198,48,2779,304,424,502,586,694,717,240,43,3497,251,658,936,966,1243,1186,317,58,5620,85,833,1331,1321,1649,1425,322,35,7006,37,514,1402,1497,1760,1504,265,37,7013,16,287,1078,1305,1610,1221,238,16,5760,4,110,726,888,1007,754,146,17,3655,3,35,473,695,844,674,90,13,2828,0,11,271,563,656
105,12,12,12,5,0,65,0,11,18,16,15,21,13,0,93,4,3,24,13,22,21,4,5,96,0,8,18,15,12,15,4,0,73,0,0,10,14,15,16,0,0,55,0,0,10,7,10,6,0,0,37,0,0,8,16,11,0,0,0,36,0,3,6,11,12,6,3,0,27,0,0,3,4,3,5,3,0,18,7,3,19,25,26,26,8,15,132,45,58,158,152,157,145,67,45,828,66,17,51,89,147,153,66,20,608,850,61,89,98,88,142,39,13,1379,327,179,221,236,265,268,134,45,1683,202,218,294,301,327,371,178,78,1960,279,309,400,387,482,458,212,79,2619,244,626,793,698,834,768,321,70,4346,143,744,1229,989,1120,995,327,44,5595,72,628,1408,1129,1337,1169,292,56,6084,25,453,1493,1147,1389,1097,260,62,5934,8,188,1026,824,887,674,149,32,3788,4,109,820,744,868,594,124,26,3289,3,64,504,634,664
106,25,21,24,9,8,121,3,19,23,25,21,22,4,9,126,0,14,34,33,33,17,3,3,145,0,14,34,31,43,35,13,0,170,0,3,20,34,28,23,0,0,117,0,3,23,42,32,19,8,0,126,0,3,17,22,25,12,3,0,83,0,0,17,38,43,18,10,0,130,0,0,4,7,15,18,7,0,52,15,24,28,36,53,25,9,7,194,93,135,267,340,359,256,98,57,1602,145,39,107,140,164,137,65,12,805,2863,230,187,255,238,177,68,11,4033,1056,620,537,616,593,526,199,42,4196,651,741,724,823,810,735,292,78,4850,561,836,956,940,1061,870,332,82,5636,589,1373,1658,1563,1830,1391,446,97,8949,383,1751,2283,2025,2231,1596,401,60,10716,150,1459,2938,2402,2568,1912,361,55,11837,75,1000,3095,2712,2720,1930,396,51,11979,27,458,2403,1977,1952,1337,211,30,8397,4,225,1929,1998,1850,1246,208,22,7481,0,122,1290,1596,1598
107,23,20,10,0,6,115,3,19,40,22,42,14,5,3,146,0,5,36,44,43,25,3,0,169,0,8,42,63,40,33,9,3,195,0,9,28,32,20,11,4,0,109,0,3,19,30,31,11,3,4,95,0,0,14,28,14,3,0,0,58,0,0,7,21,24,14,0,0,66,3,0,0,12,11,6,6,3,39,9,17,50,37,42,27,16,10,201,87,133,331,362,351,187,71,50,1577,140,62,109,118,113,80,31,3,666,3059,607,236,272,236,178,48,4,4645,1247,1252,687,589,640,476,122,16,5028,628,1143,834,833,821,707,204,38,5209,606,1228,1088,1038,1157,933,294,44,6384,506,1700,1834,1775,1886,1450,396,44,9593,240,1776,2463,2269,2367,1563,341,34,11050,84,1342,3084,2649,2802,2022,354,31,12363,29,873,3142,2901,3034,2094,360,38,12472,8,385,2245,2118,2144,1451,216,23,8597,3,161,1644,2008,2074,1360,191,29,7469,0,46,931,1544,1662
108,17,13,19,10,6,100,0,7,25,31,37,25,9,3,138,0,11,16,28,27,28,10,3,117,0,4,16,16,35,17,9,4,99,0,0,11,11,9,13,3,3,51,0,0,12,10,6,9,0,0,46,0,0,4,3,6,3,3,0,18,0,0,3,12,5,3,0,0,29,0,3,4,0,0,0,0,3,14,15,17,19,31,34,23,6,9,158,74,75,175,199,239,208,104,83,1157,125,28,62,85,124,158,52,8,652,2110,108,106,170,177,216,63,15,2971,638,301,336,379,528,623,229,44,3082,405,404,485,577,801,856,345,90,3974,415,535,603,754,1096,1095,438,73,5003,327,933,1192,1375,1860,1762,598,85,8130,142,1001,1744,1790,2393,1986,459,63,9579,53,713,1850,1927,2528,2083,408,70,9630,21,358,1511,1814,2162,1712,358,33,7962,6,172,970,1205,1343,1074,191,21,4985,4,46,627,917,1143,888,150,13,3795,0,26,362,762,948
109,12,16,13,13,14,85,0,14,11,9,18,15,10,3,79,3,15,15,17,32,13,9,0,106,0,3,9,16,18,17,5,0,77,0,0,12,17,9,11,9,0,52,0,0,4,14,15,11,3,0,51,0,0,0,10,11,7,0,0,26,0,0,4,5,13,9,0,0,34,0,0,0,0,9,0,0,0,11,11,15,20,13,24,24,11,9,119,50,77,111,141,173,145,80,43,824,79,20,53,94,104,117,51,15,527,1301,89,89,117,140,123,65,9,1924,436,331,263,231,291,343,150,37,2084,261,322,341,382,391,504,209,47,2459,316,426,490,427,585,602,250,43,3132,305,714,847,843,1025,1035,396,78,5237,131,860,1304,1088,1278,1145,335,57,6199,78,718,1594,1334,1652,1378,292,58,7110,14,396,1516,1387,1549,1309,264,34,6473,4,157,935,1038,1059,854,168,31,4248,7,47,601,764,951,663,90,13,3136,3,20,306,581,659
110,17,21,29,22,5,127,7,12,28,21,21,16,8,9,115,3,10,25,27,34,30,12,9,148,3,5,35,27,24,24,18,3,140,0,0,16,19,24,9,0,0,71,0,0,13,10,19,6,4,3,52,0,0,6,9,9,3,7,0,33,0,0,5,8,12,3,4,4,41,3,0,8,3,7,5,6,3,33,20,16,39,20,34,28,25,26,215,97,81,209,217,243,232,121,91,1298,124,35,82,141,230,256,126,25,1022,1694,142,150,182,207,208,90,18,2695,662,393,357,394,468,554,227,77,3128,423,415,508,555,638,682,373,136,3727,455,563,673,697,862,813,443,123,4616,422,965,1269,1221,1430,1380,585,147,7427,258,1286,2036,1708,2040,1641,495,98,9561,124,1048,2310,2057,2418,1946,505,93,10500,43,588,2199,2034,2243,1874,470,87,9544,12,249,1447,1300,1384,1096,243,42,5771,11,118,965,1164,1267,929,214,32,4684,6,56,558,874,958
111,32,22,29,12,3,166,3,34,55,38,38,29,9,3,214,0,21,64,56,53,35,6,0,241,0,17,74,63,64,42,12,3,270,0,6,53,46,50,31,7,3,187,0,0,32,39,48,29,3,3,155,0,0,7,34,30,23,3,0,101,0,0,19,38,42,12,6,0,113,0,3,14,12,21,11,10,0,72,11,29,63,57,58,39,13,5,282,107,212,468,482,471,322,111,61,2233,158,59,125,164,163,115,39,9,829,4136,697,280,301,264,236,56,11,5990,1613,1587,841,746,659,571,180,33,6227,930,1616,1151,1050,1037,868,293,67,7005,854,1744,1518,1380,1373,1169,389,64,8489,695,2424,2694,2453,2622,1981,566,86,13528,350,2833,4052,3258,3598,2551,557,59,17267,148,2365,5220,4097,4569,3196,532,43,20164,60,1589,5927,4743,4934,3516,518,49,21330,21,562,3992,3586,3534,2446,356,31,14534,5,203,3021,3247,3371,2212,298,22,12374,0,83,1689,2525,2486
112,21,27,30,23,8,147,0,13,26,37,37,32,13,3,164,0,9,24,28,35,26,8,3,135,0,3,23,26,34,27,7,3,124,0,0,15,24,18,13,0,0,69,0,0,7,7,15,15,3,0,51,0,0,3,3,6,15,0,0,29,0,0,0,16,12,7,3,9,42,0,0,0,13,7,6,7,4,35,17,17,36,41,34,32,12,16,199,80,85,194,273,280,265,122,86,1399,117,28,70,138,157,150,54,21,734,2275,174,149,217,203,221,73,30,3352,822,461,459,532,619,642,226,51,3816,466,499,634,751,862,944,366,103,4634,470,736,915,1039,1236,1282,466,95,6241,415,1156,1608,1733,2123,2005,648,105,9799,196,1313,2110,2226,2788,2388,567,77,11662,75,863,2279,2584,3124,2635,529,59,12150,32,443,2040,2464,2823,2335,462,53,10639,4,146,1240,1516,1662,1366,231,32,6192,0,46,790,1293,1443,1091,205,25,4896,0,13,430,905,1072
113,11,6,18,13,5,87,0,21,27,23,8,15,5,3,107,6,10,27,23,31,28,10,0,136,0,6,31,15,24,21,9,4,103,0,5,12,18,24,20,4,0,71,0,0,15,15,17,9,3,0,55,0,0,3,5,16,11,0,0,35,0,0,5,8,13,4,0,0,32,0,4,3,3,3,4,10,3,27,18,12,25,23,19,21,11,11,153,63,103,186,177,200,188,89,58,1057,116,22,61,80,111,121,61,25,593,1606,176,132,126,142,125,69,20,2399,510,397,359,309,341,343,147,50,2460,401,411,454,448,489,479,236,77,2992,478,525,569,554,671,660,283,77,3821,465,993,1207,1055,1236,1119,430,99,6609,425,1550,1988,1571,1741,1402,401,68,9159,187,1239,2377,1952,2238,1717,409,62,10180,64,708,2290,1935,2059,1751,365,53,9228,18,296,1506,1365,1435,1094,221,45,5984,9,108,1054,1181,1219,833,179,24,4596,3,33,600,935,934
114,18,12,15,12,0,78,0,3,8,15,12,14,8,0,64,0,5,18,18,26,19,6,4,97,0,6,11,15,24,21,3,3,78,0,6,13,0,7,8,3,0,34,0,0,5,12,16,7,0,0,43,0,0,0,7,3,4,0,0,20,0,0,0,3,10,3,3,3,34,0,0,0,4,9,9,3,7,32,8,14,15,26,25,16,5,3,120,49,65,115,146,181,156,62,53,836,83,27,46,69,82,93,28,9,432,1626,130,135,130,141,144,49,9,2366,574,308,300,350,335,378,117,32,2394,316,374,385,420,545,559,272,41,2916,400,474,487,552,703,677,242,47,3577,308,751,932,945,1245,1044,412,52,5696,136,879,1256,1238,1470,1213,335,47,6565,45,695,1484,1348,1615,1297,305,44,6839,14,395,1390,1315,1597,1320,295,48,6375,8,199,918,856,998,800,166,13,3953,0,69,675,816,937,693,163,20,3378,0,21,415,617,743
115,20,20,16,13,3,112,3,26,30,32,31,15,9,4,143,0,10,51,37,38,27,6,3,182,0,13,44,39,36,27,3,0,154,0,4,34,27,24,10,4,0,105,0,3,19,37,20,11,6,0,97,0,0,8,22,13,12,0,3,55,0,0,16,29,17,4,0,0,68,0,0,8,12,19,17,10,4,67,18,22,63,38,48,28,8,8,234,73,147,335,345,307,200,81,37,1525,126,56,106,136,120,91,43,13,684,2622,510,172,239,187,143,46,13,3939,1168,1002,448,525,422,380,164,31,4135,551,868,620,659,636,518,232,50,4133,518,885,700,753,877,614,256,49,4658,434,1105,1169,1277,1441,1051,394,64,6936,230,1295,1752,1638,1746,1287,397,47,8386,118,1248,2453,2018,2086,1522,433,49,9914,36,900,2945,2387,2348,1601,432,31,10684,15,403,2186,1834,1713,1154,247,42,7591,0,146,1707,1902,1635,1035,261,31,6718,0,55,1111,1441,1265
116,32,36,18,8,3,157,7,41,50,43,38,20,8,3,213,5,29,80,62,51,33,7,3,259,0,15,92,72,70,31,3,4,290,0,7,40,45,52,21,3,0,172,0,6,37,17,38,15,7,0,115,0,0,8,24,22,15,3,0,65,0,0,24,26,21,5,0,0,77,0,0,9,5,8,10,4,0,31,17,37,69,63,56,22,3,0,273,117,236,499,448,451,226,70,27,2075,157,73,120,146,129,64,22,3,716,2379,443,186,204,147,127,45,10,3542,1188,901,527,512,439,382,101,14,4065,621,857,751,696,656,531,166,31,4300,539,950,1019,917,884,657,186,31,5176,462,1325,1742,1626,1636,1062,349,39,8231,317,1748,2944,2520,2461,1730,358,25,12088,184,1693,4027,3439,3407,2285,409,23,15467,66,1148,4572,3999,3637,2432,455,20,16331,11,488,3065,2911,2566,1641,327,14,11025,8,206,2221,2414,2256,1446,223,15,8788,3,73,1214,1855,1710
117,118,99,66,22,10,674,17,158,299,165,114,74,23,9,859,15,203,426,233,163,89,22,7,1153,6,154,521,289,195,110,30,3,1323,0,56,427,265,152,80,22,5,1010,0,27,320,247,180,84,15,3,877,0,13,203,194,127,56,12,0,598,0,15,293,314,204,97,18,7,946,3,11,173,421,268,110,33,20,1030,51,163,471,305,216,157,47,19,1422,339,1351,3849,2829,1922,1051,322,140,11803,262,362,672,561,392,220,79,28,2573,2723,1885,848,485,385,274,117,23,6734,1962,4142,2404,1193,864,783,267,43,11657,1315,4636,4252,1842,1414,1115,397,58,15033,1039,5014,5822,2427,1905,1488,565,96,18349,1053,5926,8597,4549,3575,2747,931,144,27522,792,7113,12935,6962,5308,3660,1075,131,37975,458,8764,20821,10341,7908,5076,1346,139,54847,196,8173,29280,14495,10289,6546,1595,152,70722,79,3890,24790,13989,9417,5636,1231,97,59131,39,1689,22600,15374,10149,5716,1127,83,56780,16,571,15431,13520,8601
118,15,16,17,3,4,98,0,15,31,31,26,20,7,3,128,3,13,55,38,33,16,0,0,164,0,8,55,31,23,25,15,7,162,0,3,36,29,29,16,3,3,117,0,7,23,24,20,14,4,0,88,0,0,15,22,16,13,6,5,70,0,0,19,28,20,15,11,3,101,0,0,16,37,45,33,27,14,171,8,17,76,38,29,23,17,7,221,46,144,431,353,305,222,112,60,1657,112,101,158,160,117,72,37,3,756,1434,728,221,202,169,117,51,11,2927,721,1264,635,408,344,276,111,37,3796,381,1124,1041,580,470,369,188,36,4193,313,1145,1350,713,614,521,261,53,4960,262,1363,1997,1173,1114,916,392,75,7285,154,1384,2536,1659,1404,1070,421,76,8697,79,1210,3275,2037,1801,1340,485,71,10296,33,963,3986,2477,2131,1556,485,60,11689,19,419,3001,1934,1679,1174,364,46,8633,4,162,2429,2111,1730,1161,321,60,7980,3,64,1478,1724,1379
119,38,53,34,13,3,264,6,30,98,59,74,38,11,4,324,0,31,109,81,73,57,3,3,367,0,16,103,70,73,37,18,5,320,0,14,54,53,39,27,6,0,197,0,3,44,33,48,14,3,0,156,0,0,22,30,28,16,0,0,97,0,3,13,29,28,12,4,0,92,0,0,10,13,20,7,10,0,59,22,62,103,89,82,50,13,9,430,116,316,776,607,609,380,136,39,2983,201,107,245,209,216,127,45,14,1158,2762,747,353,334,270,227,82,7,4793,1359,1477,996,879,879,698,229,39,6570,712,1441,1494,1233,1336,1072,342,60,7689,615,1417,1828,1686,1729,1301,409,61,9054,519,1912,2852,2665,2913,2216,696,87,13866,305,2116,4129,3618,3843,2697,659,90,17449,141,1920,5135,4290,4701,3290,711,59,20248,44,1351,5581,4616,4565,3285,735,72,20254,19,593,3786,3213,3086,2097,452,55,13306,11,205,2789,2977,2761,1893,357,32,11033,6,66,1480,2132,2103
120,30,30,22,7,6,161,5,27,40,23,31,36,3,4,159,0,25,82,39,41,30,8,3,237,0,29,80,55,52,35,10,0,256,0,3,41,39,37,20,8,3,159,0,8,38,35,26,13,3,0,123,0,0,17,25,12,8,0,0,57,0,0,18,41,33,14,6,4,119,3,0,7,23,19,20,9,3,86,15,43,63,61,44,30,4,0,268,85,236,520,428,401,272,94,29,2069,97,69,153,163,130,99,32,5,742,1794,552,248,242,169,118,44,8,3180,861,1170,645,498,474,370,121,20,4172,442,1160,1056,755,721,569,194,41,4943,333,1055,1330,807,867,733,261,47,5426,298,1312,1980,1473,1514,1201,366,63,8207,129,1407,2746,1928,2080,1466,452,44,10257,87,1426,3934,2694,2659,1897,482,56,13236,28,996,4628,3319,2983,2126,517,65,14665,13,440,3192,2491,2309,1535,363,40,10373,7,172,2347,2407,2063,1423,329,32,8776,0,56,1444,1842,1606
121,37,33,19,12,7,185,6,36,97,57,55,28,20,4,311,4,50,120,54,57,33,14,3,331,0,25,157,106,72,41,21,3,421,0,10,108,79,56,27,16,7,304,0,8,68,65,64,42,11,6,261,0,0,56,48,35,18,12,7,161,0,0,71,101,66,40,14,8,312,0,0,20,87,103,64,33,21,330,13,48,139,107,95,52,17,5,486,117,350,1007,837,710,430,190,98,3736,182,119,259,278,268,150,90,25,1372,3404,1134,374,402,362,259,108,30,6071,1576,2253,919,797,728,557,283,69,7172,737,2036,1414,1013,995,772,349,74,7396,553,1914,1853,1325,1283,973,461,127,8482,498,2134,2707,2084,2112,1547,723,141,11954,262,2311,4102,2795,2714,2114,809,115,15228,168,2747,6561,4013,3736,2769,968,123,21086,64,2310,9037,5183,4417,3282,1021,100,25407,24,1018,7300,4751,3785,2518,763,93,20243,14,372,6355,4990,3955,2558,644,85,18975,3,124,4030,4385,3271
122,11,27,16,7,9,91,3,10,22,17,20,24,8,3,113,0,6,40,30,31,25,5,3,141,4,8,47,19,31,27,7,0,141,0,0,19,28,28,22,5,3,106,0,3,13,23,23,11,3,0,73,0,0,9,20,13,4,4,0,41,0,0,11,28,28,18,4,3,96,0,0,7,25,31,19,26,3,102,11,17,31,43,41,25,8,10,191,67,79,241,282,330,226,104,45,1383,134,40,90,143,168,78,32,15,697,2805,420,190,253,225,124,56,16,4088,905,975,431,508,473,360,187,45,3880,404,897,591,622,633,490,237,55,3929,428,906,849,728,840,663,297,62,4769,339,1113,1289,1258,1437,1126,529,99,7185,203,1261,2007,1609,1737,1404,561,71,8853,95,1120,2856,2103,2183,1678,494,60,10584,29,788,3235,2445,2512,1843,505,64,11418,4,277,2226,1987,2019,1318,361,34,8229,9,117,1527,1968,1848,1194,309,36,6997,0,32,827,1335,1297
123,12,29,17,7,0,116,0,9,56,30,21,20,3,0,138,0,13,49,34,44,21,7,0,176,5,12,40,33,34,28,11,0,161,0,5,17,34,18,12,7,0,89,0,3,23,15,23,11,0,0,82,0,0,8,14,16,7,4,0,49,0,0,5,12,9,11,0,0,31,0,0,7,3,6,9,3,0,24,10,19,41,45,32,18,11,3,179,97,115,315,275,289,189,66,24,1354,134,43,96,90,112,76,21,0,566,2338,341,168,190,167,112,31,14,3362,1047,705,409,444,376,359,109,18,3467,579,748,572,634,599,487,147,20,3792,587,689,730,656,772,611,189,32,4271,506,1160,1286,1273,1353,1040,291,45,6958,277,1444,2040,1877,1952,1435,312,21,9356,115,1301,2668,2307,2421,1733,305,30,10879,37,839,2797,2459,2463,1806,337,20,10763,3,350,2002,1856,1611,1062,195,12,7091,3,123,1422,1612,1430,921,162,8,5683,3,57,787,1237,1188
124,29,29,25,13,3,144,7,29,52,26,36,23,8,0,180,3,23,54,44,46,31,11,0,207,3,12,50,61,44,31,7,0,201,0,6,34,37,35,17,3,0,130,0,0,31,37,29,19,3,0,116,0,0,8,29,19,10,6,0,68,0,0,13,19,21,17,0,3,67,0,0,6,7,13,7,3,3,43,21,23,55,49,45,26,7,4,231,92,160,385,387,346,255,75,26,1733,160,61,109,152,125,88,32,6,732,3032,432,218,220,203,169,58,6,4340,1400,842,539,551,531,503,165,24,4557,748,887,739,781,762,680,275,37,4924,724,1023,999,970,996,880,311,52,5949,640,1507,1771,1615,1808,1527,480,55,9392,305,1751,2454,2169,2421,1888,485,45,11517,147,1563,3319,2885,2999,2319,472,44,13756,58,1135,3466,3089,3111,2343,473,40,13709,13,418,2489,2335,2252,1576,300,24,9411,4,155,1766,2048,2083,1395,259,24,7737,4,63,955,1588,1669
125,65,52,42,8,4,357,8,66,153,101,89,56,22,3,488,12,75,187,112,111,63,15,4,582,0,40,211,157,145,60,18,3,644,0,15,137,93,81,55,7,3,399,0,11,83,85,75,49,10,0,304,0,3,48,72,72,28,9,0,225,0,0,41,79,73,47,8,0,250,3,3,19,26,30,18,7,4,109,40,74,161,100,118,60,9,3,579,229,526,1351,1090,982,577,147,49,4956,195,153,293,301,210,165,49,8,1379,2662,848,375,331,268,215,72,13,4782,1423,1631,1112,880,808,672,194,35,6755,827,1713,1637,1306,1175,948,317,45,7966,730,1784,2089,1624,1563,1209,389,60,9453,642,2393,3608,3053,2876,2153,577,73,15376,432,2991,5998,4617,4469,3119,732,73,22426,231,3201,8531,6423,6000,4182,897,58,29519,81,2377,9824,7669,7025,4990,952,52,32977,22,1062,7068,5914,5259,3363,644,44,23376,12,344,5128,5326,4652,3081,570,41,19167,8,158,3224,4291,3696
126,26,26,16,4,0,127,3,24,51,20,26,9,6,0,139,0,26,61,31,37,20,3,3,187,0,17,77,49,38,19,3,3,200,0,11,55,45,32,10,8,0,155,0,3,35,38,29,9,8,5,126,0,0,17,33,19,8,4,0,88,0,0,26,52,40,14,0,0,129,0,0,7,25,28,17,11,3,91,11,25,66,51,40,31,8,7,244,81,184,489,425,367,178,64,42,1830,81,59,120,98,107,71,12,5,553,1486,593,197,204,141,104,43,3,2770,774,1133,468,374,358,282,85,18,3502,338,889,644,442,457,438,149,29,3379,249,922,816,599,601,521,172,47,3920,214,979,1343,986,985,827,296,52,5681,125,1064,1974,1350,1331,958,315,52,7165,64,1124,2867,1822,1724,1287,339,46,9274,29,920,3808,2619,2259,1587,390,36,11652,11,434,3077,2396,1903,1200,299,26,9350,0,154,2767,2599,1935,1227,237,23,8946,4,64,1899,2525,1783
127,41,48,26,11,6,215,4,36,73,76,35,35,6,6,276,3,44,103,86,71,52,10,0,367,0,25,102,80,76,39,13,3,338,0,11,73,50,54,36,7,0,226,0,4,49,30,51,27,4,3,160,0,3,18,31,23,22,4,0,104,0,0,24,33,19,16,0,0,95,0,0,8,11,17,4,0,3,55,15,50,75,75,62,41,10,7,343,127,290,705,617,555,355,94,45,2790,186,114,192,183,165,96,37,10,969,2115,532,226,222,190,132,35,3,3468,1269,1163,650,744,730,586,114,25,5282,684,1073,968,988,1072,760,198,33,5771,558,1072,1178,1189,1243,954,281,45,6517,540,1594,2014,2125,2185,1528,406,54,10449,349,1849,3321,2886,3101,2167,465,50,14185,168,1800,4359,3761,3841,2750,474,35,17187,73,1355,4684,3851,3834,2618,543,43,17004,23,568,3435,2934,2610,1754,314,21,11670,12,226,2491,2436,2240,1388,252,20,9061,4,74,1342,1937,1665
128,21,7,10,13,0,94,3,18,32,13,11,12,6,3,101,0,6,26,33,22,19,3,3,113,0,6,25,23,26,11,7,5,110,0,5,14,12,24,6,3,3,66,0,0,16,17,19,13,3,0,66,0,0,11,5,6,11,0,0,34,0,0,7,12,17,3,3,0,39,0,0,0,6,11,8,3,0,30,4,21,30,31,25,19,6,9,130,57,121,212,209,202,139,60,29,1027,105,39,65,86,84,57,30,3,463,2538,465,154,162,146,119,37,3,3625,1011,906,372,450,375,293,108,21,3535,447,815,565,521,552,460,169,30,3552,428,823,718,641,703,597,217,40,4162,339,1025,1097,1067,1176,974,324,53,6058,191,1113,1500,1431,1462,1226,368,36,7329,75,945,2101,1640,1740,1345,352,35,8241,22,628,2241,1824,1937,1475,328,28,8472,9,246,1616,1329,1286,915,224,21,5653,4,94,1226,1341,1253,874,176,10,4990,0,45,671,963,979
197,0,0,0,0,0,0,0,0,0,0,0,0,0,0,0,0,0,0,0,0,0,0,0,0,0,0,0,0,0,0,0,0,0,0,0,0,0,0,0,0,0,0,0,0,0,0,0,0,0,0,0,0,0,0,0,0,0,0,0,0,0,0,0,0,0,0,0,0,0,0,0,0,0,0,0,0,0,0,0,0,0,0,0,0,0,0,0,0,0,0,0,0,0,0,0,0,0,0,0,0,0,0,0,0,0,0,0,0,0,0,0,0,0,0,0,3,0,0,0,0,0,0,3,0,0,0,0,0,0,0,0,3,0,0,0,0,0,0,0,0,3,0,0,0,0,0,0,0,0,3,0,0,0,0,4,0,0,0,12,0,3,0,3,0,0,0,0,10,0,0,3,0,3,0,3,0,14,0,0,0,0,0,0,0,0,4,0,0,3,0,3,0,0,0,9,0,0,0,0,0
199,42,76,44,18,7,306,6,33,56,59,51,42,8,7,267,3,42,93,73,68,55,16,0,339,0,22,89,69,64,47,8,7,318,0,10,56,57,55,29,10,0,219,0,9,32,46,32,22,6,0,155,0,0,23,27,27,11,0,0,85,0,3,33,28,39,21,8,3,136,0,0,14,25,17,18,9,3,91,23,45,94,72,82,52,20,18,403,134,297,676,630,657,432,164,93,3083,153,131,249,256,280,174,53,14,1318,1327,715,361,445,504,374,111,16,3849,654,1088,931,1061,1292,1194,328,35,6583,681,981,1250,1370,1851,1746,556,84,8520,1257,1230,1502,1650,2284,2100,674,99,10803,1126,1968,2446,2596,3321,2999,909,103,15476,464,2370,3340,3120,3516,2779,708,84,16387,255,2073,4596,4018,4236,3155,684,63,19077,111,1514,5278,4658,4614,3151,586,42,19961,26,706,3449,3407,3099,1983,371,27,13076,10,405,2590,2750,2549,1464,289,22,10075,6,154,1407,1730,1478
201,10,13,13,8,3,65,0,22,15,14,18,19,6,3,92,0,8,29,15,33,11,3,0,105,0,4,15,27,26,16,3,4,95,0,0,10,19,22,7,0,0,63,0,0,7,12,21,4,3,0,49,0,0,3,13,11,3,0,0,29,0,0,0,8,6,3,0,3,25,0,0,7,3,10,3,4,0,24,8,14,23,21,25,19,11,6,124,67,94,142,185,209,138,70,33,938,97,34,52,106,113,112,45,9,579,1792,243,140,172,137,153,63,12,2711,654,624,384,361,396,441,148,25,3036,278,608,484,515,551,546,219,50,3245,327,661,599,719,764,665,255,47,4034,234,944,1061,1066,1283,1099,351,54,6098,101,1018,1562,1431,1627,1305,371,60,7469,38,842,1946,1745,1907,1484,298,36,8297,18,500,1919,1731,1884,1443,238,30,7757,7,159,1253,1192,1339,857,146,25,4983,0,50,808,1079,1077,732,118,13,3870,3,13,423,701,753
202,9,19,10,7,0,70,0,9,29,23,22,10,3,0,95,0,6,18,15,30,24,3,0,100,0,5,17,21,15,15,11,0,78,0,0,16,14,21,18,0,0,70,0,0,5,13,10,10,3,0,45,0,0,4,5,13,10,0,0,30,0,0,8,10,4,11,0,0,32,0,0,3,3,4,0,3,0,17,8,18,9,23,26,13,14,4,111,65,82,145,175,192,171,69,25,917,95,39,55,94,84,117,35,10,521,1897,243,132,156,157,154,51,13,2804,608,567,309,324,387,398,136,36,2762,317,567,426,470,543,534,221,51,3136,305,605,581,568,739,728,247,60,3834,240,927,1115,1117,1294,1129,369,59,6242,134,1119,1686,1485,1701,1454,307,49,7932,51,856,2044,1711,1932,1614,335,42,8591,14,515,1957,1657,1892,1461,253,32,7793,5,207,1308,1210,1384,967,173,20,5282,0,65,821,1062,1137,816,125,14,4047,0,29,447,672,760
203,14,25,19,15,3,113,3,16,42,33,17,20,11,0,145,0,14,42,43,36,31,12,3,176,0,11,37,43,43,27,17,3,177,0,7,26,29,30,24,5,3,122,0,3,20,30,35,13,0,0,109,0,0,16,21,20,13,0,0,67,0,0,16,25,33,9,0,4,84,0,0,5,5,5,11,6,7,49,13,26,56,41,69,37,12,7,268,101,135,316,346,378,253,107,54,1676,176,61,96,154,156,112,32,12,798,3438,604,285,317,243,233,71,9,5200,1123,1213,694,708,654,657,196,29,5268,556,1187,874,944,977,910,291,55,5788,450,1240,1094,1083,1295,1095,385,55,6702,362,1633,1831,1957,2102,1804,574,66,10321,158,1682,2829,2376,2572,2013,512,58,12209,83,1459,3557,2854,3163,2338,465,47,13960,25,846,3815,3224,3271,2425,439,44,14102,11,299,2794,2486,2257,1549,279,25,9702,10,126,1901,2170,2113,1366,173,19,7874,3,42,991,1564,1508
204,7,9,13,12,6,78,5,12,16,14,20,18,3,4,97,0,10,26,27,25,23,7,3,114,0,3,20,25,28,24,7,8,120,0,0,10,18,15,11,3,3,65,0,3,6,21,24,17,3,0,67,0,0,9,14,12,3,6,3,39,0,0,3,12,15,3,0,0,29,0,3,3,3,9,4,5,12,32,16,14,26,31,26,31,18,6,158,71,80,174,204,230,190,98,72,1117,118,24,69,109,136,183,80,19,742,1896,202,154,171,193,210,82,23,2934,564,401,353,391,480,535,251,48,3024,337,434,433,529,656,730,360,89,3569,377,560,579,666,870,913,404,82,4461,343,930,1067,1126,1395,1431,553,116,6970,263,1234,1611,1477,1837,1581,461,74,8546,135,1048,2058,1818,2211,1768,395,72,9503,47,581,2009,1890,2133,1769,385,73,8885,10,216,1321,1381,1498,1184,240,37,5881,5,82,785,1084,1224,929,159,47,4312,9,19,410,736,852
205,26,14,23,15,3,126,0,19,31,27,34,23,9,9,146,3,11,40,30,28,36,5,6,161,0,7,32,32,42,36,10,4,164,0,3,32,22,24,14,6,0,103,0,0,15,18,20,19,3,3,76,0,0,4,12,16,5,4,0,44,0,0,15,19,22,12,3,0,65,0,0,0,12,14,10,5,5,45,21,19,42,40,49,31,12,22,242,111,134,293,288,333,298,129,71,1651,178,49,117,156,249,256,91,28,1128,2915,331,239,265,315,349,106,27,4549,906,668,618,697,784,817,306,70,4872,515,634,817,919,1035,1108,448,132,5614,495,797,1011,1126,1361,1321,576,129,6815,414,1297,1697,1751,2265,2045,757,161,10388,220,1571,2381,2134,2543,2206,624,126,11802,83,1312,2803,2465,2851,2378,601,77,12568,41,810,2913,2454,2785,2278,526,96,11901,5,290,1972,1785,1830,1470,324,49,7734,3,119,1233,1465,1706,1306,214,41,6091,0,43,687,1048,1237
206,124,108,64,34,17,711,18,137,337,178,129,65,35,14,918,4,152,434,253,186,100,28,11,1166,4,122,588,296,222,119,33,13,1391,0,49,391,276,182,96,16,7,1026,0,8,335,280,176,95,13,4,921,0,7,185,196,136,87,14,3,631,0,9,234,311,282,140,33,8,1022,10,7,104,259,233,116,62,31,827,66,180,463,340,263,176,60,42,1587,372,1222,3873,2855,2156,1253,446,236,12426,430,534,913,819,567,338,119,34,3760,6113,3443,1501,865,663,474,181,41,13293,3109,6876,4004,2194,1663,1272,441,99,19659,1582,6675,6021,2882,2301,1757,631,141,21980,1129,6495,7627,3660,3119,2432,950,177,25590,975,7593,11862,6680,5522,3965,1378,232,38208,609,8359,17550,9547,7723,5143,1561,185,50675,357,9644,28412,14109,10710,6959,1720,223,72126,164,7647,37370,19188,13744,8743,2021,170,89052,47,2926,30271,18112,12248,7063,1532,122,72317,37,1022,24335,19310,13011,7476,1345,127,66662,16,397,14876,15974,10396
207,24,39,25,15,8,186,4,21,62,27,33,18,11,5,177,0,26,69,36,47,21,13,3,215,0,17,71,48,52,28,15,6,232,0,12,33,43,23,35,8,7,159,0,4,28,35,39,15,8,0,131,0,3,16,31,26,16,10,0,105,0,0,19,42,37,18,5,3,119,0,0,10,19,35,22,14,9,108,16,52,95,62,68,38,12,9,349,87,242,534,458,499,287,143,65,2321,164,115,203,238,233,133,53,11,1155,3555,1383,445,384,372,263,90,14,6509,1326,2270,1060,815,815,644,214,41,7182,488,1724,1375,1034,1112,816,352,64,6973,340,1530,1565,1190,1370,1073,444,95,7606,233,1670,2572,1926,2181,1716,641,104,11047,147,1696,3563,2458,2592,1985,655,63,13158,62,1684,5167,3095,3198,2281,733,92,16313,29,1120,5997,3628,3648,2699,714,86,17920,11,407,4285,3038,2872,2008,506,73,13204,5,235,3174,3068,2876,1954,468,50,11836,3,42,1721,2361,2348
208,20,23,21,7,4,149,6,30,52,38,49,24,5,6,210,4,16,70,45,63,44,6,0,243,0,11,63,57,56,32,11,6,237,0,7,30,35,28,28,10,3,145,0,7,31,33,40,29,9,0,140,0,0,16,33,29,22,8,3,102,0,0,18,18,43,25,11,5,116,0,3,13,17,29,21,9,13,118,18,29,85,82,62,46,24,19,359,85,221,507,482,493,360,127,94,2366,189,117,209,279,270,190,64,19,1332,4284,1474,406,449,395,265,117,19,7405,1493,2562,1077,932,889,677,261,58,7961,627,1997,1403,1131,1155,918,394,80,7708,431,1852,1592,1352,1596,1302,506,104,8733,329,2104,2625,2206,2609,2010,801,118,12805,181,2101,4192,3124,3444,2579,861,99,16581,73,1826,5613,3872,4297,3051,816,69,19616,40,1122,5851,4352,4649,3251,843,82,20197,4,365,3788,3315,3273,2253,546,57,13592,6,136,2526,2980,2980,2028,456,54,11160,0,51,1286,2147,2110
209,46,50,37,9,3,216,0,21,58,44,52,26,8,4,214,0,31,73,47,44,33,10,3,238,0,11,57,62,63,31,8,4,240,0,0,38,44,33,34,8,3,153,0,3,19,30,33,19,4,3,110,0,0,21,16,15,4,0,3,56,0,4,16,22,26,20,10,0,100,0,0,8,12,20,8,4,4,52,19,42,81,72,74,48,11,3,349,112,215,527,479,484,295,110,50,2278,209,100,209,242,207,144,54,9,1177,4850,1136,456,460,374,257,88,17,7636,1691,2061,1129,1041,869,712,228,35,7765,567,1729,1402,1326,1272,1000,358,74,7712,484,1585,1657,1541,1641,1333,407,64,8715,350,1935,2801,2596,2841,2137,625,81,13366,210,2067,4032,3341,3652,2646,649,72,16675,119,1862,5196,4127,4400,3012,594,41,19351,38,1189,5595,4376,4471,3080,586,51,19380,11,367,4055,3207,3112,2019,405,37,13217,5,139,2642,2914,2765,1743,330,31,10574,3,82,1291,1976,1952
210,50,36,27,8,4,213,4,43,78,63,60,43,10,0,302,3,30,98,67,73,53,13,4,330,0,24,88,76,65,45,8,3,312,0,9,57,50,43,24,7,0,192,0,5,17,55,28,15,4,0,127,0,3,9,28,32,16,4,0,83,0,0,10,22,31,10,0,0,83,3,3,11,6,16,9,5,4,62,24,44,88,79,77,39,20,5,372,126,276,588,585,559,339,105,40,2610,155,90,185,213,200,142,41,5,1033,2959,694,291,323,288,176,64,15,4806,1178,1261,795,800,759,526,153,30,5500,488,1242,1123,997,1065,700,224,35,5875,437,1294,1442,1239,1344,975,295,37,7055,361,1758,2586,2376,2527,1739,454,55,11864,241,2179,4223,3337,3447,2315,446,52,16244,137,1961,5691,4514,4614,2890,523,48,20371,45,1197,5877,4878,4886,3055,513,42,20485,15,458,3847,3534,3410,2051,324,30,13668,9,196,2533,2849,2796,1699,245,21,10346,0,84,1394,2144,1933
211,40,41,32,15,13,199,4,34,73,47,61,40,9,9,279,4,41,84,73,72,37,16,5,333,0,18,74,62,74,50,13,3,292,0,7,50,40,36,27,12,0,177,0,0,31,40,39,22,3,0,139,0,3,8,27,23,12,7,3,82,0,0,9,30,30,14,7,0,81,0,5,4,12,15,13,5,0,54,22,57,92,98,95,59,18,15,450,145,277,556,558,600,390,160,80,2766,254,109,184,277,265,236,81,21,1426,5893,1153,439,551,509,416,131,26,9124,2170,2256,1109,1237,1128,1002,357,49,9313,855,1920,1441,1465,1617,1327,553,99,9271,732,1871,1582,1689,2111,1739,666,123,10504,545,2424,2848,2772,3417,2761,930,139,15839,275,2610,4460,3818,4519,3345,970,104,20110,132,2304,5908,4913,5620,4021,918,106,23922,37,1266,6086,5202,5756,4146,901,61,23457,8,431,4185,3827,3794,2715,562,44,15563,4,163,2673,3256,3382,2216,424,36,12156,0,57,1347,2278,2338
212,92,98,45,20,13,428,5,54,144,113,89,60,23,9,500,0,48,181,131,118,78,21,4,585,4,26,162,143,123,77,21,7,558,0,14,112,96,99,63,11,4,399,0,7,71,92,75,37,8,3,292,0,5,27,58,37,19,5,4,162,0,3,20,55,55,31,10,3,179,0,7,15,30,31,15,12,6,112,44,85,146,172,167,83,27,19,739,224,461,1156,1156,1095,643,219,120,5071,353,266,401,451,431,290,88,14,2290,6175,1635,693,706,613,434,132,38,10425,2423,3013,1866,1815,1479,1153,361,60,12170,1019,2628,2439,2190,1990,1657,550,120,12589,907,2610,2929,2675,2752,2170,709,125,14870,780,3482,5239,4701,4967,3564,1158,157,24051,484,4173,8284,7095,7348,4888,1157,124,33540,203,3929,11313,9046,9369,6150,1288,93,41387,96,2514,12561,9877,9975,6753,1239,94,43108,17,853,8460,7522,6958,4513,733,66,29116,22,325,5639,6435,6163,3739,650,61,23035,8,111,2926,4645,4491
213,65,72,45,8,5,324,5,50,131,100,61,55,9,0,404,3,40,148,117,82,61,16,0,465,4,21,133,94,109,58,14,0,439,0,4,62,98,73,45,6,0,284,3,3,45,62,53,30,5,0,207,0,0,29,35,50,22,4,0,132,0,0,25,39,28,23,4,0,122,0,0,13,23,17,21,7,3,89,33,76,144,131,136,67,28,16,641,191,394,972,913,820,531,147,57,4031,352,185,313,333,341,214,63,6,1803,5600,1348,599,588,417,268,105,23,8937,2291,2607,1475,1410,1249,956,235,31,10249,900,2369,2165,1836,1700,1301,376,50,10693,719,2215,2581,2305,2268,1531,448,65,12132,524,2796,4243,3953,3895,2666,651,71,18797,343,3247,6848,5730,5210,3363,708,52,25504,172,2870,8878,7282,6623,4256,749,48,30892,70,1809,9342,7782,7068,4578,684,52,31393,21,624,6124,5542,5042,3074,464,24,20911,9,233,3839,4599,4014,2556,384,27,15656,3,92,1989,3011,2980
214,15,23,22,14,0,94,3,17,23,28,19,18,12,3,115,0,20,27,31,39,23,9,3,146,0,4,28,23,33,19,8,0,119,0,6,20,31,22,11,3,0,83,0,3,12,24,24,15,4,0,77,0,0,0,16,14,5,0,0,41,0,0,5,8,16,10,5,0,42,0,0,7,8,16,13,8,5,54,13,27,41,47,42,40,19,4,229,83,137,234,264,293,213,108,43,1369,142,41,116,158,167,100,40,11,765,3244,446,224,268,225,200,86,8,4696,1043,904,531,638,590,555,220,39,4514,495,939,680,804,823,708,311,56,4815,466,908,829,1025,1115,1021,386,56,5810,386,1384,1552,1706,2023,1570,595,87,9304,295,1578,2314,2036,2435,1778,507,60,11004,138,1271,2839,2405,2933,2077,472,44,12177,37,706,2901,2490,2771,2040,419,38,11401,10,275,1978,1840,1950,1270,303,31,7656,4,102,1258,1560,1655,1042,227,23,5873,0,49,601,1111,1180
215,19,19,15,17,4,110,3,11,22,16,23,22,7,0,106,0,8,24,25,20,22,8,3,114,0,4,20,17,22,21,5,4,94,0,0,14,22,16,10,0,3,58,0,0,5,8,10,15,4,0,42,0,0,3,5,5,8,0,0,26,0,0,0,0,4,6,0,0,11,0,0,3,3,5,3,3,4,22,8,13,20,34,24,24,3,16,136,63,79,170,194,189,186,73,62,1012,124,44,79,130,215,220,86,34,929,1659,152,146,144,181,213,81,21,2597,537,340,341,372,427,476,211,48,2750,274,343,427,466,562,609,282,82,3054,280,477,588,643,766,795,383,91,4021,263,792,1070,1050,1405,1273,474,112,6432,153,1048,1694,1423,1768,1529,410,63,8096,73,882,1963,1685,1931,1764,395,90,8771,28,515,1809,1522,2004,1630,318,55,7879,3,173,1114,1107,1221,907,205,24,4758,0,64,677,866,1018,818,142,25,3620,4,24,296,556,661
216,11,22,12,7,5,82,3,13,24,19,23,21,0,4,107,0,9,25,22,19,18,3,3,92,0,8,12,17,11,16,3,0,69,0,0,6,3,16,17,0,0,42,0,0,3,7,10,4,7,0,29,0,0,4,3,6,9,0,0,22,0,0,6,8,5,0,0,0,21,0,0,0,3,4,5,3,0,19,19,18,21,26,18,14,3,6,121,74,78,151,147,161,143,57,50,870,108,24,70,100,161,168,58,15,702,1601,112,104,131,143,158,57,15,2319,457,250,276,318,300,325,137,27,2086,279,340,362,449,505,549,225,54,2771,342,408,460,570,680,648,273,83,3468,292,689,900,992,1211,1087,368,64,5608,143,965,1428,1256,1474,1295,295,61,6908,73,763,1778,1525,1844,1439,309,57,7793,16,487,1750,1595,1863,1378,293,30,7415,7,165,1139,1028,1153,827,140,16,4480,0,68,677,911,982,635,102,11,3396,0,18,341,578,690
217,16,4,8,9,4,61,3,10,17,11,14,7,8,5,76,0,9,23,20,17,11,4,3,80,0,6,9,16,20,14,3,0,69,0,6,10,12,14,9,0,3,45,0,0,3,15,21,4,7,0,50,0,0,0,14,10,4,0,0,23,0,0,9,10,7,0,0,0,30,0,0,3,8,9,4,0,0,23,10,18,15,23,20,19,10,8,120,49,84,129,163,151,118,65,31,778,79,26,53,117,140,141,62,17,645,1457,180,109,159,151,156,61,6,2276,469,387,308,327,341,381,177,35,2419,289,364,400,404,471,512,228,42,2708,250,401,456,531,673,630,282,60,3281,237,633,813,871,1067,974,386,83,5064,110,795,1201,1100,1299,1069,288,75,5940,53,668,1585,1284,1619,1259,296,50,6817,25,418,1556,1305,1592,1152,278,44,6372,5,145,932,915,1026,765,171,21,3989,0,44,583,751,897,633,129,22,3071,3,25,314,549,631
297,0,0,0,0,0,0,0,0,0,0,0,0,0,0,0,0,0,0,0,0,0,0,0,0,0,0,0,0,0,0,0,0,0,0,0,0,0,0,0,0,0,0,0,0,0,0,0,0,0,0,0,0,0,0,0,0,0,0,0,0,0,0,0,0,0,0,0,0,0,0,0,0,0,0,0,0,0,0,0,0,0,0,0,0,0,0,0,0,0,0,4,0,0,0,0,4,0,0,0,0,0,0,0,0,0,0,0,0,0,0,0,0,0,0,0,3,0,0,0,0,0,0,3,0,0,0,0,0,0,0,0,0,0,0,0,0,0,0,0,0,3,0,0,0,0,3,0,0,0,3,0,0,0,4,4,0,0,0,7,0,0,0,0,3,0,0,0,5,0,0,0,5,5,0,0,0,9,0,0,3,0,7,0,0,0,7,0,0,0,3,4,0,0,0,8,0,0,0,0,4
299,35,47,28,14,5,221,7,40,53,44,46,28,9,0,220,0,33,82,73,63,40,12,3,299,3,15,77,54,58,45,15,3,275,0,3,39,32,33,18,7,0,130,0,8,23,39,33,10,4,0,119,0,3,18,24,18,7,4,0,73,0,3,10,32,20,6,3,8,86,0,0,5,12,22,15,4,0,59,17,40,86,95,81,48,22,19,402,98,256,575,551,522,341,148,62,2556,140,100,207,251,220,154,46,9,1125,1166,673,413,394,427,338,99,15,3522,502,1047,971,890,1114,1057,298,38,5917,447,931,1105,1161,1437,1283,399,61,6830,952,1286,1358,1355,1819,1600,552,87,9016,639,1868,2240,2104,2532,2261,759,80,12486,215,1872,3067,2496,2798,2139,575,55,13207,132,1678,4102,3200,3338,2460,543,58,15509,55,1271,4635,3641,3619,2403,466,54,16146,31,590,3273,2919,2640,1569,244,34,11307,6,285,2320,2294,2128,1175,178,15,8413,3,115,1332,1469,1234
301,5,11,13,5,6,86,3,18,41,28,20,9,9,0,128,4,12,52,34,24,16,11,9,159,0,12,37,41,35,22,3,0,156,0,0,20,28,20,9,0,0,74,0,0,14,25,21,7,0,0,70,0,3,11,5,13,8,0,0,40,0,0,8,18,25,8,4,0,65,0,0,0,9,4,7,3,0,24,6,34,40,46,31,18,4,3,181,77,120,274,280,246,147,52,37,1239,118,34,83,113,120,77,22,4,577,2581,288,136,196,178,128,33,4,3549,1242,596,345,421,403,317,104,15,3447,586,616,494,505,531,526,164,22,3446,423,698,609,656,715,668,239,31,4046,457,1049,1216,1127,1321,1096,319,43,6626,261,1375,2155,1728,1911,1395,382,31,9236,136,1245,2849,2350,2484,1803,359,32,11250,38,747,2860,2787,2693,1902,359,20,11405,15,267,1857,1851,1865,1199,218,21,7295,5,104,1359,1759,1785,1077,181,16,6299,0,56,732,1185,1196
302,21,27,19,9,8,135,6,25,40,35,28,26,9,3,170,3,27,61,58,47,30,3,0,230,0,3,58,57,56,32,9,0,216,0,6,27,42,39,17,3,0,135,0,3,28,36,33,15,0,0,126,0,0,15,24,22,14,8,0,91,0,0,19,31,31,12,4,0,105,0,3,7,21,14,5,3,0,51,17,27,53,59,57,20,10,3,249,107,153,388,430,385,238,83,41,1832,116,40,97,109,106,81,28,5,589,2689,408,209,207,176,142,46,4,3884,1307,883,476,433,404,337,125,15,3982,659,966,760,598,575,475,187,25,4236,535,1059,968,824,815,705,220,37,5168,511,1628,1798,1523,1579,1293,387,66,8779,306,2241,3343,2399,2560,1854,411,42,13160,160,2055,4387,3361,3528,2457,463,33,16440,79,1178,4517,4028,4190,2767,494,31,17281,16,524,3070,3045,2912,1803,311,14,11696,10,220,2350,2954,2810,1661,229,25,10266,3,105,1455,2005,1927
303,43,33,22,0,7,194,4,38,67,56,46,34,5,0,244,4,43,100,67,57,36,8,3,317,0,28,89,74,86,44,9,5,331,0,8,48,53,46,25,3,0,189,0,4,23,53,34,27,6,3,152,0,0,30,34,25,10,3,3,111,0,0,16,39,31,24,3,0,116,0,3,12,16,19,5,11,0,68,18,43,80,69,64,36,12,4,325,109,289,630,586,508,310,102,48,2577,134,107,206,165,182,141,38,8,979,2886,737,334,315,246,169,66,11,4761,1571,1474,925,718,549,461,165,25,5889,797,1441,1300,952,831,635,240,47,6246,679,1583,1660,1181,1109,848,347,59,7463,624,2136,2793,2224,2102,1651,527,74,12125,333,2738,4385,3145,3118,2182,566,61,16527,222,2471,6064,4577,4344,2979,620,33,21311,56,1669,6620,5559,5241,3384,616,29,23188,25,720,4456,4129,3915,2431,393,23,16091,12,293,3198,3839,3712,2296,358,26,13740,4,96,1881,2508,2414
304,14,8,8,0,0,51,0,8,22,10,13,6,4,0,60,0,17,16,13,15,14,4,0,75,0,15,38,29,19,16,0,3,113,0,8,31,16,16,7,7,5,95,0,4,16,11,14,4,3,0,52,0,0,4,9,15,10,0,0,37,0,0,15,9,8,10,0,4,48,0,0,0,3,13,4,7,4,41,9,17,29,32,30,13,3,3,143,39,113,217,180,180,103,45,29,909,81,50,63,87,79,47,27,9,448,2107,675,143,189,142,93,47,9,3396,1115,1119,407,365,297,235,84,11,3631,449,928,529,430,382,280,126,19,3144,270,845,678,508,509,429,171,25,3435,250,1050,1170,855,881,656,282,45,5192,129,1003,1392,1051,1056,743,291,21,5691,98,971,1797,1227,1232,925,276,28,6555,85,993,2237,1543,1414,953,255,29,7510,28,553,1976,1274,1106,734,161,19,5852,13,132,1496,1477,1289,773,175,14,5373,0,42,634,954,954
305,35,38,24,16,10,254,7,84,121,67,37,32,7,6,366,3,76,193,111,64,35,18,4,501,9,50,231,134,93,56,10,3,585,4,14,151,146,97,44,14,0,464,0,9,125,141,115,43,3,0,437,0,3,80,113,78,37,4,0,316,0,3,91,155,115,55,11,0,441,4,4,32,100,103,44,13,13,316,32,79,172,127,121,49,16,11,608,201,543,1429,1240,943,488,136,85,5063,204,174,307,300,232,149,51,11,1429,3237,1199,444,322,261,196,60,17,5737,2144,2622,1284,670,560,451,151,25,7909,1197,2831,2133,999,816,598,246,42,8864,1024,3024,2869,1411,1107,805,350,62,10658,922,3995,4380,2626,2214,1531,630,99,16386,651,4868,6751,4089,3169,2275,630,65,22492,348,5396,10909,6057,4827,3187,811,60,31601,133,4414,14669,8907,7097,4734,912,81,40941,45,1985,12144,8549,6628,3906,709,53,34017,26,731,10283,9559,7145,4028,606,47,32429,14,256,6434,7887,6115
306,26,31,17,11,4,138,3,24,42,36,22,35,15,0,176,0,8,28,46,49,38,8,0,183,0,9,30,42,48,27,8,3,169,0,7,25,31,41,11,10,3,127,0,0,19,21,35,4,8,0,88,0,0,6,5,20,8,3,3,40,0,0,11,11,26,14,4,0,65,0,0,9,9,9,8,4,0,40,18,23,49,43,68,22,23,11,249,92,123,313,326,403,228,131,53,1676,144,54,110,145,192,154,73,9,890,2461,167,160,219,215,188,68,15,3492,920,370,459,530,494,488,199,36,3503,620,515,684,722,763,759,337,72,4482,576,657,915,1010,1063,1026,427,89,5759,552,1262,1854,1908,2045,1732,601,80,10039,328,1892,2994,2633,2730,2110,575,67,13325,125,1491,3502,3317,3462,2507,543,61,15014,50,804,3118,3258,3447,2440,480,54,13651,13,368,1944,2222,2268,1505,316,37,8675,10,154,1419,1947,2155,1343,227,29,7282,0,67,723,1145,1320
307,8,14,10,6,5,67,0,5,18,15,12,12,6,0,76,0,3,18,21,19,19,6,0,81,0,5,5,16,21,24,9,3,87,0,4,13,6,14,16,0,0,49,0,0,9,7,14,10,0,0,42,0,0,5,8,11,5,0,0,26,0,0,8,14,21,9,3,0,53,0,0,4,12,10,5,0,0,34,8,10,23,14,23,25,18,12,124,57,58,131,156,178,179,92,50,903,97,30,74,141,244,269,135,39,1018,1215,61,139,154,178,197,99,22,2066,421,188,257,338,399,381,231,71,2289,292,210,326,420,495,514,313,124,2690,337,278,408,492,608,639,303,93,3157,381,599,832,931,1088,978,459,123,5390,249,915,1252,1219,1376,1189,341,79,6633,138,861,1543,1452,1771,1371,348,78,7565,50,631,1617,1501,1664,1349,352,62,7216,12,312,1115,1026,1174,768,200,43,4641,3,138,828,949,1064,684,134,27,3821,5,70,561,661,685
308,14,10,17,7,5,79,0,16,28,22,19,14,4,3,114,5,13,40,27,41,15,3,4,149,3,6,22,31,31,21,4,0,123,0,9,18,27,24,12,3,0,94,0,5,22,23,21,12,6,3,83,0,0,14,16,23,6,0,0,63,0,3,17,34,34,15,4,0,104,0,0,9,18,21,12,4,4,64,14,22,40,50,46,36,4,5,214,68,112,267,288,298,206,66,43,1344,114,41,114,150,210,184,56,14,883,2374,206,219,257,194,159,63,13,3478,959,437,523,542,454,447,133,27,3516,604,488,583,653,643,588,226,52,3839,596,608,753,748,815,679,233,63,4498,571,1187,1397,1335,1501,1115,361,72,7542,306,1613,2139,1832,1929,1348,337,34,9541,180,1400,2609,2200,2357,1683,306,43,10768,58,1127,2932,2437,2584,1839,328,27,11332,18,588,2244,1952,2159,1340,216,25,8528,13,291,1796,1830,1958,1295,182,24,7398,3,174,1242,1479,1484
309,52,68,44,21,11,330,11,35,97,108,73,69,20,13,417,11,50,141,106,96,60,17,3,482,0,33,108,122,102,50,31,6,456,0,8,76,75,77,56,16,0,298,0,5,43,65,59,23,13,3,210,0,0,31,28,25,13,9,3,111,0,0,22,52,44,28,13,4,168,3,4,17,33,29,22,16,9,140,56,79,101,129,149,71,24,17,625,240,353,839,935,856,549,252,117,4150,299,144,285,363,406,299,114,16,1923,6237,793,457,524,391,375,131,31,8936,2939,1872,1397,1308,1113,973,316,53,9979,1576,2085,2071,1766,1689,1500,645,97,11427,1401,2495,2628,2313,2316,1982,910,154,14194,1300,3979,4806,4208,4514,3463,1317,141,23724,719,4807,7224,6071,6209,4464,1299,137,30925,311,3854,9178,7514,7538,5121,1200,88,34810,109,2128,8747,7832,7762,5125,1171,89,32969,43,805,5568,5687,5187,3279,669,60,21296,16,366,3939,5102,4725,2909,570,46,17684,19,180,2240,3253,2985
310,21,29,14,5,0,125,12,32,46,49,38,23,5,0,208,0,20,63,65,50,26,7,3,237,0,13,69,58,68,27,10,3,237,0,13,40,40,39,14,3,0,155,0,0,40,36,31,18,5,0,127,0,0,6,21,22,12,3,0,67,0,0,13,20,20,9,0,0,71,0,0,5,6,12,4,0,4,34,21,24,52,56,49,35,9,11,248,109,156,434,416,405,212,84,43,1869,132,63,107,149,149,139,44,14,800,2631,301,202,191,196,198,84,13,3828,1329,687,505,540,480,407,155,49,4144,667,753,717,654,670,620,236,46,4353,609,860,950,854,975,720,296,47,5310,573,1433,1849,1725,1825,1360,405,56,9227,348,2033,3091,2632,2687,1824,390,38,13037,198,1787,4099,3539,3513,2227,436,39,15833,65,1263,4337,3775,3720,2364,427,28,15970,18,543,3057,2789,2627,1651,258,15,10958,4,214,2082,2550,2465,1511,225,14,9063,3,90,1072,1552,1588
311,25,25,13,10,3,120,0,27,42,35,25,16,9,0,161,0,22,61,50,39,33,10,3,224,0,6,56,34,37,17,0,0,145,0,0,21,33,24,9,3,3,104,0,0,17,22,12,16,3,0,76,0,0,7,17,9,3,0,0,46,0,0,3,31,8,4,0,0,49,0,0,6,11,3,4,6,0,33,21,26,66,52,46,30,3,3,250,104,141,376,365,296,193,61,27,1569,149,61,125,158,163,128,33,5,818,2593,296,189,194,152,148,54,4,3637,1378,655,533,502,441,403,130,10,4043,730,754,791,676,629,587,197,29,4390,632,929,897,940,891,758,277,42,5363,575,1467,1769,1703,1792,1376,452,46,9191,373,1985,2902,2476,2428,1760,417,28,12376,153,1617,3700,3072,2954,1965,383,28,13874,49,1024,3583,3208,3021,2003,350,24,13256,13,361,2317,2301,2050,1256,253,15,8566,9,170,1542,1956,1838,1143,161,14,6825,3,56,779,1129,1048
312,18,18,6,3,10,88,3,12,22,21,24,9,3,0,95,0,7,29,22,20,24,3,3,104,0,3,16,16,33,23,6,3,103,0,3,21,16,22,14,0,4,81,0,0,18,23,23,18,4,0,83,0,0,4,23,13,11,0,0,57,0,0,14,36,25,19,4,5,102,3,3,12,18,9,4,6,0,55,11,25,34,35,44,29,13,12,197,63,94,214,257,275,189,62,48,1211,95,38,107,124,150,144,57,9,722,1623,101,195,215,179,130,54,10,2508,595,248,404,424,359,359,108,24,2517,431,295,467,518,544,485,168,41,2947,452,409,603,656,742,595,194,28,3676,511,896,1148,1160,1260,988,316,68,6346,279,1325,1768,1435,1606,1145,288,43,7889,153,1292,2291,1783,1993,1424,258,39,9233,56,848,2353,2003,2189,1531,257,32,9268,19,412,1707,1466,1616,1065,168,21,6476,15,250,1429,1501,1622,1026,152,18,6008,9,157,983,1181,1149
313,17,15,6,3,3,77,3,19,28,28,19,13,6,4,107,3,16,28,17,17,16,8,0,94,0,3,29,25,19,15,5,3,95,0,0,5,13,12,18,3,0,61,0,0,10,13,10,11,3,0,41,0,0,0,10,3,0,0,0,18,0,0,5,0,9,6,3,3,22,3,0,3,7,13,4,3,0,25,21,17,28,32,28,15,11,12,159,86,101,187,194,183,125,68,32,982,110,34,82,86,128,86,29,4,571,2335,214,176,153,165,137,57,8,3247,1034,478,371,354,408,349,107,9,3103,539,508,597,496,574,501,202,35,3460,449,672,650,645,724,648,244,30,4059,411,1041,1187,1315,1480,1132,359,43,6961,220,1209,1788,1637,1867,1262,301,35,8324,85,952,2120,1991,2129,1462,261,19,9034,29,597,1995,2162,2196,1433,250,20,8680,14,253,1387,1416,1481,878,144,18,5581,3,113,944,1201,1346,841,145,13,4610,0,33,458,728,749
314,14,12,8,3,3,50,3,8,10,14,21,10,0,4,71,4,8,26,23,23,6,4,0,90,0,7,20,21,25,10,3,0,84,0,0,7,12,12,5,3,0,44,0,0,8,10,5,4,0,0,28,0,0,9,4,12,3,3,0,29,0,0,4,9,13,4,3,0,38,0,0,7,3,11,3,0,0,22,12,12,22,29,23,9,4,0,107,56,65,135,162,165,81,40,19,728,82,28,60,97,104,78,24,0,483,2013,208,131,205,150,118,42,3,2864,942,474,287,349,280,216,63,10,2612,451,493,374,417,383,311,114,17,2555,369,506,495,531,513,402,164,8,2990,314,814,885,933,931,665,237,25,4798,175,1029,1423,1252,1233,821,214,17,6164,83,878,1785,1548,1512,944,169,10,6940,22,477,1701,1651,1547,945,177,10,6536,10,169,1106,1127,980,570,106,7,4067,4,67,792,1146,1002,571,103,3,3697,0,22,340,597,556
315,16,6,10,4,0,61,3,5,24,14,16,9,6,0,72,3,3,11,16,12,11,7,7,64,4,5,18,10,13,11,0,0,70,0,0,14,8,8,5,3,0,42,0,0,5,15,14,3,0,0,39,0,0,5,5,10,0,0,0,34,0,3,4,10,23,3,0,3,46,0,0,5,13,15,7,3,0,34,4,14,25,18,20,13,8,9,121,43,67,152,154,158,113,54,26,765,41,16,60,84,121,162,60,23,555,410,28,70,77,83,84,35,10,794,186,113,222,219,202,212,81,20,1254,116,124,231,225,248,236,77,31,1281,199,171,333,281,321,276,126,32,1735,275,399,561,569,593,508,146,38,3088,192,530,809,653,718,553,155,22,3631,104,522,907,723,873,643,166,18,3953,64,454,1107,849,951,710,162,21,4321,29,276,941,708,734,495,131,21,3327,9,164,745,679,739,512,88,8,2951,4,111,651,607,582
316,20,28,22,9,9,140,3,26,42,51,33,21,16,0,184,0,10,52,48,49,28,10,0,207,3,13,36,37,47,30,9,3,174,0,5,23,45,22,10,5,0,108,0,0,9,26,14,14,6,3,78,0,0,12,16,14,10,3,5,68,0,0,13,26,23,13,7,3,80,3,3,3,21,20,17,10,0,82,12,23,59,78,75,43,13,9,306,124,136,312,452,404,292,111,73,1895,157,40,135,221,277,225,75,14,1139,4032,319,261,404,335,273,71,11,5707,1784,776,725,832,794,765,281,37,5996,975,940,984,1089,1108,1069,366,69,6605,843,1220,1336,1409,1632,1434,492,87,8463,734,1888,2231,2481,2956,2485,817,75,13665,373,2334,3256,3326,3727,2825,665,59,16565,146,1619,3787,3719,4193,2977,668,52,17171,61,879,3558,3830,4294,2827,552,43,16036,15,353,2194,2664,2845,1824,349,21,10254,12,156,1523,2414,2687,1729,249,27,8782,6,66,809,1534,1698
317,12,9,10,0,0,54,0,13,17,12,22,8,8,0,82,0,13,25,19,18,10,0,0,88,0,3,19,23,17,22,0,3,89,0,3,9,24,11,10,4,0,63,0,0,10,11,6,3,3,0,40,0,0,5,7,9,3,3,0,27,0,0,3,3,3,7,0,0,22,0,0,4,0,13,3,3,3,23,8,6,15,22,19,19,10,4,99,39,65,133,159,151,127,49,42,766,89,20,54,69,104,62,32,6,433,1806,144,127,121,123,99,33,12,2472,796,393,335,295,268,276,89,22,2473,461,399,448,402,414,359,182,45,2713,453,533,579,538,549,533,230,42,3455,471,958,1097,1035,1064,915,321,36,5895,222,1398,1899,1518,1548,1134,310,35,8059,107,1173,2186,1716,1960,1429,278,14,8867,45,779,2329,1938,2091,1576,277,16,9053,17,343,1556,1417,1451,1028,160,7,5977,3,155,1149,1361,1412,971,153,14,5219,3,55,597,851,947
318,26,17,12,4,4,94,3,17,33,23,22,20,6,3,123,0,23,37,36,36,15,0,0,145,0,16,60,48,44,30,3,4,206,0,7,45,40,36,11,3,0,153,0,9,30,32,26,20,0,0,109,0,0,9,24,12,12,0,0,60,0,0,11,12,19,12,0,0,52,0,0,4,6,4,4,3,3,30,19,15,22,41,33,24,14,8,167,91,148,288,322,270,197,56,46,1419,138,51,106,155,153,155,54,5,820,2674,384,168,212,191,175,51,6,3859,1134,776,458,468,439,418,143,28,3860,636,778,616,558,555,514,195,38,3892,601,881,843,814,843,700,260,72,5024,596,1427,1517,1485,1534,1262,450,67,8341,338,1883,2511,2002,2158,1515,393,53,10848,213,1815,3286,2575,2819,1996,386,34,13126,119,1664,3825,2966,2985,2097,385,40,14079,39,919,3072,2496,2275,1551,216,29,10603,10,316,2181,2286,2318,1372,193,21,8702,5,81,1070,1498,1439
319,21,29,21,16,14,139,5,18,31,27,26,26,3,3,141,0,11,38,33,30,22,11,0,147,0,9,18,35,25,26,6,3,119,0,0,18,18,17,16,0,0,74,0,0,11,14,18,8,0,0,58,0,0,0,3,11,4,3,0,22,0,0,6,6,7,5,3,3,38,0,3,3,5,0,8,4,0,23,21,16,35,43,50,44,17,12,238,118,91,229,272,293,236,135,91,1470,156,44,103,180,272,290,125,29,1194,2524,148,183,241,276,305,100,21,3794,1109,414,439,597,699,766,243,55,4311,691,516,716,785,996,1012,435,106,5259,668,706,931,1064,1367,1270,488,126,6612,595,1230,1741,1835,2369,2028,640,117,10569,294,1607,2519,2475,2942,2253,554,67,12715,156,1182,2577,2745,3281,2509,469,63,12984,53,720,2378,2671,3072,2273,399,50,11615,13,276,1364,1676,1862,1380,219,31,6822,8,117,978,1551,1779,1253,167,21,5868,3,51,453,854,1096
397,0,0,0,0,0,0,0,0,0,0,0,0,0,0,0,0,0,0,0,0,0,0,0,0,0,0,0,0,0,0,0,0,0,0,0,0,0,0,0,0,0,0,0,0,0,0,0,0,0,0,0,0,0,0,0,0,0,0,0,0,0,0,0,0,0,0,0,0,0,0,0,0,0,0,0,0,0,0,0,0,0,0,0,0,0,0,0,0,0,0,0,0,0,0,0,4,0,0,0,0,0,0,0,0,3,0,0,0,0,0,0,0,0,0,0,0,0,0,0,0,0,0,0,0,0,0,3,0,0,0,0,3,0,0,0,3,0,0,0,0,10,0,3,0,3,0,0,0,0,9,0,5,4,0,0,3,0,0,12,0,4,0,0,3,3,0,0,17,0,0,8,4,6,3,0,0,22,0,0,3,4,4,3,0,0,22,0,0,5,8,0,3,0,0,14,0,0,0,4,3
399,21,28,22,17,8,147,7,29,49,42,40,35,10,9,211,7,28,59,46,56,34,14,3,251,0,13,52,54,42,38,9,9,220,0,7,37,48,35,20,4,0,145,0,0,23,22,23,10,3,0,93,0,5,17,22,13,10,0,0,75,0,0,20,32,25,14,6,0,92,0,3,9,22,22,10,12,5,79,14,24,61,63,49,31,17,9,269,114,191,436,469,423,300,123,71,2113,109,94,168,192,196,174,54,12,1004,948,402,291,329,371,308,83,6,2731,475,567,649,759,824,776,196,24,4270,493,575,792,896,1159,1085,364,58,5421,615,736,972,1042,1374,1334,428,61,6557,644,1222,1550,1636,2036,1794,598,55,9539,326,1510,2128,2012,2335,1918,495,43,10762,197,1483,3134,2629,2849,2073,430,36,12836,68,1176,3663,3361,3315,2126,381,30,14120,26,594,2650,2623,2261,1419,214,10,9798,8,237,1972,2078,1947,1023,177,12,7445,12,175,1235,1393,1156
401,36,34,21,20,9,201,4,38,66,45,49,37,12,3,266,3,26,119,72,79,45,13,6,365,0,21,102,109,79,56,18,8,394,3,4,101,86,62,50,8,3,320,0,0,50,86,73,44,9,4,269,0,0,24,52,37,28,4,0,150,0,0,28,46,66,39,7,0,190,0,0,16,28,30,22,18,12,135,20,35,85,67,69,42,25,13,354,115,267,774,704,669,469,171,92,3261,168,140,211,221,241,179,73,9,1246,3859,1425,502,401,353,274,102,25,6938,1793,2618,1310,896,852,725,270,40,8505,780,2174,1771,1261,1145,1043,404,67,8633,642,2149,2329,1648,1704,1434,581,94,10591,476,2600,3790,2997,2998,2443,847,135,16285,255,2851,5427,4066,3890,2917,793,114,20323,115,2900,7920,5412,5253,3743,906,86,26338,40,1886,9025,6725,6432,4777,952,95,29933,12,671,6471,5545,4896,3317,658,43,21622,3,218,4824,5415,4825,3355,579,45,19268,3,70,2475,3930,3725
402,32,24,22,14,3,172,0,27,46,47,42,29,5,0,202,0,24,70,57,67,32,14,0,257,0,12,50,59,73,39,13,0,257,0,4,29,48,37,34,3,3,158,0,0,17,32,28,20,3,0,94,0,0,10,25,15,12,0,0,67,0,0,6,16,17,10,0,3,56,3,0,8,10,9,3,5,0,42,19,20,51,60,50,20,10,11,246,103,178,420,459,440,270,97,49,2018,172,64,173,172,168,113,30,4,886,3594,534,291,244,248,222,48,6,5181,1648,1259,741,700,696,577,158,20,5801,768,1203,1016,929,992,767,286,38,6006,551,1308,1353,1303,1424,1067,334,51,7387,402,1849,2559,2322,2507,1901,504,47,12095,200,2082,3905,3259,3320,2249,477,45,15544,122,1733,4729,4144,4265,2813,491,32,18327,40,1109,4603,4026,4370,3032,483,38,17712,9,497,3112,2636,2737,1861,296,21,11164,6,178,2234,2340,2317,1607,210,26,8912,0,52,1226,1711,1709
403,22,13,18,15,7,114,0,14,23,26,19,16,12,0,116,0,14,42,27,31,20,8,0,135,0,0,39,34,36,17,5,0,126,0,0,14,25,23,12,3,5,88,0,3,10,18,20,15,3,0,71,0,0,8,11,11,5,0,0,31,0,0,3,15,10,10,0,0,44,0,0,0,3,7,9,8,3,28,11,14,42,40,34,15,5,13,162,69,112,243,256,245,175,93,52,1246,100,47,96,130,124,108,29,11,635,3418,609,271,283,248,230,64,17,5139,1482,1336,676,601,601,534,192,34,5456,553,1223,947,749,841,721,290,37,5364,442,1158,1216,1025,1245,1104,434,67,6692,351,1512,1967,1834,2017,1780,589,64,10114,154,1534,2682,2283,2455,1911,532,64,11609,63,1215,3187,2799,3091,2402,509,59,13318,19,693,3239,2997,3293,2492,463,38,13236,5,256,2005,1995,2137,1410,282,28,8120,0,84,1500,1828,1817,1378,209,23,6850,0,21,765,1184,1325
404,31,33,15,10,5,144,5,25,59,44,46,34,5,4,219,0,17,54,49,62,31,4,0,218,0,15,57,58,73,44,8,3,254,0,0,36,45,45,29,9,0,167,0,0,22,31,46,20,10,0,130,0,0,14,17,28,15,0,3,78,0,0,14,27,38,13,4,0,88,0,0,7,13,10,5,8,4,52,18,21,48,52,44,27,10,6,220,68,157,391,432,468,277,107,50,1950,100,64,128,127,117,74,34,3,651,2214,551,207,175,167,153,59,9,3549,1079,1185,648,499,482,438,127,26,4477,471,1000,837,740,740,626,205,43,4659,427,1064,1185,989,1118,917,333,56,6089,378,1619,2144,1842,2072,1614,525,59,10251,186,1859,3537,2753,3080,2291,482,52,14235,88,1727,4819,4018,4317,3087,541,51,18645,33,1003,4698,4271,4666,3272,534,47,18512,16,383,3004,2968,3128,2074,350,21,11947,3,158,2129,2549,2739,1825,294,21,9720,3,52,1278,1796,1953
405,5,10,15,6,3,52,0,4,4,17,11,17,3,0,55,0,7,6,14,9,21,3,0,68,0,4,14,8,25,15,6,6,73,0,0,4,13,11,13,3,0,45,0,0,6,10,7,6,3,4,35,0,0,0,4,3,8,0,0,15,0,0,0,3,5,5,3,0,23,0,0,3,0,3,0,4,0,14,7,0,14,8,15,7,9,13,71,36,26,86,104,120,132,67,55,632,74,21,48,81,105,106,48,7,485,986,97,113,106,124,143,57,12,1640,352,218,245,290,336,369,117,39,1968,194,236,302,328,482,519,194,41,2299,191,308,382,479,638,581,261,59,2902,184,486,609,725,1011,895,368,62,4342,105,623,905,884,1147,963,301,76,5006,54,533,1117,1112,1328,1212,253,54,5660,25,335,1069,1090,1337,1182,243,54,5337,7,140,772,746,918,733,173,22,3518,3,43,533,636,806,625,109,26,2784,3,18,250,413,480
406,3,6,13,4,3,43,0,3,18,15,19,0,3,3,64,0,10,10,6,18,16,0,0,55,0,5,22,22,17,9,0,0,75,0,6,18,10,16,10,3,0,60,0,3,12,8,26,15,4,0,63,0,0,6,11,11,3,3,0,34,0,0,17,14,19,9,0,0,60,0,0,0,6,5,4,0,3,19,6,7,12,17,14,13,10,3,82,28,42,147,131,166,114,46,37,709,53,3,47,56,63,61,13,6,301,768,54,98,90,90,90,16,9,1213,265,158,243,212,262,230,90,13,1475,169,183,270,248,296,289,114,24,1594,171,281,301,359,402,393,158,35,2096,127,426,575,588,689,590,141,25,3160,77,503,745,668,797,610,170,24,3598,45,428,965,817,997,733,163,14,4161,21,367,1002,901,1128,835,146,24,4427,9,218,834,671,860,539,87,16,3231,7,117,755,732,817,558,82,5,3067,3,93,563,605,717
407,19,16,10,10,3,100,0,12,19,35,31,18,5,0,116,0,11,24,29,22,19,3,4,107,0,3,14,15,20,24,5,9,87,0,3,10,11,19,11,6,7,67,0,0,9,9,18,5,0,0,44,0,0,3,4,9,3,0,0,25,0,0,6,8,6,5,3,3,27,0,0,3,3,4,4,5,0,22,8,3,18,12,25,16,9,15,104,69,75,140,183,228,178,84,57,1020,109,34,81,143,233,198,102,22,925,1760,127,137,165,224,243,84,18,2761,626,340,388,472,593,628,269,61,3382,376,388,527,554,778,790,374,79,3860,447,494,670,804,981,1002,466,128,4985,337,992,1268,1391,1775,1553,600,123,8036,208,1277,1846,1876,2213,1711,523,95,9747,82,914,2207,2002,2475,1981,473,94,10238,31,521,1831,1965,2333,1984,365,61,9090,11,218,1077,1106,1392,1061,245,35,5142,5,68,652,855,999,851,163,30,3628,0,20,319,574,685
497,0,0,0,0,0,0,0,0,0,0,0,0,0,0,0,0,0,0,0,0,0,0,0,0,0,0,0,0,0,0,0,0,0,0,0,0,0,0,0,0,0,0,0,0,0,0,0,0,0,0,0,0,0,0,0,0,0,0,0,0,0,0,0,0,0,0,0,0,0,0,0,0,0,0,0,0,0,0,0,0,0,0,0,0,0,0,0,0,0,0,0,0,0,0,0,0,0,0,0,0,0,0,0,0,4,0,0,0,0,0,0,0,0,0,0,0,0,0,0,0,0,0,0,0,0,0,0,0,0,0,0,0,0,0,0,0,0,0,0,0,0,0,0,0,3,0,0,0,0,4,0,0,0,3,0,0,0,0,3,0,0,0,0,0,3,0,0,3,0,0,0,0,0,0,0,0,4,0,0,0,0,0,0,0,0,4,0,0,0,3,3,0,0,0,3,0,0,3,0,0
499,8,15,4,3,3,54,0,3,19,11,18,8,0,0,63,0,4,20,20,16,12,4,3,83,0,0,16,11,15,11,3,4,57,0,3,10,18,7,3,3,0,44,0,0,7,10,8,3,0,0,30,0,0,3,5,10,3,0,0,18,0,0,7,8,8,3,0,0,22,3,0,3,5,8,3,0,0,23,8,6,14,11,9,7,3,4,55,31,41,138,133,140,89,28,28,627,45,31,42,51,59,46,15,3,294,290,193,106,135,153,152,28,7,1082,124,274,307,295,420,409,77,8,1914,135,258,325,381,516,469,140,21,2250,168,290,381,403,633,611,206,25,2729,173,504,590,612,945,817,262,29,3932,74,492,895,765,980,782,190,11,4199,29,453,1053,944,1113,816,167,27,4601,14,339,1258,990,1108,802,169,14,4697,3,165,732,706,760,465,86,11,2932,4,48,507,572,546,339,55,6,2077,0,20,265,328,312
501,15,16,16,3,4,75,3,14,12,11,18,9,12,0,81,0,11,18,18,22,20,9,3,107,0,9,22,29,33,19,3,3,122,0,4,14,15,20,14,3,0,70,0,0,21,23,18,14,8,0,91,0,0,14,21,24,9,0,0,63,0,0,20,22,33,6,0,0,82,0,0,3,17,17,4,3,0,49,11,20,23,33,37,22,14,3,156,59,80,189,221,266,173,90,29,1109,115,18,98,132,152,133,63,18,729,1872,88,214,247,204,165,72,17,2877,551,241,420,559,460,462,159,29,2877,405,293,503,627,609,609,242,61,3347,412,408,608,729,824,755,297,73,4109,441,710,1010,1210,1347,1139,434,72,6351,235,1060,1428,1376,1598,1256,384,60,7400,116,846,1798,1659,1979,1463,346,37,8250,68,590,1910,1982,2128,1574,338,37,8628,22,323,1238,1470,1535,1075,216,28,5919,9,176,1088,1380,1494,1140,203,19,5503,5,99,778,1094,1285
502,11,5,3,0,4,33,0,3,9,3,4,5,3,0,24,0,4,3,8,12,3,0,5,30,0,0,7,9,12,7,0,0,34,0,0,11,4,5,0,3,0,27,0,0,4,8,6,5,0,0,22,0,0,3,3,4,0,0,0,18,0,0,3,10,18,6,3,0,38,0,0,4,0,8,4,3,0,25,4,7,8,18,14,8,3,0,61,25,26,65,88,104,63,26,13,411,59,17,27,48,55,35,14,12,270,938,77,97,94,82,73,11,4,1385,408,234,208,214,198,181,50,5,1498,217,261,235,240,295,260,93,13,1613,188,255,279,274,316,291,96,27,1727,157,394,439,521,550,442,153,27,2686,98,420,544,521,646,428,146,29,2826,38,346,590,644,757,471,95,10,2957,14,227,687,635,720,527,96,11,2920,3,99,450,472,561,347,67,4,2005,3,55,388,436,489,337,54,6,1770,3,18,266,379,463
503,31,33,16,15,3,169,7,32,54,31,28,20,12,9,197,0,42,108,70,43,25,15,6,304,7,28,120,93,62,43,9,3,352,0,9,115,81,89,38,5,0,333,0,11,70,86,79,45,12,3,309,0,10,66,73,57,32,7,3,247,0,3,83,151,102,53,16,3,409,4,4,40,125,114,63,15,11,383,17,48,106,89,109,50,17,7,442,124,315,927,903,787,434,163,75,3719,146,120,227,240,223,137,45,9,1141,2516,1115,455,328,209,181,78,19,4897,1223,2144,1127,749,541,447,179,32,6439,625,1884,1627,961,746,560,235,49,6695,465,1785,2077,1298,938,886,345,75,7876,454,2020,3168,2112,1754,1471,627,103,11697,302,2428,4204,2600,2248,1771,648,89,14298,144,2769,6604,3834,3277,2531,705,78,19940,92,2748,9841,5436,4937,3802,902,76,27836,14,1463,8609,5351,4443,3140,665,57,23744,15,619,7622,5516,4670,2990,579,57,22069,6,233,5296,4721,3961
504,25,18,11,9,3,105,4,18,29,27,31,15,6,0,127,3,16,38,35,40,19,0,0,155,0,17,48,26,43,14,6,0,164,0,10,32,25,26,27,5,0,130,0,3,28,34,26,12,0,0,104,0,0,19,17,13,17,3,0,68,0,0,20,34,23,11,3,0,96,0,0,6,11,11,6,4,3,37,3,18,40,45,53,24,16,4,195,59,132,329,312,327,209,80,12,1468,126,65,128,170,125,129,41,9,774,2440,355,235,285,190,155,59,7,3726,1149,876,557,504,461,395,126,24,4089,530,848,788,612,622,514,230,30,4176,453,837,907,761,785,661,250,45,4696,423,1224,1399,1254,1354,1120,368,49,7200,221,1387,1981,1646,1775,1289,357,40,8703,121,1317,2902,2222,2464,1729,399,28,11192,57,950,3475,2732,2921,1998,425,37,12591,15,478,2400,2044,2118,1393,316,24,8785,5,215,1967,1935,2023,1303,238,24,7698,0,109,1099,1350,1535
505,25,30,23,8,4,155,8,40,59,45,41,15,5,3,216,3,25,72,62,38,32,12,0,239,0,18,76,60,81,37,12,0,297,0,10,55,44,60,39,7,0,215,0,0,35,44,53,25,8,0,162,0,3,13,40,31,13,5,0,109,0,0,23,37,36,12,3,3,120,0,0,12,20,20,11,14,0,74,17,51,75,70,62,40,6,11,325,121,241,539,524,515,298,130,45,2408,235,91,223,252,233,172,55,6,1271,5498,1006,461,491,371,268,89,23,8209,2281,1908,1113,1057,861,631,233,32,8110,961,1787,1425,1319,1154,933,372,53,8007,842,1770,1667,1502,1539,1224,471,72,9089,684,2215,2699,2429,2646,2007,688,97,13463,337,2484,3677,2975,3213,2179,660,64,15582,176,2316,5090,3779,3971,2704,663,57,18758,65,1624,6045,4461,4655,3283,709,51,20894,21,776,4296,3509,3508,2251,490,39,14887,14,324,3420,3257,3299,1997,392,32,12732,4,123,2031,2563,2431
506,40,31,19,13,3,191,12,38,70,61,43,30,6,3,258,8,33,88,76,69,42,8,4,316,0,34,109,85,102,64,11,3,407,0,12,100,69,86,54,17,0,333,0,10,45,59,75,35,3,0,233,0,0,39,49,54,20,6,0,173,0,0,49,63,62,27,12,3,222,0,3,5,36,39,18,14,6,127,27,59,100,81,67,44,23,3,397,167,314,782,728,707,420,151,37,3299,216,109,279,280,239,200,54,8,1386,4278,920,564,481,341,268,90,8,6947,2026,1842,1245,982,862,702,251,28,7947,951,1702,1675,1222,1120,909,379,61,8016,827,1771,2099,1599,1522,1220,510,90,9628,854,2413,3226,2640,2587,2140,736,115,14710,496,3008,4650,3624,3358,2563,820,86,18605,260,3052,6859,4994,4892,3521,837,61,24482,113,2249,8426,6286,6072,4538,924,60,28659,29,1129,6129,4872,4699,3166,675,42,20734,8,491,4811,4556,4317,2886,551,40,17657,6,221,3024,3468,3246
507,32,27,15,16,3,152,7,22,40,33,26,11,13,7,166,3,25,48,42,50,32,3,6,211,0,21,77,61,58,29,9,4,259,0,5,52,63,54,34,11,0,222,0,5,36,48,62,39,8,0,190,0,8,42,51,36,25,8,4,165,0,4,37,72,72,40,10,3,229,0,0,12,44,38,14,14,6,134,11,42,78,61,61,35,11,8,307,107,219,530,589,554,333,110,59,2499,175,71,193,234,274,168,43,10,1165,4343,776,471,435,316,222,74,21,6662,1859,1627,960,909,761,595,207,19,6939,876,1493,1238,1047,977,797,256,57,6744,675,1433,1495,1348,1281,1020,348,53,7645,625,1968,2304,2144,2261,1641,595,96,11631,360,2206,3205,2562,2706,1902,520,59,13521,194,2216,4425,3424,3587,2433,544,50,16876,90,1757,5520,4231,4330,2935,574,67,19506,34,975,4204,3491,3367,2171,403,36,14681,6,449,3652,3348,3280,2093,370,26,13226,6,204,2429,2812,2647
509,8,9,13,7,6,66,5,11,15,13,14,11,14,6,86,3,7,12,14,19,10,3,4,71,0,4,13,19,26,24,3,0,82,0,0,14,10,12,12,4,7,67,0,3,4,9,11,18,4,0,52,0,0,0,7,9,8,3,0,36,0,0,9,12,18,9,9,0,58,0,0,6,4,10,7,0,3,40,10,11,23,14,21,18,8,16,130,53,57,128,150,197,168,80,69,902,101,25,88,119,185,206,96,16,836,833,71,161,178,210,183,85,21,1743,302,157,292,364,391,406,178,59,2154,290,219,366,404,489,571,316,73,2735,336,236,415,501,659,678,371,105,3287,339,573,771,823,1077,1013,485,111,5189,198,709,1085,1005,1232,1168,435,88,5913,110,671,1301,1243,1642,1379,424,89,6854,44,491,1380,1391,1789,1539,422,74,7128,12,258,981,1024,1228,973,304,55,4847,0,156,843,954,1197,953,224,39,4368,0,81,539,737,912
510,7,6,16,3,0,45,3,9,21,13,14,5,0,3,74,3,5,27,14,20,13,4,0,87,0,3,30,20,25,12,3,0,93,0,6,21,19,22,20,3,0,89,0,3,21,23,28,14,0,0,87,0,0,17,31,19,6,5,0,86,0,3,50,72,77,25,8,0,233,0,5,45,77,62,20,6,0,222,6,5,40,25,44,21,3,4,153,54,74,322,337,337,171,52,13,1364,43,21,91,71,67,60,19,3,378,586,53,103,109,72,47,14,4,996,235,110,255,219,158,118,43,11,1147,124,129,221,216,177,146,57,10,1093,126,165,276,248,242,191,82,12,1341,168,299,459,438,384,315,101,19,2191,151,414,692,562,540,394,96,9,2857,107,517,1040,732,783,542,93,6,3825,71,519,1508,1160,1133,746,140,14,5287,16,400,1515,1121,1087,724,114,8,4989,17,302,1601,1286,1283,803,96,4,5398,13,291,1701,1524,1326
511,5,10,9,5,0,59,4,8,6,8,9,15,3,0,50,3,9,21,19,11,19,3,0,81,0,12,22,17,22,17,3,3,101,0,9,16,13,16,11,6,0,69,0,6,16,24,25,18,5,0,85,0,3,10,20,26,18,0,0,75,0,3,27,38,36,25,0,0,125,0,0,13,22,19,7,14,0,75,6,8,21,32,31,19,8,5,133,38,79,199,213,242,177,61,21,1025,50,14,57,87,116,95,34,3,470,840,41,116,135,117,86,39,8,1379,289,130,248,274,220,198,66,10,1433,192,153,335,272,296,275,116,25,1663,263,211,356,374,396,337,123,29,2090,278,427,595,608,697,601,196,26,3429,176,654,862,753,805,615,165,27,4057,113,602,1078,983,1056,798,177,16,4830,54,549,1420,1193,1379,1060,207,34,5896,20,374,1214,1086,1085,766,154,11,4719,18,303,1387,1117,1199,779,141,12,4955,6,212,1254,1070,1097
597,0,0,0,0,0,0,0,0,0,0,0,0,0,0,0,0,0,0,0,0,0,0,0,0,0,0,0,0,0,0,0,0,0,0,0,0,0,0,0,0,0,0,0,0,0,0,3,0,0,0,3,0,0,0,0,3,0,0,0,3,0,0,0,3,3,0,0,0,7,0,0,0,8,3,0,0,0,13,0,0,0,0,0,0,0,0,4,0,0,9,8,9,7,0,0,35,0,0,5,0,0,0,0,0,7,5,0,0,0,0,0,0,0,5,0,0,0,0,0,0,0,0,3,0,0,0,3,0,0,0,0,5,0,3,0,3,0,0,0,0,9,0,3,3,0,0,0,0,0,7,0,6,3,4,0,3,0,0,19,0,6,5,0,5,4,0,0,21,3,4,18,12,8,3,0,0,44,0,3,11,7,5,0,0,0,32,0,6,18,10,20,7,3,0,57,0,6,23,20,20
599,7,14,13,10,3,67,4,8,14,15,22,17,9,3,94,0,9,26,24,19,7,3,0,93,0,8,29,29,27,16,5,3,118,0,0,19,26,19,20,6,3,86,0,4,23,17,19,9,3,0,75,0,0,13,15,12,12,0,0,54,0,0,16,25,16,14,0,0,79,0,0,9,15,23,8,0,0,54,9,11,32,30,27,16,6,7,141,51,82,239,222,251,165,67,28,1106,57,52,82,89,116,82,21,3,492,426,251,210,218,180,164,41,10,1492,243,382,392,407,421,403,91,15,2352,219,313,452,447,517,458,195,27,2629,342,404,482,495,610,598,209,28,3165,312,674,785,736,880,799,281,37,4508,180,695,1027,897,985,837,242,24,4883,100,730,1526,1168,1341,920,211,17,6020,43,659,1982,1551,1611,1031,210,27,7117,19,344,1626,1344,1318,767,147,12,5570,10,242,1305,1154,1114,649,113,8,4591,0,115,933,879,759
601,23,37,22,9,4,136,3,23,47,26,28,20,4,5,153,0,14,53,39,43,22,12,0,187,0,9,55,49,67,44,14,4,229,0,3,45,57,36,33,4,0,180,0,0,22,38,48,32,4,3,148,0,0,13,22,21,10,0,0,68,0,0,3,16,41,15,7,3,83,0,0,4,13,15,7,3,0,44,16,21,34,31,25,30,8,11,170,82,140,345,352,403,263,89,59,1733,116,37,75,76,93,87,29,4,511,2510,422,208,178,174,151,56,7,3705,1032,943,576,490,421,469,142,29,4108,494,860,780,694,677,617,247,33,4399,493,963,1010,915,984,915,336,57,5669,359,1446,1913,1730,1750,1543,504,72,9314,198,1550,2671,2318,2300,1828,465,52,11380,96,1346,3522,2852,2988,2256,437,39,13539,22,829,3607,3174,3505,2587,423,43,14192,3,299,2379,2515,2559,1752,244,17,9776,7,94,1640,2198,2419,1644,207,24,8236,0,39,831,1547,1771
602,15,15,10,5,3,72,0,10,12,20,24,19,3,3,84,0,11,26,22,23,20,7,0,105,0,0,23,26,30,18,0,0,99,0,3,14,15,14,17,0,0,59,0,0,8,13,17,7,0,0,47,0,0,7,10,10,5,3,0,34,0,0,0,9,11,6,3,0,32,0,0,3,0,0,4,0,0,10,6,13,16,14,22,15,9,0,97,41,61,135,161,207,159,60,24,849,52,29,34,53,84,113,24,7,392,1237,172,118,117,146,133,57,6,1985,528,406,335,349,387,409,124,19,2546,314,428,394,413,512,565,214,47,2884,302,517,503,605,707,707,248,57,3651,291,808,940,1011,1241,1063,365,65,5781,149,1021,1408,1298,1617,1219,284,50,7042,31,735,1703,1525,1853,1389,296,41,7583,10,434,1663,1570,1836,1425,205,29,7169,5,169,1004,1078,1234,878,157,11,4540,0,50,673,904,1108,776,101,11,3629,0,9,369,679,759
603,3,0,5,4,0,13,0,0,3,3,4,3,3,0,17,0,0,3,3,4,3,0,0,10,0,3,3,7,5,3,0,3,26,0,0,0,0,3,0,0,0,5,0,0,0,0,0,3,0,0,6,0,0,0,0,0,0,0,0,3,0,0,0,0,3,3,0,0,7,0,0,0,0,0,0,3,0,9,3,3,0,3,4,0,5,0,19,3,4,18,30,34,31,21,14,167,15,5,10,17,34,45,19,4,151,163,11,19,34,39,63,15,4,358,70,41,48,92,111,139,50,10,557,43,39,81,102,135,152,85,17,660,35,59,94,122,200,182,78,28,791,42,87,159,214,251,261,103,15,1132,24,127,231,250,314,254,79,6,1292,4,70,222,269,317,246,52,17,1198,7,56,236,237,279,242,55,11,1130,0,24,153,138,142,128,41,6,635,0,9,65,115,134,120,29,0,464,0,4,44,60,74
604,18,18,13,6,0,86,0,13,12,16,22,10,10,3,78,0,7,21,18,27,17,0,0,88,0,11,14,23,35,10,0,0,94,0,4,16,13,17,4,3,0,48,0,0,7,10,6,7,0,0,38,0,0,3,4,10,3,0,0,18,0,0,5,11,3,3,0,0,27,0,3,0,3,6,3,0,0,14,7,8,3,15,21,20,8,3,93,50,66,116,146,188,122,52,35,779,58,17,41,55,81,66,24,3,353,1145,80,79,106,116,120,27,9,1672,488,210,241,298,283,329,88,21,1957,241,236,319,371,452,449,149,50,2270,287,377,431,483,645,559,173,43,2993,247,590,698,863,1025,868,261,46,4601,132,843,1092,1008,1297,923,217,27,5536,55,583,1268,1112,1484,1104,176,31,5822,36,325,1186,1189,1533,1125,174,26,5597,8,145,762,782,984,654,113,13,3458,3,66,508,682,920,648,79,10,2917,3,34,326,473,614
697,0,0,0,0,0,0,0,0,0,0,0,0,0,0,0,0,0,0,0,0,0,0,0,0,0,0,0,0,0,0,0,0,0,0,0,0,0,0,0,0,0,0,0,0,0,0,0,0,0,0,0,0,0,0,0,0,0,0,0,0,0,0,0,0,0,0,0,0,0,0,0,0,0,0,0,0,0,0,0,0,0,0,0,0,0,0,0,0,0,0,0,0,0,0,0,0,0,0,0,0,0,0,0,0,0,0,0,0,0,0,0,0,0,0,0,0,0,0,0,0,0,0,0,0,0,0,0,0,0,0,0,0,0,0,0,0,0,0,0,0,0,0,0,0,0,0,0,0,0,0,0,0,0,3,0,0,0,0,6,0,0,0,0,3,0,0,0,3,0,0,3,0,0,3,0,0,6,0,0,0,0,0,0,0,0,3,0,0,3,0,0,0,0,0,4,0,0,0,3,3
699,5,6,4,0,0,21,0,0,3,0,3,3,0,0,13,0,0,9,3,13,4,0,0,33,0,0,4,10,3,3,3,0,17,0,0,3,0,3,0,0,0,13,0,0,0,0,3,4,0,0,7,0,0,0,0,0,0,0,0,0,0,0,0,0,0,0,0,0,3,0,0,0,3,0,0,0,0,6,6,9,4,3,0,7,5,0,32,11,10,48,37,53,37,14,3,217,7,3,12,14,17,13,6,3,78,65,26,31,30,34,26,5,0,223,31,47,81,90,129,134,26,9,544,42,36,76,92,147,171,39,10,609,45,62,99,111,191,193,55,9,771,59,107,189,171,244,268,53,13,1100,20,135,224,217,270,211,54,3,1124,23,121,309,250,297,226,37,6,1271,6,94,321,270,325,199,29,3,1243,0,38,209,170,202,139,9,0,777,0,16,117,142,139,91,14,3,525,0,3,50,66,75
701,13,6,11,4,3,60,7,18,21,15,13,8,7,0,80,3,30,40,30,22,27,7,3,156,3,25,49,23,33,20,9,0,165,3,12,38,32,25,18,6,0,135,0,10,37,40,33,14,3,0,134,0,0,18,30,23,19,0,0,91,0,0,34,39,25,18,0,0,124,0,6,17,31,26,12,4,0,100,14,37,52,50,45,23,11,0,230,71,172,354,318,282,184,58,19,1456,82,33,82,75,66,53,13,5,418,1036,85,116,86,48,39,21,0,1432,501,202,209,160,153,130,49,10,1418,265,308,374,230,183,136,68,17,1580,237,389,526,364,274,220,94,15,2126,292,544,887,614,531,440,143,26,3464,248,893,1381,928,807,580,180,15,5036,234,1302,2149,1534,1292,846,228,21,7605,112,1278,3282,2104,1833,1186,266,20,10093,27,757,2825,1895,1633,1032,218,16,8405,18,352,2344,1971,1658,1032,179,16,7571,0,138,1465,1649,1611
702,18,18,7,3,3,81,3,6,22,9,11,18,0,0,71,0,10,19,17,21,5,0,0,68,3,9,24,21,14,11,6,0,82,0,3,16,11,19,6,0,0,58,0,3,13,11,19,11,0,0,57,0,0,9,7,17,10,7,0,38,0,0,9,20,9,13,0,0,53,0,3,4,7,14,3,4,0,35,26,17,49,38,19,21,4,0,174,77,118,274,224,225,129,38,14,1082,48,11,44,38,45,43,12,0,243,359,40,129,90,86,50,19,12,775,166,159,355,307,237,147,57,12,1434,99,110,255,217,197,139,62,7,1085,96,136,271,269,200,178,70,17,1237,174,310,580,482,422,297,109,11,2386,192,481,753,490,510,356,108,9,2906,124,511,1025,626,680,476,121,14,3566,46,414,1297,877,916,700,148,11,4416,13,211,1068,755,819,601,119,10,3599,13,114,869,774,782,562,94,3,3211,0,58,505,570,665
797,0,0,0,0,0,0,0,0,0,0,0,0,0,0,0,0,0,0,0,0,0,0,0,0,0,0,0,0,0,0,0,0,0,0,0,0,0,0,0,0,0,0,0,0,0,0,0,0,0,0,0,0,0,0,0,0,0,0,0,0,0,0,0,0,0,0,0,0,0,0,0,0,0,0,0,0,0,0,0,0,0,0,0,0,0,0,0,0,0,0,0,0,0,0,0,3,0,0,0,0,0,0,0,0,0,0,0,0,0,0,0,0,0,5,0,0,0,0,0,0,0,0,0,0,0,0,0,0,0,0,0,0,0,0,0,0,0,0,0,0,0,0,0,0,0,3,0,0,0,3,0,0,0,0,0,0,0,0,0,0,3,3,0,0,0,0,0,7,0,0,0,0,0,4,0,0,7,0,0,0,0,0,0,0,0,0,0,0,4,0,0,0,0,0,3,0,0,3,0,3
799,0,0,0,3,0,3,0,6,0,0,0,3,0,0,8,0,0,3,0,7,0,0,0,7,0,0,0,6,3,8,3,0,22,0,4,9,3,4,3,0,0,16,0,0,0,3,4,0,0,0,9,0,0,0,3,0,0,0,0,3,0,0,0,3,7,0,0,0,7,0,0,0,0,3,0,0,0,5,0,3,3,3,0,4,0,0,15,4,12,28,15,30,25,5,3,122,3,5,7,8,8,7,0,0,43,12,4,14,11,5,10,3,0,60,9,17,23,20,13,20,6,0,111,10,9,27,28,17,21,7,3,117,18,6,27,23,25,23,6,0,135,21,14,42,48,40,49,13,0,227,12,32,58,40,42,42,13,0,238,15,41,102,71,55,60,9,0,353,7,49,138,93,104,73,20,4,480,0,26,101,88,98,60,10,0,386,0,19,79,84,83,49,6,0,318,0,4,84,87,83
801,31,29,21,10,0,166,5,49,85,47,34,19,12,3,260,7,55,117,92,74,30,6,4,381,10,81,217,162,100,68,21,4,658,0,31,239,163,148,75,9,3,665,0,16,238,211,151,74,10,4,705,0,8,113,150,127,68,13,4,479,0,4,153,355,340,153,22,3,1033,0,5,15,98,126,82,34,7,373,31,46,82,79,73,42,19,5,369,163,392,1379,1469,1265,675,180,66,5577,186,82,181,177,148,86,39,13,909,4881,949,370,307,214,139,60,17,6937,2159,2055,800,565,451,363,146,23,6560,850,1874,1093,732,612,499,212,57,5928,784,1970,1487,1017,807,674,298,39,7076,912,2542,2545,1786,1456,1116,471,79,10909,623,2843,3782,2669,2158,1509,504,56,14143,386,3243,5724,3828,3230,2145,585,58,19202,157,3236,8645,5318,4512,2882,696,63,25509,30,1671,9582,5838,4744,3016,564,51,25504,9,538,8133,6979,5914,3197,572,47,25392,7,141,4641,5485,4534
897,0,0,0,0,0,0,0,0,0,0,0,0,0,0,0,0,0,0,0,0,0,0,0,0,0,0,0,0,0,0,0,0,0,0,0,0,0,0,0,0,0,0,0,0,0,0,0,0,0,0,0,0,0,0,0,0,0,0,0,0,0,0,0,0,0,0,0,0,0,0,0,0,0,0,0,0,0,0,0,0,0,0,0,0,0,0,0,0,0,0,0,0,0,0,0,0,0,0,0,0,0,0,0,0,0,0,0,0,0,0,0,0,0,0,0,0,0,0,0,0,0,0,0,0,0,0,0,0,0,0,0,0,0,0,0,0,0,0,0,0,0,0,0,0,0,0,0,0,0,0,0,0,0,0,0,0,0,0,0,0,0,0,0,0,0,0,0,0,0,0,0,0,0,0,0,0,0,0,0,0,0,0,0,0,0,0,0,0,0,0,0,0,0,0,0,0,0,0,0,0
899,5,0,0,0,0,12,0,4,5,3,3,0,0,0,15,0,0,10,3,3,6,0,0,14,0,0,3,3,5,7,0,0,22,0,0,0,3,5,0,0,0,16,0,0,5,7,3,3,0,0,16,0,0,0,3,0,3,0,0,4,0,0,3,4,4,0,0,0,13,0,0,0,4,3,0,0,0,13,0,4,3,0,5,0,0,0,18,4,18,44,46,42,24,6,4,178,10,9,11,6,19,3,3,0,70,138,65,35,21,19,16,0,0,294,57,82,45,39,36,22,7,0,286,44,49,53,48,46,43,20,7,305,47,79,57,52,64,58,16,0,373,55,104,111,92,96,93,43,6,597,23,113,159,116,116,95,37,3,658,19,121,221,150,149,111,30,3,809,4,107,288,239,196,143,31,5,1008,0,49,245,166,134,81,18,3,702,0,31,199,133,122,78,12,0,577,0,10,91,110,64
901,5,0,0,0,0,6,0,0,0,3,0,0,0,0,4,0,4,0,0,0,0,0,0,3,0,3,3,0,0,3,0,0,15,0,0,0,0,0,3,0,0,7,0,0,0,0,3,0,0,0,3,0,0,0,0,3,0,0,0,6,0,0,0,3,0,0,0,0,10,0,0,0,3,0,0,0,0,9,0,0,3,0,3,3,0,0,9,0,6,14,21,17,14,7,0,76,3,0,0,0,3,10,3,0,21,20,8,3,4,5,6,7,0,56,11,6,15,11,16,14,6,3,78,4,3,18,20,22,25,12,6,116,10,9,24,12,32,38,16,3,142,7,16,33,48,56,52,21,6,244,7,25,62,63,61,66,15,3,301,4,30,53,71,66,58,31,0,315,3,28,61,64,80,56,26,0,319,0,8,47,43,54,52,22,0,236,0,11,39,50,60,45,19,3,228,0,3,36,54,51
997,0,0,0,0,0,0,0,0,0,0,0,0,0,0,0,0,0,0,0,0,0,0,0,0,0,0,0,0,0,0,0,0,0,0,0,0,0,0,0,0,0,0,0,0,0,0,0,0,0,0,0,0,0,0,0,0,0,0,0,0,0,0,0,0,0,0,0,0,0,0,0,0,0,0,0,0,0,0,0,0,0,0,0,0,0,0,0,0,0,0,0,0,0,0,0,0,0,0,0,0,0,0,0,0,0,0,0,0,0,0,0,0,0,0,0,0,0,0,0,0,0,0,0,0,0,0,0,0,0,0,0,0,0,0,0,0,0,0,0,0,0,0,0,0,0,0,0,0,0,0,0,0,0,0,0,0,0,0,0,0,0,0,0,0,0,0,0,0,0,0,0,0,0,0,0,0,0,0,0,0,0,0,0,0,0,0,0,0,0,0,0,0,0,0,0,0,0,0,0,0
999,0,0,0,0,0,0,0,0,0,0,0,0,0,0,0,0,0,0,0,0,0,0,0,0,0,0,0,0,0,0,0,0,0,0,0,0,0,0,0,0,0,0,0,0,0,0,0,0,0,0,0,0,0,0,0,0,0,0,0,0,0,0,0,0,0,0,0,0,0,0,0,0,0,0,0,0,0,0,0,0,0,0,0,0,0,0,0,0,0,0,0,3,0,0,0,9,0,0,3,0,0,0,0,0,3,0,0,0,0,0,0,0,0,0,0,0,0,0,0,0,0,0,3,0,0,0,0,0,0,0,0,3,0,0,0,0,3,0,0,0,6,0,0,0,0,0,0,0,0,7,0,0,0,0,0,0,0,0,5,0,0,4,0,0,0,0,0,5,0,0,3,4,3,4,0,0,9,0,0,3,0,3,0,0,0,5,0,0,0,3,3,0,0,0,10,0,0,0,0,4