SA4_CODE_2016,F_M2_TrnFer_15_24,F_M2_TrnFer_25_34,F_M2_TrnFer_35_44,F_M2_TrnFer_45_54,F_M2_TrnFer_55_64,F_M2_TrnFer_65_74,F_M2_TrnFer_75ov,F_M2_TrnFer_Tot,F_M2_TrnTrm_Inc_LR_15_24,F_M2_TrnTrm_Inc_LR_25_34,F_M2_TrnTrm_Inc_LR_35_44,F_M2_TrnTrm_Inc_LR_45_54,F_M2_TrnTrm_Inc_LR_55_64,F_M2_TrnTrm_Inc_LR_65_74,F_M2_TrnTrm_Inc_LR_75ov,F_M2_TrnTrm_Inc_LR_Tot,F_M2_TrnCarAsDriv_15_24,F_M2_TrnCarAsDriv_25_34,F_M2_TrnCarAsDriv_35_44,F_M2_TrnCarAsDriv_45_54,F_M2_TrnCarAsDriv_55_64,F_M2_TrnCarAsDriv_65_74,F_M2_TrnCarAsDriv_75ov,F_M2_TrnCarAsDriv_Tot,F_M2_TrnCarAsPas_15_24,F_M2_TrnCarAsPas_25_34,F_M2_TrnCarAsPas_35_44,F_M2_TrnCarAsPas_45_54,F_M2_TrnCarAsPas_55_64,F_M2_TrnCarAsPas_65_74,F_M2_TrnCarAsPas_75ov,F_M2_TrnCarAsPas_Tot,F_M2_TrnOth_15_24,F_M2_TrnOth_25_34,F_M2_TrnOth_35_44,F_M2_TrnOth_45_54,F_M2_TrnOth_55_64,F_M2_TrnOth_65_74,F_M2_TrnOth_75ov,F_M2_TrnOth_Tot,F_M2_Train_and_Tot_15_24,F_M2_Train_and_Tot_25_34,F_M2_Train_and_Tot_35_44,F_M2_Train_and_Tot_45_54,F_M2_Train_and_Tot_55_64,F_M2_Train_and_Tot_65_74,F_M2_Train_and_Tot_75ov,F_M2_Train_and_Tot_Tot,F_M2_BusFer_15_24,F_M2_BusFer_25_34,F_M2_BusFer_35_44,F_M2_BusFer_45_54,F_M2_BusFer_55_64,F_M2_BusFer_65_74,F_M2_BusFer_75ov,F_M2_BusFer_Tot,F_M2_BusTrm_Inc_LR_15_24,F_M2_BusTrm_Inc_LR_25_34,F_M2_BusTrm_Inc_LR_35_44,F_M2_BusTrm_Inc_LR_45_54,F_M2_BusTrm_Inc_LR_55_64,F_M2_BusTrm_Inc_LR_65_74,F_M2_BusTrm_Inc_LR_75ov,F_M2_BusTrm_Inc_LR_Tot,F_M2_BusCarAsDriv_15_24,F_M2_BusCarAsDriv_25_34,F_M2_BusCarAsDriv_35_44,F_M2_BusCarAsDriv_45_54,F_M2_BusCarAsDriv_55_64,F_M2_BusCarAsDriv_65_74,F_M2_BusCarAsDriv_75ov,F_M2_BusCarAsDriv_Tot,F_M2_BusCarAsPas_15_24,F_M2_BusCarAsPas_25_34,F_M2_BusCarAsPas_35_44,F_M2_BusCarAsPas_45_54,F_M2_BusCarAsPas_55_64,F_M2_BusCarAsPas_65_74,F_M2_BusCarAsPas_75ov,F_M2_BusCarAsPas_Tot,F_M2_BusOth_15_24,F_M2_BusOth_25_34,F_M2_BusOth_35_44,F_M2_BusOth_45_54,F_M2_BusOth_55_64,F_M2_BusOth_65_74,F_M2_BusOth_75ov,F_M2_BusOth_Tot,F_M2_BusTot_15_24,F_M2_BusTot_25_34,F_M2_BusTot_35_44,F_M2_BusTot_45_54,F_M2_BusTot_55_64,F_M2_BusTot_65_74,F_M2_BusTot_75ov,F_M2_BusTot_Tot,F_M2_Other_M2_15_24,F_M2_Other_M2_25_34,F_M2_Other_M2_35_44,F_M2_Other_M2_45_54,F_M2_Other_M2_55_64,F_M2_Other_M2_65_74,F_M2_Other_M2_75ov,F_M2_Other_M2_Tot,F_M2_Tot_M2_15_24,F_M2_Tot_M2_25_34,F_M2_Tot_M2_35_44,F_M2_Tot_M2_45_54,F_M2_Tot_M2_55_64,F_M2_Tot_M2_65_74,F_M2_Tot_M2_75ov,F_M2_Tot_M2_Tot,F_M3_Trn_and_2_oth_Ms_15_24,F_M3_Trn_and_2_oth_Ms_25_34,F_M3_Trn_and_2_oth_Ms_35_44,F_M3_Trn_and_2_oth_Ms_45_54,F_M3_Trn_and_2_oth_Ms_55_64,F_M3_Trn_and_2_oth_Ms_65_74,F_M3_Trn_and_2_oth_Ms_75ov,F_M3_Trn_and_2_oth_Ms_Tot,F_M3_Bus2othMs_ex_tn_15_24,F_M3_Bus2othMs_ex_tn_25_34,F_M3_Bus2othMs_ex_tn_35_44,F_M3_Bus2othMs_ex_tn_45_54,F_M3_Bus2othMs_ex_tn_55_64,F_M3_Bus2othMs_ex_tn_65_74,F_M3_Bus2othMs_ex_tn_75ov,F_M3_Bus2othMs_ex_tn_Tot,F_M3_Other_M3_15_24,F_M3_Other_M3_25_34,F_M3_Other_M3_35_44,F_M3_Other_M3_45_54,F_M3_Other_M3_55_64,F_M3_Other_M3_65_74,F_M3_Other_M3_75ov,F_M3_Other_M3_Tot,F_M3_Tot_M3_15_24,F_M3_Tot_M3_25_34,F_M3_Tot_M3_35_44,F_M3_Tot_M3_45_54,F_M3_Tot_M3_55_64,F_M3_Tot_M3_65_74,F_M3_Tot_M3_75ov,F_M3_Tot_M3_Tot,F_Wkd_at_home_15_24,F_Wkd_at_home_25_34,F_Wkd_at_home_35_44,F_Wkd_at_home_45_54,F_Wkd_at_home_55_64,F_Wkd_at_home_65_74,F_Wkd_at_home_75ov,F_Wkd_at_home_Tot,F_Did_not_go_to_work_15_24,F_Did_not_go_to_work_25_34,F_Did_not_go_to_work_35_44,F_Did_not_go_to_work_45_54,F_Did_not_go_to_work_55_64,F_Did_not_go_to_work_65_74,F_Did_not_go_to_work_75ov,F_Did_not_go_to_work_Tot,F_MT_NS_15_24,F_MT_NS_25_34,F_MT_NS_35_44,F_MT_NS_45_54,F_MT_NS_55_64,F_MT_NS_65_74,F_MT_NS_75ov,F_MT_NS_Tot,F_Tot_15_24,F_Tot_25_34,F_Tot_35_44,F_Tot_45_54,F_Tot_55_64,F_Tot_65_74,F_Tot_75ov,F_Tot_Tot,P_M1_Train_15_24,P_M1_Train_25_34,P_M1_Train_35_44,P_M1_Train_45_54,P_M1_Train_55_64,P_M1_Train_65_74,P_M1_Train_75ov,P_M1_Train_Tot,P_M1_Bus_15_24,P_M1_Bus_25_34,P_M1_Bus_35_44,P_M1_Bus_45_54,P_M1_Bus_55_64,P_M1_Bus_65_74,P_M1_Bus_75ov,P_M1_Bus_Tot,P_M1_Ferry_15_24,P_M1_Ferry_25_34,P_M1_Ferry_35_44,P_M1_Ferry_45_54,P_M1_Ferry_55_64,P_M1_Ferry_65_74,P_M1_Ferry_75ov,P_M1_Ferry_Tot
101,0,0,0,0,0,0,0,0,0,0,0,0,0,0,0,0,21,10,4,3,3,0,0,47,19,3,0,0,0,0,0,24,0,0,0,0,0,0,0,0,53,28,19,10,12,6,0,126,0,0,0,0,0,0,0,0,0,0,0,0,0,0,0,0,0,3,3,0,3,0,0,11,11,3,0,5,5,0,0,21,3,0,0,0,0,0,0,4,16,10,8,7,10,0,0,40,28,28,22,25,23,3,0,130,94,64,44,47,39,5,0,292,12,4,3,0,3,0,0,26,0,0,0,0,0,0,0,3,5,0,0,3,4,0,0,8,10,5,5,3,9,0,0,38,60,276,570,700,727,457,109,2905,827,816,725,819,932,263,23,4395,77,64,75,66,69,30,15,399,4945,5591,6566,8347,6633,1664,227,33963,59,77,41,32,33,6,0,246,119,95,55,53,49,11,0,378,0,7,3,3,0,0,0,18
102,0,0,0,0,0,0,0,0,0,0,0,0,0,0,0,0,21,30,21,32,19,7,0,119,11,9,3,12,4,3,0,38,0,0,0,7,0,0,0,5,70,77,44,75,37,13,0,321,0,0,0,0,0,0,0,0,0,0,0,0,0,0,0,0,3,3,4,5,0,0,0,18,53,20,3,3,4,0,0,84,0,0,0,0,0,0,0,4,57,22,11,11,5,3,0,106,41,28,41,39,44,3,0,197,165,128,91,133,86,23,0,630,26,16,9,12,10,3,0,71,6,8,0,0,3,0,0,13,0,0,0,0,0,0,0,5,28,20,9,18,14,0,0,90,94,528,1142,1036,784,295,31,3912,1864,1617,1454,1348,1326,313,27,7945,117,82,95,121,94,37,26,576,9418,9917,11825,13503,9790,1773,142,56377,167,172,148,124,116,25,4,749,486,199,165,195,169,24,0,1241,3,9,3,3,0,0,0,16
103,0,0,0,0,0,0,0,0,0,0,0,0,0,0,0,0,0,0,0,4,0,0,0,8,3,0,0,0,0,0,0,3,0,0,0,0,0,0,0,0,7,4,0,9,0,0,0,12,0,0,0,0,0,0,0,0,0,0,0,0,0,0,0,0,0,0,3,3,3,0,0,12,4,3,3,0,0,0,0,9,0,0,0,0,0,0,0,3,9,5,5,4,3,0,0,20,27,34,29,29,18,5,3,148,38,35,35,39,21,5,3,186,3,0,3,3,0,0,0,9,0,0,0,0,0,0,0,3,0,4,0,7,3,0,0,14,3,3,7,11,3,0,0,28,61,343,620,643,703,498,154,3022,1060,1182,871,885,881,248,37,5157,110,69,77,89,70,52,38,504,5904,7347,8256,9365,7065,1840,367,40134,12,17,13,7,5,3,0,59,57,60,66,58,55,6,0,311,4,3,3,3,0,0,0,20
104,0,0,0,0,0,0,0,0,0,0,0,0,0,0,0,0,0,0,0,0,0,0,0,5,0,0,0,0,0,0,0,0,0,0,0,0,0,0,0,0,0,0,0,0,0,0,0,4,0,0,0,0,0,0,0,0,0,0,0,0,0,0,0,0,0,0,0,3,0,0,0,4,7,3,0,4,3,0,0,20,0,0,0,0,0,0,0,0,7,3,0,9,3,0,0,20,14,16,16,35,19,0,0,104,30,21,16,42,21,3,0,128,0,0,0,0,0,0,0,0,0,0,0,0,0,0,0,0,0,0,0,0,0,0,0,0,0,0,3,0,0,0,0,3,33,176,376,432,449,183,47,1690,610,590,543,629,723,145,13,3266,56,38,42,60,33,25,17,278,3430,3917,5079,6393,5202,927,121,25066,0,0,4,4,3,0,0,11,61,26,29,20,26,11,0,168,0,0,6,3,0,0,0,10
105,0,0,0,0,0,0,0,0,0,0,0,0,0,0,0,0,4,3,0,0,0,0,0,3,0,0,0,0,0,0,0,3,0,0,0,0,0,0,0,0,4,8,7,4,3,0,0,17,0,0,0,0,0,0,0,0,0,0,0,0,0,0,0,0,0,0,0,3,0,0,0,3,3,0,0,0,0,0,0,4,0,0,0,0,0,0,0,0,3,3,0,3,0,0,0,8,13,20,6,13,17,8,0,79,20,31,10,24,21,8,0,109,0,0,4,0,3,0,0,9,0,0,0,0,0,0,0,3,0,0,0,0,0,4,0,5,0,3,4,3,3,4,0,14,41,198,250,341,400,217,85,1529,473,680,422,398,398,108,18,2503,42,36,43,51,46,22,20,270,3000,4537,4213,4944,3953,964,211,21825,9,19,8,3,6,0,0,45,45,34,51,51,36,11,0,229,6,3,5,3,0,0,0,12
106,0,0,0,0,0,0,0,0,0,0,0,0,0,0,0,0,3,4,3,4,0,0,0,14,4,0,3,3,0,0,0,7,0,0,0,0,0,0,0,0,16,11,10,8,3,0,0,49,0,0,0,0,0,0,0,0,0,0,0,0,0,0,0,0,0,0,3,5,0,0,0,8,17,5,3,0,0,3,0,24,3,0,0,0,0,0,0,8,20,9,3,5,3,3,0,35,36,42,33,40,24,6,0,187,67,66,48,49,29,8,0,271,6,3,0,4,0,0,0,13,3,0,0,0,0,0,0,10,0,3,3,0,0,0,0,7,9,6,7,3,0,0,0,25,59,427,677,735,603,334,84,2915,1463,1549,1254,1078,938,224,26,6522,87,83,79,100,68,32,29,478,7703,9167,9879,10377,6876,1414,204,45625,35,47,37,30,21,3,0,170,156,79,39,60,54,9,0,388,4,4,3,4,0,0,0,12
107,0,0,0,0,0,0,0,0,0,0,0,0,0,0,0,0,13,15,14,13,6,5,0,67,16,16,9,7,6,0,0,48,0,4,3,3,0,0,0,10,65,77,47,48,34,6,0,285,0,0,0,0,0,0,0,0,0,0,0,0,0,0,0,0,15,4,6,5,7,3,0,41,34,17,5,8,4,0,0,65,3,7,6,3,0,0,0,17,55,28,16,16,15,3,0,123,41,33,32,43,28,0,0,181,164,142,96,106,80,9,0,594,16,13,8,5,0,0,0,50,0,0,0,3,3,0,0,11,0,0,0,0,0,0,0,3,21,17,12,13,3,0,0,70,79,417,824,664,446,185,30,2657,1715,1573,1393,1142,1033,240,19,7118,92,60,65,82,69,27,23,419,9157,10037,11443,11993,7988,1309,122,52051,288,303,187,167,139,21,0,1102,591,423,238,243,169,37,3,1691,3,6,0,0,0,0,0,11
108,0,0,0,0,0,0,0,0,0,0,0,0,0,0,0,0,0,0,0,0,0,0,0,7,0,0,0,0,0,0,0,0,0,0,0,0,0,0,0,3,5,0,5,12,0,0,0,20,0,0,0,0,0,0,0,0,0,0,0,0,0,0,0,0,0,0,0,3,0,0,0,4,9,0,3,0,0,0,0,12,0,0,0,0,0,0,0,0,13,0,7,3,0,0,0,19,25,26,23,31,25,5,0,129,33,29,34,40,24,5,0,173,0,4,0,0,0,0,0,7,0,0,0,0,0,0,0,3,3,0,0,0,0,0,0,3,3,6,0,3,0,0,0,15,49,244,488,594,588,365,75,2398,966,817,803,943,1006,241,25,4802,95,41,77,112,90,36,36,493,4657,5204,6958,9106,7529,1598,205,35260,8,17,4,7,4,0,0,46,84,41,28,48,19,9,0,229,0,0,4,3,3,0,0,9
109,0,0,0,0,0,0,0,0,0,0,0,0,0,0,0,0,0,3,0,0,5,0,0,10,0,0,0,0,0,0,0,0,0,0,0,0,0,0,0,0,4,3,0,0,5,0,0,11,0,0,0,0,0,0,0,0,0,0,0,0,0,0,0,0,3,0,0,0,0,0,0,5,10,0,0,0,0,0,0,11,0,0,0,0,0,0,0,0,7,0,3,0,0,0,0,14,21,15,17,18,13,0,0,92,33,21,18,18,19,4,0,120,0,0,0,3,0,0,0,5,0,0,0,0,0,0,0,0,0,0,0,0,0,0,0,8,0,0,0,6,0,0,0,12,37,184,330,391,419,202,63,1632,710,685,534,538,553,162,20,3213,68,34,53,54,52,28,13,296,3701,4362,4739,5676,4625,1027,170,24303,6,11,4,5,3,0,0,29,50,39,44,38,23,4,0,202,3,0,0,3,0,0,0,5
110,0,0,0,0,0,0,0,0,0,0,0,0,0,0,0,0,0,3,0,0,3,0,0,5,0,0,0,0,0,0,0,0,0,0,0,0,0,0,0,0,0,4,0,0,3,0,0,6,0,0,0,0,0,0,0,0,0,0,0,0,0,0,0,0,3,0,0,0,0,0,0,6,3,0,0,3,3,0,0,16,0,0,0,0,3,0,0,5,10,0,3,8,3,0,0,25,27,35,19,25,12,10,0,135,36,40,26,29,19,10,0,165,0,0,0,0,0,0,0,4,0,0,0,0,0,0,0,0,3,0,0,0,0,0,0,4,3,0,0,3,0,0,0,13,86,317,558,689,810,571,158,3195,918,928,693,705,747,204,29,4224,90,63,81,93,94,53,28,500,5103,6521,7069,8219,6620,1793,338,35662,12,14,15,3,10,0,0,50,91,62,59,63,46,19,0,341,3,4,0,0,4,0,0,14
111,0,0,0,0,0,0,0,0,0,0,0,0,0,0,0,0,11,6,24,21,13,3,3,83,0,8,6,3,0,0,0,21,0,0,3,0,4,0,0,9,41,52,64,56,43,5,3,276,0,0,3,3,4,0,0,15,0,0,0,0,0,0,0,0,5,29,29,33,10,4,0,111,49,22,9,16,10,5,0,108,3,6,4,9,0,0,0,22,67,53,41,62,23,7,3,256,69,90,64,99,54,6,0,382,178,189,174,216,130,23,6,908,8,33,22,29,18,3,0,112,4,14,3,5,6,0,0,33,3,4,4,0,0,0,0,8,17,47,25,36,27,3,0,157,117,562,1028,914,667,232,45,3562,2555,2728,2192,1848,1661,358,33,11370,128,99,100,129,87,41,25,614,13500,17179,17329,18348,12289,1998,199,80843,109,161,125,131,82,14,3,626,679,548,392,403,288,44,8,2354,8,20,20,26,10,3,0,89
112,0,0,0,0,0,0,0,0,0,0,0,0,0,0,0,0,3,0,4,0,0,0,0,9,0,0,0,0,0,0,0,0,0,0,0,3,0,0,0,3,9,9,10,7,5,3,0,37,0,0,0,0,0,0,0,0,0,0,0,0,0,0,0,0,3,0,4,0,3,0,0,11,21,8,3,0,4,0,0,42,0,0,3,0,3,0,0,7,30,10,8,3,10,0,0,55,35,35,26,50,35,6,3,182,63,54,43,62,47,7,3,276,3,3,0,4,0,0,0,12,0,0,0,3,0,0,0,0,0,0,0,3,0,0,0,10,3,3,0,8,3,0,0,24,56,437,996,1010,952,400,110,3970,1067,976,998,1036,1155,271,27,5539,82,66,110,117,88,52,40,547,5661,6783,9111,11010,9000,1824,258,43642,22,34,22,17,10,0,0,101,150,76,75,71,54,20,3,457,3,6,3,0,0,0,0,12
113,0,0,0,0,0,0,0,0,0,0,0,0,0,0,0,0,0,0,0,0,0,0,0,4,0,0,0,0,0,0,0,0,0,0,0,0,0,0,0,0,3,4,7,0,0,0,0,18,0,0,0,0,0,0,0,0,0,0,0,0,0,0,0,0,0,7,0,3,0,0,0,7,0,3,0,0,0,0,0,4,0,0,0,0,0,0,0,0,4,4,0,4,0,0,0,15,16,24,27,14,14,0,0,102,25,42,35,16,16,3,0,128,0,0,0,0,0,0,0,3,0,0,0,0,0,0,0,3,3,0,0,0,0,0,0,4,3,3,0,0,0,0,0,5,49,223,392,448,473,318,105,2005,826,923,694,587,563,175,23,3796,97,62,40,72,70,50,27,422,5307,6408,6409,7189,5480,1292,247,32330,15,20,4,10,7,3,3,57,59,38,29,40,27,10,0,207,0,4,4,3,4,0,0,10
114,0,0,0,0,0,0,0,0,0,0,0,0,0,0,0,0,4,0,0,7,4,0,0,16,3,0,0,0,0,0,0,5,0,0,0,0,0,0,0,0,10,5,5,9,6,0,0,34,0,0,0,0,0,0,0,0,0,0,0,0,0,0,0,0,0,0,0,0,0,0,0,7,9,0,0,4,0,0,0,20,0,0,0,0,0,0,0,6,12,3,0,7,3,0,0,29,13,20,21,23,14,0,0,86,42,28,23,41,23,0,0,155,4,0,3,6,0,0,0,12,0,0,0,0,0,0,0,3,0,0,0,3,4,0,0,4,4,0,4,4,3,0,0,18,29,226,492,573,532,295,59,2203,811,689,618,680,680,216,24,3717,64,37,43,65,62,25,18,311,4108,4385,5164,6528,5137,1229,153,26698,52,38,25,22,15,5,0,158,85,36,24,25,21,3,3,198,0,6,3,0,4,0,0,9
115,0,0,0,0,0,0,0,0,0,0,0,0,0,0,0,3,5,15,10,4,8,0,0,38,6,8,3,0,3,0,0,20,0,0,0,0,0,0,0,3,85,134,65,45,40,5,0,379,0,0,0,0,0,0,0,0,0,0,0,0,0,0,0,0,11,12,16,12,3,0,0,49,63,23,11,3,5,0,0,109,0,0,0,0,0,0,0,0,77,31,24,18,8,0,0,161,28,41,45,45,32,4,0,186,191,204,137,108,78,8,0,725,16,30,12,11,6,3,0,71,8,4,0,3,0,0,0,12,0,0,0,4,0,0,0,6,18,37,13,11,6,3,0,88,115,439,1165,1135,781,374,62,4077,1398,903,887,661,622,222,17,4703,76,76,57,78,53,28,3,368,7555,8154,9621,9710,6176,1511,149,42879,194,280,143,127,73,17,0,838,644,644,305,203,152,33,5,1985,0,0,3,3,0,0,0,8
116,0,0,0,0,0,0,0,0,0,0,0,0,0,0,0,0,18,18,19,20,14,8,0,98,20,28,13,9,11,0,0,83,0,3,5,3,3,0,0,13,201,202,115,118,80,15,0,732,0,0,0,0,0,0,0,0,0,0,0,0,0,0,0,0,13,6,0,5,0,0,0,27,53,24,8,16,4,0,0,105,5,0,0,0,0,0,0,7,72,24,14,21,8,3,0,143,45,47,35,36,20,3,0,186,314,267,163,176,119,19,3,1062,39,33,17,19,17,5,0,133,0,4,3,0,0,0,0,10,3,0,0,0,0,0,0,4,46,33,21,21,18,5,0,146,59,509,715,520,312,86,8,2208,1184,1147,901,679,562,148,10,4625,84,104,77,87,60,28,15,449,7548,10124,10633,10309,6649,1099,84,46446,492,725,393,333,212,52,3,2207,648,411,257,242,179,34,4,1775,0,0,3,0,0,0,0,3
117,43,246,114,81,55,12,3,554,110,229,116,54,49,4,0,557,1099,2426,2437,1917,945,123,3,8958,592,1245,717,563,396,54,3,3572,51,226,150,105,59,9,0,598,3976,9519,6244,4552,2694,461,34,27477,31,137,133,90,51,17,0,464,31,82,54,21,17,3,0,212,161,295,443,333,122,18,3,1376,126,168,148,112,63,6,0,626,44,133,94,69,23,3,0,370,400,812,871,624,280,51,5,3052,86,299,347,275,110,27,0,1146,4464,10628,7471,5451,3083,534,39,31675,575,1037,621,490,322,55,4,3100,31,72,59,33,22,0,0,221,5,12,19,14,4,0,0,66,604,1118,701,543,356,57,3,3384,184,1523,2359,1579,790,292,42,6761,3758,7605,6512,2894,2099,699,76,23645,394,589,413,326,212,119,55,2105,33213,91075,65301,45407,24351,5095,494,264939,19429,60394,38240,22965,12085,2121,190,155416,8677,25386,19676,12243,6249,1359,119,73719,303,2150,2178,1364,623,167,17,6802
118,0,4,5,0,3,0,0,10,4,3,5,0,0,0,0,8,67,70,43,37,38,7,0,262,36,32,10,16,13,3,0,107,5,15,3,4,0,0,0,26,588,990,453,335,244,69,8,2683,5,9,6,3,3,0,0,27,3,0,0,3,0,0,0,7,15,17,23,17,18,3,0,78,42,28,19,6,10,8,0,111,3,18,10,8,5,3,0,54,63,70,59,27,36,11,0,272,33,52,35,38,19,0,0,169,683,1117,541,405,298,83,6,3127,89,161,79,78,49,11,0,472,11,13,6,4,0,0,0,35,0,3,3,0,0,0,0,5,105,174,82,82,48,11,0,513,122,581,1198,1054,691,384,100,4133,1245,1328,1023,630,602,286,31,5151,94,105,70,60,59,25,25,439,7338,12910,10204,9239,6442,2131,303,48572,1337,2467,1073,719,437,95,11,6139,1641,2407,1139,777,634,213,16,6832,3,14,16,3,3,0,3,45
119,0,0,3,0,0,0,0,3,3,5,0,3,0,0,0,12,34,75,64,49,42,4,0,257,49,55,19,36,20,6,0,188,0,10,6,6,4,3,0,34,348,552,296,278,221,50,3,1745,0,0,0,0,0,0,0,0,0,0,0,0,0,0,0,0,12,13,10,7,3,3,0,51,45,27,8,24,22,0,0,123,4,5,3,0,3,3,0,18,58,45,20,34,33,5,0,198,53,56,60,54,45,5,0,279,462,659,383,358,296,59,3,2224,62,90,59,50,35,5,0,299,0,3,3,0,0,0,0,11,3,8,4,0,0,0,0,13,60,101,63,52,40,5,0,320,145,721,1261,1027,677,192,46,4070,1657,1671,1408,1112,1058,373,47,7328,126,140,105,132,88,36,21,648,10225,15348,15329,16191,10955,2291,249,70580,1406,2339,1280,970,688,123,16,6835,684,680,375,460,372,100,4,2683,0,5,0,4,0,0,0,11
120,5,5,3,3,3,0,0,18,8,16,3,6,3,0,0,36,55,127,115,122,62,6,0,491,41,85,37,50,61,6,0,287,8,10,11,11,11,0,0,39,498,886,479,438,321,56,5,2674,0,0,3,3,0,0,0,11,3,4,0,3,0,0,0,12,20,13,8,8,4,3,0,61,44,24,6,14,13,3,0,101,3,5,10,0,3,0,0,25,69,48,31,26,23,7,0,204,36,55,50,36,36,3,0,213,599,989,557,501,375,63,5,3097,76,130,58,67,47,8,0,388,5,3,0,4,3,0,0,19,0,3,0,0,0,0,0,8,83,140,62,68,51,8,0,418,77,442,1006,988,598,261,55,3425,1182,1308,1187,783,757,248,22,5490,92,108,72,73,57,25,10,437,7482,12916,11553,11378,7666,1816,201,53017,1480,3229,1888,1434,908,158,4,9104,913,1160,500,454,359,95,18,3492,6,11,12,12,6,3,0,53
121,5,16,12,4,3,0,0,45,12,18,5,4,6,0,0,55,273,481,426,392,209,38,4,1826,182,269,180,135,77,12,0,850,18,48,22,20,9,0,0,117,1264,2586,1522,1107,662,126,8,7267,0,23,18,15,6,3,0,62,0,3,0,0,0,0,0,3,38,62,69,65,36,10,0,282,48,36,29,26,20,3,0,156,0,23,6,11,5,3,0,59,89,142,124,121,61,23,0,562,50,75,95,102,33,6,5,356,1400,2804,1740,1325,754,149,8,8186,183,253,178,121,78,14,0,831,3,15,13,8,3,0,0,45,0,3,3,4,3,0,0,17,187,268,203,137,86,16,0,894,177,809,1977,2028,1311,730,160,7195,2394,2656,2264,1447,1348,577,78,10762,149,178,148,117,100,52,25,770,13988,26429,23082,21437,13708,3927,515,103077,4450,12531,8072,4599,2515,487,50,32702,1798,3805,2920,1830,1021,294,26,11698,22,87,88,55,43,12,0,301
122,8,26,12,3,0,0,0,57,0,0,0,0,0,0,0,0,7,4,8,5,4,0,0,26,0,3,0,0,3,0,0,6,0,3,0,0,0,0,0,4,105,240,85,48,32,3,0,519,12,11,3,4,0,0,0,29,0,0,0,0,0,0,0,0,22,7,14,12,6,3,0,67,65,28,9,12,16,0,0,131,4,6,0,5,5,0,0,22,95,50,30,35,29,3,0,245,28,51,48,60,33,8,0,231,235,337,166,147,101,15,4,999,25,56,21,13,15,0,0,133,12,5,3,5,0,0,0,28,0,0,0,0,0,0,0,5,40,64,31,15,17,3,0,166,90,488,1510,1454,792,404,72,4821,1205,916,921,764,746,297,42,4884,73,68,60,85,59,24,22,379,6698,8350,9466,10531,6976,2024,259,44292,92,166,72,35,25,7,0,399,1313,1306,674,591,399,119,7,4406,18,43,31,17,6,8,0,123
123,0,0,0,0,0,0,0,0,0,0,0,0,0,0,0,0,18,13,10,10,8,0,0,59,14,6,3,9,3,0,0,39,0,3,0,0,0,0,0,3,95,72,49,57,23,3,0,301,0,0,0,0,0,0,0,0,0,0,0,0,0,0,0,0,10,0,0,3,0,0,0,14,48,3,11,11,0,0,0,74,3,0,0,0,0,0,0,5,55,4,13,15,4,3,0,93,42,29,23,38,14,0,0,151,194,101,90,110,44,7,0,549,24,11,9,9,7,0,0,59,3,0,3,3,0,0,0,7,0,0,0,3,0,0,0,3,22,14,10,13,7,0,0,75,67,426,682,585,387,98,14,2270,1202,1012,735,674,615,142,10,4397,89,57,78,57,38,18,13,348,7048,7573,8312,8429,5610,957,82,38013,299,326,212,166,126,19,6,1154,353,134,97,108,75,10,0,780,0,0,0,0,0,0,0,4
124,0,0,0,0,0,0,0,0,0,0,0,0,0,0,0,0,15,21,19,19,19,0,0,103,22,17,7,14,11,0,0,70,3,8,4,5,0,0,0,18,110,135,78,93,65,8,3,494,0,0,0,0,0,0,0,3,0,0,0,0,0,0,0,0,0,4,9,8,0,0,0,28,35,10,6,13,0,0,0,59,3,0,0,3,0,0,0,12,37,17,17,20,3,3,0,100,55,32,38,41,29,3,0,200,201,179,128,154,96,19,0,789,29,23,13,21,17,0,0,102,0,0,0,0,0,0,0,3,0,0,0,0,0,0,0,3,30,25,13,18,17,0,0,107,89,526,945,831,628,269,39,3326,1650,1486,1194,1039,1018,277,19,6679,99,79,61,87,55,33,14,423,9058,9977,11061,11844,8577,1700,142,52364,516,544,335,309,237,42,7,1994,357,165,126,147,82,32,0,915,0,3,0,0,0,0,0,10
125,0,8,3,3,3,0,0,13,0,4,3,7,0,0,0,12,167,326,340,337,182,26,0,1378,122,160,110,111,107,10,0,620,12,28,21,19,8,0,0,82,841,1317,932,923,629,108,0,4756,0,0,0,3,0,0,0,6,0,0,0,0,0,0,0,3,41,64,88,83,33,10,0,310,68,49,35,40,38,3,0,232,3,14,8,7,3,0,0,34,115,124,132,129,74,8,0,588,65,98,98,96,40,9,0,398,1023,1539,1155,1151,748,133,4,5745,145,181,131,116,73,25,0,664,8,3,9,5,4,0,0,31,0,0,4,0,0,0,0,4,155,177,138,125,80,27,0,699,118,805,1185,829,509,159,26,3623,1840,2737,2132,1455,1285,377,28,9861,172,215,172,169,137,47,21,944,13141,25001,23460,21847,14051,2713,208,100417,2395,5374,3684,2838,1769,286,13,16362,1413,1931,1485,1286,887,159,17,7170,3,16,14,9,5,3,0,52
126,4,9,3,0,0,0,0,16,0,3,0,0,0,0,0,4,66,75,61,69,32,4,0,309,44,60,26,27,26,6,0,189,6,7,9,7,3,0,0,34,385,635,342,283,159,39,0,1840,0,0,0,0,0,0,0,7,0,0,0,0,0,0,0,0,25,50,54,35,12,0,0,174,63,47,12,19,10,3,0,160,3,3,3,0,10,0,0,16,88,104,67,57,34,3,0,356,33,49,59,53,34,9,4,230,507,789,471,390,226,44,4,2428,66,83,56,56,31,9,0,306,3,4,3,0,4,0,0,21,0,0,5,0,3,0,0,10,69,93,64,58,39,9,0,331,80,384,790,649,459,171,41,2575,1083,1194,1017,613,574,213,34,4724,64,71,60,72,57,28,11,361,6394,11737,11572,10184,6520,1438,153,48003,1347,3070,1932,1190,630,116,12,8297,981,1383,1129,700,426,70,6,4690,3,5,3,5,5,0,0,21
127,0,0,3,0,0,0,0,3,0,0,0,0,0,0,0,7,23,35,37,27,20,3,0,156,21,16,12,17,18,3,0,89,4,8,0,0,0,3,0,14,165,215,123,144,135,23,0,804,0,0,0,0,0,0,0,0,0,0,0,0,0,0,0,0,12,6,6,13,12,3,0,52,48,17,10,14,12,0,0,101,3,0,3,0,0,5,0,10,62,29,25,22,19,4,0,166,69,59,50,47,23,4,0,251,296,302,197,212,178,28,3,1215,43,37,16,29,12,3,0,136,3,0,0,0,3,0,0,15,0,0,0,4,0,0,0,4,46,33,22,37,16,4,0,151,115,590,794,735,485,135,9,2875,1228,1260,983,743,673,175,20,5078,145,119,102,123,100,39,18,641,8611,12027,12327,12184,7796,1406,121,54468,474,796,432,399,274,40,3,2424,521,370,269,309,234,40,3,1750,0,4,3,0,0,0,0,10
128,3,0,0,0,0,0,0,7,0,0,0,0,0,0,0,0,31,17,11,27,19,0,0,108,35,17,12,7,7,0,0,81,3,0,0,3,3,0,0,7,190,169,77,76,64,13,0,589,0,0,0,0,0,0,0,0,0,0,0,0,0,0,0,3,3,0,0,7,7,0,0,15,19,5,3,3,3,0,0,29,0,0,0,3,0,0,0,5,24,8,3,8,9,0,0,58,34,38,25,33,17,4,0,152,249,211,109,120,95,11,0,794,38,37,7,8,4,0,0,90,0,3,0,0,0,0,0,5,0,0,3,0,0,0,0,3,34,38,9,8,9,0,0,94,53,357,860,719,469,221,36,2718,1333,862,789,585,691,222,12,4494,55,50,51,56,27,13,13,269,6685,6615,7286,7756,5656,1266,120,35383,809,876,350,289,238,45,0,2608,257,179,114,68,63,22,3,702,3,0,3,3,0,0,0,11
197,0,0,0,0,0,0,0,0,0,0,0,0,0,0,0,0,0,0,0,0,0,0,0,0,0,0,0,0,0,0,0,0,0,0,0,0,0,0,0,0,0,0,0,0,0,0,0,0,0,0,0,0,0,0,0,0,0,0,0,0,0,0,0,0,0,0,0,0,0,0,0,0,0,0,0,0,0,0,0,0,0,0,0,0,0,0,0,0,0,0,0,0,0,0,0,0,0,0,0,0,0,0,0,3,0,0,0,0,0,0,0,3,0,0,0,0,0,0,0,0,0,0,0,0,0,0,0,0,0,0,0,0,0,0,0,0,0,0,0,0,0,0,0,0,0,0,0,0,0,0,0,0,0,0,0,0,0,0,0,3,0,0,0,0,0,0,0,0,4,0,3,0,0,0,0,9,0,0,0,0,0,0,0,3,0,0,0,0,0,0,0,0,0,0,0,0,0,0,0,0
199,0,3,0,0,0,0,0,5,0,0,0,0,0,0,0,3,23,26,27,34,18,6,0,133,13,12,6,3,3,0,0,37,0,3,4,4,0,0,0,9,151,191,116,96,78,18,3,653,0,0,3,0,3,0,0,5,3,0,0,0,0,0,0,4,5,15,6,8,9,0,0,43,5,3,4,4,3,0,0,22,0,3,7,3,0,0,0,16,17,23,19,24,18,3,0,91,33,36,35,57,25,5,0,194,201,244,167,168,122,23,4,943,35,43,27,20,30,0,0,161,0,4,3,0,0,0,0,10,0,0,0,5,4,0,0,13,35,48,30,24,30,5,0,177,67,258,346,296,205,61,8,1235,761,1014,978,1049,982,344,40,5175,113,133,106,125,108,46,42,673,4088,6386,7133,8637,6274,1424,181,34124,760,1066,628,483,280,61,7,3292,350,420,258,205,174,53,10,1467,13,23,10,12,9,0,0,65
201,0,0,0,0,0,0,0,0,0,0,0,0,0,0,0,0,5,10,9,8,5,0,0,34,3,0,0,0,0,0,0,10,0,3,0,0,0,0,0,6,15,18,14,13,7,0,0,61,0,0,0,0,0,0,0,0,0,0,0,0,0,0,0,0,3,0,0,0,0,0,0,10,29,3,3,0,0,0,0,33,0,0,0,0,0,0,0,3,32,0,5,3,0,0,0,43,23,25,17,28,13,3,0,106,63,40,34,45,21,0,0,209,3,3,4,3,7,0,0,18,4,0,0,0,0,0,0,10,0,0,0,0,0,0,0,0,3,5,4,4,7,0,0,25,31,229,389,475,404,220,31,1765,1018,1060,897,807,742,201,16,4750,74,38,51,65,54,20,13,312,5047,5742,6287,7243,5290,1057,121,30784,25,44,42,27,21,7,0,170,173,72,46,48,38,8,4,391,3,3,3,0,4,0,0,11
202,0,0,0,0,0,0,0,0,3,3,0,0,0,0,0,3,6,3,9,4,12,0,0,24,5,0,0,0,4,0,0,8,0,3,3,0,0,0,0,13,16,17,11,11,14,0,0,65,0,0,0,0,0,0,0,0,0,0,0,0,0,0,0,0,3,3,0,0,0,0,0,10,13,0,0,5,0,0,0,23,0,0,0,0,0,0,0,6,24,4,3,3,0,0,0,33,26,37,18,28,21,6,0,136,61,62,37,42,31,3,0,241,4,5,0,3,7,0,0,20,0,3,0,0,0,0,0,4,0,0,0,0,0,0,0,3,6,4,5,4,7,0,0,28,29,192,420,461,428,219,54,1802,1107,983,843,816,748,197,11,4704,75,39,43,64,53,36,12,320,4995,5683,6087,7282,5444,1094,157,30746,48,59,60,49,43,7,3,264,166,75,62,52,51,12,0,419,0,3,0,0,3,0,0,10
203,0,0,0,0,0,0,0,0,3,9,5,0,4,0,0,23,6,19,28,22,6,0,0,90,6,5,4,0,6,0,0,24,0,3,3,0,0,0,0,7,31,52,46,36,17,3,0,188,0,0,0,0,0,0,0,0,0,0,0,0,0,0,0,3,7,15,15,10,10,0,0,60,46,18,5,3,3,0,0,74,4,3,0,6,3,0,0,16,56,35,17,19,18,3,0,156,51,55,41,47,32,4,0,232,139,146,108,106,69,17,0,578,16,14,6,7,0,0,0,48,0,0,3,0,4,0,0,8,3,0,0,0,3,0,0,5,17,19,4,13,6,3,0,60,67,422,871,773,573,291,43,3040,1965,1776,1695,1292,1254,306,34,8327,105,84,90,115,82,35,16,522,9103,11477,12016,12935,8971,1671,168,56326,103,253,146,114,67,13,0,703,460,262,174,214,154,23,0,1286,4,10,4,3,0,0,0,29
204,0,0,0,0,0,0,0,0,0,3,0,0,0,0,0,4,3,5,0,3,0,0,0,16,0,3,0,0,0,0,0,4,0,0,0,0,0,0,0,0,10,21,8,7,0,3,0,46,0,0,0,0,0,0,0,0,0,0,0,0,0,0,0,3,3,5,5,3,0,0,0,18,12,0,0,0,3,0,0,14,0,0,0,0,0,0,0,3,16,12,7,5,3,0,0,39,22,15,18,33,19,3,3,110,39,41,28,46,28,4,3,194,5,5,3,7,3,0,0,22,3,0,0,0,0,0,0,3,0,0,0,0,0,0,0,3,11,6,3,7,5,0,0,28,48,248,502,536,674,417,113,2549,1004,887,809,842,881,255,22,4704,86,58,50,81,61,40,21,392,4822,5451,6335,7696,6407,1549,249,32499,52,65,41,37,25,7,0,226,177,77,47,43,32,12,0,382,4,3,3,5,0,0,0,15
205,0,0,0,0,0,0,0,0,8,5,3,3,0,0,0,23,7,10,15,11,7,0,0,53,10,0,7,3,0,0,0,20,0,0,0,0,0,0,0,4,47,29,33,23,9,3,0,147,0,0,0,0,0,0,0,0,0,0,0,0,0,0,0,4,3,0,0,0,0,0,0,5,22,0,0,0,0,0,0,25,0,3,0,0,0,0,0,4,22,5,4,3,3,0,0,37,28,32,37,42,30,7,0,177,106,66,68,71,46,13,3,365,5,9,8,7,8,0,0,43,3,0,0,0,0,0,0,3,0,0,0,0,0,0,0,0,6,9,8,12,8,0,0,44,77,405,665,775,870,537,157,3482,1524,1572,1243,1368,1323,322,52,7402,130,53,81,116,136,59,32,606,7240,8784,9478,11437,9194,2103,363,48610,93,169,124,89,73,19,0,564,167,57,42,50,37,9,0,362,5,5,0,6,3,0,0,22
206,0,0,0,0,0,0,0,3,1042,3010,1274,822,492,100,12,6755,1097,2850,2954,2044,980,159,6,10089,435,1133,667,438,286,34,0,2989,69,221,184,108,49,7,0,636,3540,9142,6193,4226,2309,390,27,25821,0,0,0,0,0,0,0,0,180,396,227,152,129,31,4,1118,40,76,52,72,29,3,0,278,52,36,21,24,7,7,0,150,6,31,12,14,3,0,0,71,282,537,312,269,169,44,4,1615,406,965,679,544,265,52,8,2909,4222,10644,7182,5038,2745,480,33,30345,1068,2422,1567,1154,710,109,6,7032,24,67,39,32,21,4,0,184,27,68,36,28,19,4,0,185,1125,2553,1646,1214,744,116,4,7399,308,2188,3466,2604,1474,623,107,10767,6370,11408,9392,4465,3379,1102,118,36229,458,664,452,424,295,135,83,2521,42008,108922,78924,59037,33637,7090,774,330390,14611,45241,34152,21067,10932,1816,140,127960,1419,2840,1963,1596,999,220,30,9070,19,67,33,45,11,3,5,185
207,0,0,0,0,0,0,0,0,90,225,71,45,30,8,0,469,54,90,75,76,49,4,0,344,48,70,14,15,20,3,0,169,9,25,15,4,3,0,0,54,343,641,280,211,162,24,5,1650,0,0,0,0,0,0,0,0,46,47,25,17,16,3,0,153,11,13,13,9,6,0,0,48,44,22,4,11,3,0,0,83,0,7,8,0,0,0,0,18,100,90,49,31,23,5,0,299,93,101,78,76,46,5,0,409,538,831,406,324,234,31,6,2362,108,187,79,43,39,12,0,468,11,4,4,3,3,0,0,26,4,4,6,0,0,0,0,19,123,193,89,47,42,16,0,513,101,516,1337,1439,935,502,95,4931,2249,2144,1872,1421,1272,457,54,9474,111,99,97,111,63,41,21,531,11453,18100,15940,17365,11791,2924,337,77910,965,2004,1038,696,491,111,4,5314,664,593,242,230,153,38,3,1921,3,7,3,4,0,0,0,24
208,0,0,0,0,0,0,0,0,78,121,47,21,20,7,3,302,28,47,43,51,26,3,0,198,43,29,13,15,12,4,0,115,7,28,13,6,3,0,0,61,370,477,211,184,123,40,3,1408,0,0,0,0,0,0,0,0,11,16,8,4,0,3,0,42,9,9,0,9,4,0,0,33,60,28,6,10,3,0,0,104,4,4,0,0,0,0,0,9,87,59,19,21,5,3,0,190,69,68,65,70,40,4,0,312,521,595,292,277,172,50,3,1916,127,177,53,45,37,4,0,446,9,5,3,0,0,0,0,18,0,5,3,3,7,3,0,23,135,189,58,51,44,8,0,485,119,650,1624,1729,1091,493,84,5786,2649,1927,1691,1355,1254,437,47,9363,109,117,90,99,96,50,28,587,12824,16318,15782,17971,11995,3090,310,78285,993,1364,723,531,321,89,18,4033,750,447,203,207,126,32,0,1767,7,9,4,5,3,0,0,23
209,0,0,0,0,0,0,0,0,31,48,23,9,10,0,0,119,37,48,34,41,27,3,0,188,33,21,16,12,5,0,0,82,7,11,13,10,7,0,0,42,226,296,145,111,80,11,0,879,0,0,0,0,0,0,0,0,32,35,20,17,8,4,0,118,10,8,12,5,4,0,0,41,72,15,5,13,9,3,0,111,6,4,0,3,3,0,0,17,115,60,36,36,24,9,0,283,82,70,55,67,39,12,3,323,417,429,241,215,150,29,4,1478,33,79,34,23,16,5,0,192,4,8,6,4,0,0,0,20,6,6,0,0,0,0,0,18,45,92,37,21,21,5,0,231,108,716,1380,1180,864,317,53,4617,2516,2270,2052,1555,1345,348,29,10107,135,132,126,129,108,38,22,688,12547,16635,16293,17263,11604,2163,209,76715,547,937,530,418,268,61,5,2761,708,518,272,227,182,35,3,1944,3,10,9,6,3,0,0,31
210,0,0,0,0,0,0,0,0,8,26,6,9,3,0,0,53,10,25,15,20,8,3,0,84,15,20,5,5,0,0,0,46,3,6,3,6,0,0,0,17,106,175,74,74,35,5,0,478,0,0,0,0,0,0,0,0,14,27,9,11,0,0,0,61,29,30,19,37,17,0,0,122,41,16,10,5,6,0,0,80,3,3,4,0,0,0,0,8,83,69,36,50,22,0,0,276,53,64,39,57,23,5,0,238,245,307,153,188,87,13,0,992,44,57,29,20,15,3,0,166,8,4,3,3,0,0,0,14,3,0,0,4,0,0,0,9,52,57,33,27,14,3,0,189,102,590,944,756,463,151,16,3014,1529,1562,1404,1134,820,195,20,6666,109,137,123,151,87,37,19,665,8695,12672,12930,13523,7853,1260,111,57044,320,564,283,230,146,23,7,1567,362,314,160,157,98,27,0,1119,5,10,6,9,0,0,0,33
211,0,0,0,0,0,0,0,0,17,19,16,13,0,4,0,66,23,37,41,39,16,4,0,163,22,21,10,10,3,0,0,60,4,7,4,6,0,0,0,19,191,204,126,106,46,15,0,697,0,0,0,0,0,0,0,0,6,3,0,3,0,0,0,14,12,3,0,8,5,0,0,29,81,17,18,8,3,0,0,128,7,3,0,3,0,0,0,11,104,28,19,16,13,0,0,186,68,63,53,66,41,13,0,312,362,295,200,190,102,29,4,1196,65,63,21,28,9,0,0,193,8,4,4,3,0,0,0,20,3,4,3,0,0,0,0,8,80,67,28,32,12,0,0,223,101,786,1702,1612,1192,503,72,5972,2918,2191,2035,1836,1663,510,38,11184,155,120,107,133,124,51,26,722,14382,15946,17462,20684,14285,3055,284,86093,445,701,495,339,191,43,3,2221,828,427,243,195,169,31,0,1896,0,5,4,3,0,0,0,22
212,0,0,0,0,0,0,0,0,22,67,17,10,8,4,0,130,44,70,68,75,48,4,0,310,39,43,17,15,15,3,0,135,0,15,8,6,0,0,0,39,306,522,302,212,157,31,0,1527,0,0,0,0,0,0,0,0,9,8,8,0,0,0,0,30,14,12,7,18,14,0,0,68,92,39,21,30,15,0,0,197,5,10,4,0,3,0,0,23,124,70,37,48,31,4,0,319,92,142,112,119,60,11,0,543,529,729,451,387,252,47,0,2395,111,180,86,57,26,5,3,469,6,4,0,3,5,0,0,21,3,3,3,0,0,0,0,15,124,192,91,61,37,3,3,502,190,1198,2165,1788,1116,444,95,6991,3331,3576,3165,2335,1978,541,51,14982,223,212,207,235,166,78,45,1164,18640,30285,30741,31507,19588,3796,349,134914,862,1555,921,662,413,90,11,4513,1113,819,511,474,312,58,3,3289,6,22,6,7,8,0,0,52
213,0,0,0,0,0,0,0,0,42,81,18,11,10,0,0,176,37,58,42,52,35,3,0,218,34,33,16,12,16,3,0,106,10,23,6,9,3,0,0,51,309,401,175,164,114,18,3,1173,0,0,0,0,0,0,0,0,16,18,4,3,0,0,0,38,8,7,4,14,5,0,0,37,100,13,17,13,5,0,0,143,10,10,0,3,4,0,0,28,131,49,28,31,11,0,0,246,107,128,98,95,58,4,0,482,538,571,296,288,189,20,3,1905,111,115,55,41,23,7,0,353,14,4,3,0,0,0,0,21,0,4,4,0,0,0,0,12,120,121,64,46,23,10,0,385,177,1189,1985,1399,772,195,23,5743,2970,2772,2374,1675,1381,309,9,11503,214,210,195,209,129,50,32,1035,16089,23185,22940,21949,12987,2083,178,99403,808,1335,809,604,374,66,3,3998,844,507,287,247,174,36,3,2097,7,11,6,11,0,0,0,29
214,0,0,0,0,0,0,0,0,7,4,4,0,0,0,0,16,6,17,10,11,6,0,0,53,7,4,4,4,3,0,0,23,0,3,0,0,0,0,0,3,49,42,31,15,13,3,0,157,0,0,0,0,0,0,0,0,0,0,0,0,0,0,0,0,9,3,7,8,4,0,0,24,35,10,4,0,4,0,0,54,3,3,0,0,0,0,0,4,46,18,6,7,10,0,0,89,43,32,32,30,23,0,0,156,129,91,68,57,46,5,0,398,9,9,3,8,3,0,0,31,6,0,0,0,0,0,0,5,0,3,4,4,0,0,0,5,12,13,10,5,3,0,0,44,67,499,1009,969,730,343,45,3657,1571,1259,1246,1065,1006,327,29,6512,81,82,63,98,87,45,28,473,7663,8587,9825,11354,7799,1822,191,47248,107,191,129,106,60,14,0,602,358,144,93,80,58,15,3,744,3,8,4,5,0,3,0,24
215,0,0,0,0,0,0,0,0,3,4,0,0,0,0,0,9,7,3,5,5,3,0,0,17,0,0,0,0,3,0,0,3,0,0,0,0,0,0,0,0,13,10,6,3,5,0,0,42,0,0,0,0,0,0,0,0,0,0,0,0,0,0,0,3,3,0,0,0,4,0,0,5,11,0,0,0,0,0,0,13,0,0,0,0,0,0,0,3,13,0,3,3,6,0,0,28,11,20,14,13,9,9,0,82,40,31,24,23,25,5,0,149,6,4,3,0,0,0,0,14,0,0,0,0,0,0,0,3,0,0,3,3,0,0,0,4,6,4,8,4,3,0,0,26,44,225,420,545,566,336,93,2229,820,795,603,684,706,214,35,3866,65,58,37,70,65,31,27,366,4155,5115,5460,6840,5594,1332,226,28725,42,66,31,26,30,8,0,203,100,50,36,37,19,8,3,255,3,4,4,3,0,0,0,14
216,0,0,0,0,0,0,0,0,8,6,0,0,0,0,0,14,11,6,4,4,0,0,0,22,0,0,0,0,0,0,0,5,0,0,0,0,0,0,0,3,17,13,6,7,5,0,0,56,0,0,0,0,0,0,0,0,3,0,0,0,0,0,0,0,0,0,3,3,0,0,0,4,5,0,0,0,0,0,0,12,0,0,0,0,0,0,0,0,11,0,4,3,0,0,0,14,13,23,15,20,7,3,0,86,43,36,32,36,13,3,0,163,3,0,0,0,0,0,0,3,0,0,0,0,0,0,0,0,0,0,0,0,0,0,0,3,3,0,0,0,0,0,0,6,45,207,323,414,391,202,61,1647,813,772,645,658,633,133,16,3668,66,55,66,68,54,36,24,362,3868,4850,5331,6418,4849,1023,172,26507,38,58,63,35,20,3,0,209,51,27,20,20,11,6,0,129,3,3,3,0,0,0,0,9
217,0,0,0,0,0,0,0,0,6,5,3,5,0,0,0,17,4,5,12,6,3,0,0,32,3,6,0,0,3,0,0,15,0,0,0,0,0,0,0,0,17,18,23,14,10,0,0,93,0,0,0,0,0,0,0,0,0,0,0,3,0,0,0,4,0,0,4,0,0,0,0,5,3,0,0,0,0,0,0,5,0,0,0,0,0,0,0,0,4,3,3,3,0,0,0,15,16,11,16,21,10,4,0,89,40,33,43,41,25,7,0,195,10,3,9,0,0,0,0,23,0,3,0,0,0,0,0,4,0,0,0,0,0,0,0,0,16,4,9,4,0,0,0,30,38,210,408,465,549,305,91,2071,763,722,576,581,599,176,20,3437,76,32,42,61,37,29,11,285,3517,4229,4591,5775,4376,1091,170,23762,91,202,144,116,58,15,0,626,97,33,29,27,24,12,0,220,0,0,0,0,0,0,0,5
297,0,0,0,0,0,0,0,0,0,0,0,0,0,0,0,0,0,0,0,0,0,0,0,0,0,0,0,0,0,0,0,0,0,0,0,0,0,0,0,0,0,0,0,0,0,0,0,0,0,0,0,0,0,0,0,0,0,0,0,0,0,0,0,0,0,0,0,0,0,0,0,0,0,0,0,0,0,0,0,0,0,0,0,0,0,0,0,0,0,0,0,0,0,0,0,0,0,0,0,0,0,0,0,0,0,0,0,0,0,0,0,0,0,0,0,0,0,0,0,0,0,0,0,0,0,0,0,0,0,0,0,0,0,0,0,0,0,0,0,0,0,0,0,0,0,0,0,0,0,0,0,0,0,0,0,0,0,0,0,4,0,0,0,0,0,0,0,0,0,3,0,3,0,0,0,12,0,0,0,0,0,0,0,0,0,0,0,0,0,0,0,0,0,0,0,0,0,0,0,0
299,0,0,0,0,0,0,0,0,35,40,13,5,4,0,0,106,17,21,26,18,14,0,0,101,9,7,4,7,4,0,0,32,4,6,5,3,0,0,0,20,108,124,61,52,42,7,0,390,0,0,0,0,0,0,0,0,8,5,5,3,0,0,0,23,9,5,0,9,0,0,0,19,3,0,0,3,0,0,0,11,0,0,0,0,0,0,0,3,19,13,7,12,4,0,0,58,24,40,53,42,30,3,0,187,153,175,119,101,77,7,0,635,47,64,30,28,15,8,0,197,4,3,0,3,0,0,0,13,0,0,6,4,3,0,0,15,52,74,41,36,18,10,0,222,49,217,286,222,144,49,13,976,662,950,902,923,781,256,36,4517,91,84,102,102,64,47,17,504,3330,5522,5955,7211,5066,1268,150,28505,369,558,364,240,154,31,3,1731,120,122,71,65,54,17,3,463,3,16,19,4,8,3,4,58
301,0,0,0,0,0,0,0,3,0,0,0,0,0,0,0,0,9,0,7,8,3,3,0,38,10,4,3,0,0,0,0,21,5,0,0,0,0,0,0,4,50,25,22,17,14,3,0,131,4,3,0,3,4,0,0,20,0,0,0,0,0,0,0,0,13,3,3,4,0,0,0,25,36,6,3,0,0,0,0,50,3,3,0,0,0,0,0,5,54,15,11,11,4,3,0,99,47,49,51,71,66,21,3,299,151,93,80,98,86,23,3,530,15,4,3,3,5,0,0,38,12,3,0,5,4,0,0,32,0,7,3,4,7,0,0,23,33,15,7,15,11,3,0,88,74,394,884,865,642,208,26,3097,1181,857,784,717,685,164,14,4402,47,50,46,67,40,15,12,281,6439,7043,8185,9071,5976,1129,92,37933,161,127,66,56,47,9,0,473,274,170,83,80,53,11,0,679,3,5,9,14,14,6,0,54
302,0,0,0,0,3,0,0,3,0,0,0,0,0,0,0,0,22,13,23,20,14,0,0,93,13,13,6,8,11,0,0,49,0,0,3,0,0,0,0,13,118,122,67,63,47,7,0,426,0,0,0,0,0,0,0,0,0,0,0,0,0,0,0,0,24,29,9,12,11,0,0,82,56,20,6,10,4,0,0,91,0,3,0,4,5,0,0,9,80,49,17,30,15,3,0,191,57,55,51,46,35,6,0,254,252,223,136,138,103,18,0,869,27,26,11,18,3,0,0,88,0,5,5,0,4,0,0,20,3,0,4,3,0,0,0,10,33,30,12,23,8,3,0,119,63,388,748,606,434,159,29,2434,1589,1605,1338,1219,968,212,22,6959,78,70,77,76,56,27,15,408,9064,11494,11649,12000,7649,1403,120,53381,330,336,215,210,148,23,0,1270,685,550,274,272,175,30,4,1990,9,6,9,11,4,0,0,35
303,0,0,0,0,0,0,0,0,0,0,0,0,0,0,0,0,27,33,34,32,27,3,0,155,12,14,9,11,5,4,0,62,6,4,3,0,0,0,0,10,120,151,114,93,79,15,0,576,3,7,0,3,0,0,0,12,0,0,0,0,0,0,0,0,40,47,41,34,22,3,0,177,101,56,36,25,22,3,0,241,15,4,6,0,4,0,0,27,158,110,80,59,52,10,0,466,78,100,74,65,47,7,0,371,361,364,267,217,178,30,0,1406,37,41,30,37,23,0,0,166,17,13,7,6,3,0,0,51,4,5,3,3,0,0,0,14,59,55,43,46,31,0,0,232,128,694,1170,1042,685,249,39,3999,1908,2187,1738,1408,1166,311,29,8748,94,102,83,106,80,27,19,511,11546,17269,16430,16100,10264,1980,159,73754,279,423,303,266,170,28,0,1480,1506,1300,604,531,362,68,3,4370,7,12,0,10,10,0,0,33
304,0,0,0,0,0,0,0,0,0,0,0,0,0,0,0,0,20,25,5,6,7,0,0,67,20,8,3,7,3,0,0,37,0,3,0,0,0,0,0,10,120,130,75,61,39,8,0,426,4,7,8,3,4,0,0,28,0,0,0,0,0,0,0,0,23,38,26,30,13,0,0,128,46,26,15,7,10,9,0,117,5,3,3,0,0,0,0,17,80,80,52,40,26,12,0,288,45,58,35,42,26,0,0,203,246,267,162,138,84,22,0,920,33,41,25,35,14,3,0,157,11,3,3,3,0,0,0,20,0,3,0,4,3,0,0,6,47,50,33,43,19,3,0,189,75,271,763,748,528,245,37,2680,1430,878,699,557,449,198,18,4229,45,21,35,34,27,10,12,181,6935,6456,6316,6613,4281,1100,105,31805,307,268,122,118,81,9,0,905,873,723,366,271,168,44,3,2453,16,39,25,17,8,6,0,116
305,11,7,0,4,6,0,0,29,0,0,0,0,0,0,0,0,581,1356,1482,1175,582,76,3,5254,182,319,244,223,107,13,0,1090,23,48,30,25,12,0,0,141,1225,2325,2147,1759,942,128,3,8522,38,62,60,46,29,0,0,236,0,0,0,3,0,0,0,5,237,430,525,361,196,26,0,1777,193,226,147,138,89,17,0,807,37,81,53,26,15,0,0,216,505,801,783,578,335,40,3,3036,125,253,229,170,100,11,0,885,1849,3379,3158,2503,1373,179,10,12448,187,302,225,208,121,20,0,1059,41,62,47,34,17,3,0,210,3,18,12,8,9,0,0,43,235,381,279,248,146,24,0,1312,177,896,1668,1393,823,276,57,5293,3432,5918,4500,2698,2008,538,47,19150,173,217,160,142,99,46,39,876,23718,44736,37507,31016,17387,3252,283,157905,4908,10400,8911,6713,3644,494,23,35094,6629,11741,8086,6030,3545,580,44,36650,263,765,459,321,200,39,3,2045
306,0,0,0,0,0,0,0,0,0,0,0,0,0,0,0,0,0,3,3,0,0,0,0,11,3,0,0,0,0,0,0,3,0,0,0,0,0,0,0,0,4,0,3,0,0,0,0,11,0,0,0,0,0,0,0,3,0,0,0,0,0,0,0,0,4,3,3,9,7,0,0,27,42,16,13,16,3,3,0,85,8,3,4,0,5,0,0,26,57,24,17,24,12,3,0,135,44,63,41,65,26,7,0,251,102,85,64,83,40,12,0,399,0,0,0,0,0,0,0,0,3,5,4,4,0,0,0,18,0,4,0,8,3,0,0,14,5,6,4,8,5,0,0,30,58,352,703,749,648,350,74,2935,1042,1181,1064,1048,928,259,24,5554,101,87,103,100,71,33,21,511,7179,9837,11349,12084,8509,1891,223,51076,0,11,3,0,0,0,0,19,525,380,213,196,146,24,3,1491,7,18,18,7,4,0,0,58
307,0,0,0,0,0,0,0,0,0,0,0,0,0,0,0,0,0,0,0,3,0,0,0,0,0,0,0,0,0,0,0,0,0,0,0,0,0,0,0,0,0,4,0,3,0,0,0,3,0,0,0,0,0,0,0,0,0,0,0,0,0,0,0,0,3,0,3,0,0,0,0,7,3,0,0,0,0,0,0,6,0,0,0,0,0,0,0,0,6,0,3,3,0,0,0,14,16,22,15,12,19,3,0,91,25,27,16,18,19,3,0,112,0,3,0,0,0,0,0,5,0,3,0,3,3,0,0,3,0,3,0,0,0,3,0,8,0,4,0,3,4,3,0,21,87,317,523,656,731,463,153,2923,547,619,502,522,488,142,29,2842,67,34,51,54,52,42,18,317,3512,4315,4872,5656,4317,1282,285,24234,6,4,4,3,3,3,0,23,46,87,89,70,41,9,0,343,0,0,0,0,0,0,0,4
308,0,0,0,0,0,0,0,0,0,0,0,0,0,0,0,0,0,3,3,3,0,0,0,12,0,3,0,0,0,0,0,3,0,0,0,0,0,0,0,0,5,14,3,6,3,0,0,32,3,0,0,11,0,0,0,16,3,0,0,3,0,0,0,7,3,11,7,7,4,0,0,27,17,4,8,3,0,0,0,34,0,0,3,0,0,0,0,3,27,23,16,14,6,0,0,84,36,52,59,51,23,8,0,226,71,80,72,75,35,5,0,341,4,0,0,0,0,0,0,8,15,22,20,21,4,0,0,84,0,4,3,3,3,0,0,14,21,29,24,24,10,0,0,107,74,457,645,664,563,238,67,2707,1113,1351,979,967,816,164,15,5407,74,76,78,89,46,19,14,406,7358,9251,9408,10085,6474,1200,177,43955,16,17,12,6,0,0,0,56,216,425,444,489,232,34,4,1843,12,31,35,27,12,0,0,118
309,0,0,0,0,0,0,0,0,3,4,4,0,0,0,0,12,15,25,14,14,4,0,0,77,15,4,0,7,0,0,0,21,0,0,0,0,3,0,0,7,114,97,52,50,27,3,0,349,0,0,0,0,3,0,0,6,106,88,35,46,38,7,0,329,12,8,11,10,20,0,0,63,78,33,6,15,6,3,0,147,10,4,3,3,0,0,0,20,211,134,64,80,61,17,0,569,165,175,112,125,88,17,0,681,495,410,222,255,182,35,5,1598,50,36,9,19,8,5,0,131,37,28,16,12,5,0,0,103,8,5,8,7,0,0,0,39,98,76,35,40,16,7,0,279,192,1345,2551,2313,1796,803,115,9117,3248,3185,2531,2106,1953,576,66,13661,198,185,188,177,156,66,40,1022,20958,26043,26758,27007,17958,4258,385,123360,156,168,99,91,49,7,3,571,897,772,435,397,256,57,7,2814,15,28,16,15,10,0,0,77
310,0,0,0,0,0,0,0,0,0,0,0,0,0,0,0,0,12,10,8,10,6,0,0,46,13,10,7,3,3,0,0,41,0,0,0,0,0,0,0,3,61,54,36,26,16,0,0,199,0,0,0,0,0,0,0,0,0,0,0,0,0,0,0,0,8,6,5,5,3,0,0,24,34,5,0,7,0,0,0,48,4,3,7,0,3,0,0,13,40,15,10,9,7,0,0,88,48,46,49,50,24,5,0,223,150,118,100,95,49,5,0,508,24,14,11,6,0,0,0,53,5,5,0,0,0,0,0,12,3,0,0,0,0,0,0,8,32,16,8,10,3,0,0,72,99,533,812,751,583,228,44,3054,1408,1414,1094,988,813,183,16,5910,100,80,68,97,42,25,21,431,8406,10661,11243,11407,6991,1309,125,50139,197,191,91,92,48,13,3,622,215,120,81,62,49,8,0,536,0,3,6,3,0,0,0,10
311,0,0,0,0,0,0,0,0,0,0,0,0,0,0,0,0,4,15,11,10,5,3,0,50,5,0,0,4,3,0,0,15,0,0,0,0,0,0,0,3,43,44,25,20,17,8,0,151,0,0,0,0,0,0,0,0,0,0,0,0,0,0,0,0,22,9,8,7,9,0,0,57,57,13,6,3,5,0,0,81,5,7,0,0,0,0,0,14,78,27,14,15,14,0,0,145,48,52,48,37,25,5,0,217,170,117,84,74,54,16,0,510,21,13,3,3,3,0,0,41,13,7,0,0,0,0,0,18,0,3,0,0,0,0,0,8,32,21,3,3,6,0,0,71,106,538,893,811,681,220,32,3279,1335,1291,961,804,755,167,13,5333,90,68,82,74,63,22,11,409,8387,10152,10433,10388,6805,1251,98,47521,120,104,83,71,34,0,0,418,401,199,95,86,51,16,0,852,4,3,5,5,0,0,0,10
312,0,0,0,0,0,0,0,0,0,0,0,0,0,0,0,0,3,0,4,0,0,0,0,3,0,0,0,0,0,0,0,3,0,0,0,0,0,0,0,0,8,3,3,0,0,0,0,11,0,0,3,0,0,0,0,8,0,0,0,0,0,0,0,0,0,3,4,6,3,0,0,19,11,3,3,3,3,0,0,22,0,4,3,0,0,0,0,11,12,13,13,11,6,0,0,60,31,33,39,28,20,0,0,147,46,49,60,44,28,0,0,217,0,0,0,0,0,0,0,3,8,3,10,3,3,0,0,29,0,0,0,3,0,0,0,3,4,9,11,7,3,0,0,39,67,405,541,523,417,207,61,2221,812,1103,730,772,588,128,7,4143,74,43,79,82,55,30,26,381,5530,7602,7576,7994,5154,962,140,34964,7,11,11,9,4,0,0,49,191,438,398,353,185,20,0,1588,16,35,14,26,10,3,0,100
313,0,0,0,0,0,0,0,0,0,0,0,0,0,0,0,0,3,7,5,9,0,0,0,29,5,0,0,0,3,0,0,11,0,3,0,0,0,0,0,3,35,20,11,19,5,3,0,92,0,0,0,0,0,0,0,0,0,4,0,0,0,0,0,4,3,3,3,4,0,0,0,14,28,3,5,0,0,0,0,38,3,4,3,0,0,0,0,9,34,10,11,8,4,0,0,64,29,38,29,34,20,5,0,160,96,72,52,55,35,7,0,313,12,0,4,0,0,0,0,20,0,0,0,0,0,0,0,4,0,0,0,0,0,0,0,4,16,3,4,6,5,0,0,26,79,357,615,647,569,213,29,2511,1092,940,754,785,657,177,11,4412,71,48,47,53,42,21,6,297,6145,6499,7429,8401,5235,1022,80,34819,85,50,37,38,17,3,0,232,222,79,61,71,50,14,0,499,0,3,0,0,0,0,0,9
314,0,0,0,0,0,0,0,0,0,0,0,0,0,0,0,0,10,5,13,5,5,0,0,39,3,3,0,5,0,0,0,12,0,0,0,0,0,0,0,4,37,24,18,14,8,0,0,110,0,0,0,0,0,0,0,3,0,0,0,0,0,0,0,0,4,0,3,3,3,0,0,18,25,3,0,0,3,0,0,35,0,0,0,0,0,0,0,3,33,5,7,4,6,0,0,54,29,22,20,17,5,4,0,92,95,56,40,40,19,4,0,261,12,0,4,6,0,0,0,19,3,3,0,0,0,0,0,6,3,5,3,0,0,0,0,10,22,3,4,6,0,0,0,35,60,418,791,686,404,154,16,2532,966,625,605,497,376,84,5,3153,38,23,33,31,30,18,13,180,5103,4908,5962,5657,3290,652,41,25620,93,105,43,41,35,5,0,324,172,69,44,30,27,9,0,349,3,4,0,0,0,0,0,6
315,0,0,0,0,0,0,0,0,0,0,0,0,0,0,0,0,0,0,0,0,0,0,0,3,0,0,0,0,0,0,0,0,0,0,0,0,0,0,0,0,0,0,0,0,0,0,0,3,0,0,0,0,0,0,0,0,0,0,0,0,0,0,0,0,0,0,0,0,0,0,0,3,0,0,0,0,0,0,0,3,4,3,3,3,0,0,0,12,9,4,3,4,0,0,0,18,19,32,33,21,9,0,0,118,21,37,33,30,15,3,0,139,0,0,0,0,0,0,0,0,0,0,0,0,3,0,0,6,3,0,3,7,0,0,0,8,3,0,0,7,3,0,0,16,82,210,238,315,284,146,33,1310,179,398,280,246,242,70,10,1420,43,50,44,52,37,24,7,260,2265,3703,3207,3462,2478,600,94,15816,0,4,3,0,0,0,0,9,70,221,208,159,82,9,0,755,4,14,9,7,8,0,0,39
316,0,0,0,0,0,0,0,0,0,3,0,0,0,0,0,3,0,0,3,13,3,0,0,20,4,0,0,0,0,0,0,4,0,0,0,3,0,0,0,4,15,13,7,15,3,0,0,45,0,0,3,0,0,0,0,0,0,3,0,0,0,0,0,3,6,4,3,10,0,0,0,30,62,11,8,11,0,0,0,93,4,3,0,0,0,0,0,12,70,18,19,22,7,4,0,136,55,48,47,75,32,8,0,266,133,78,71,110,43,10,0,453,10,3,0,3,6,0,0,18,9,10,8,0,3,0,0,26,3,6,0,3,0,0,0,9,20,16,10,6,9,0,0,58,118,806,1751,1813,1406,545,77,6517,1911,1533,1356,1407,1334,385,30,7960,122,83,98,111,89,43,31,571,10792,11399,14394,16685,11158,2262,218,66908,33,14,18,22,15,0,0,97,545,390,267,272,176,34,0,1677,6,13,5,14,3,0,0,40
317,0,0,0,0,0,0,0,0,0,0,0,0,0,0,0,0,0,0,0,0,0,0,0,3,0,0,0,0,0,0,0,0,0,0,0,0,0,0,0,0,0,0,0,3,0,0,0,4,0,0,0,0,0,0,0,0,0,0,0,0,0,0,0,0,3,3,0,0,0,0,0,7,3,5,0,5,3,0,0,15,0,3,0,3,0,0,0,12,13,11,0,9,4,0,0,34,32,38,33,27,21,6,0,165,46,50,35,40,27,4,0,209,0,0,0,0,0,0,0,3,4,0,0,0,0,0,0,8,0,0,0,0,0,0,0,0,4,6,3,0,4,0,0,12,51,263,410,380,361,154,33,1645,956,985,694,655,687,165,16,4154,42,42,67,38,44,16,23,261,5787,6645,6725,7475,5210,1029,109,32986,6,0,0,0,0,0,0,15,70,46,30,31,27,5,0,211,0,4,3,5,0,0,0,11
318,0,0,0,0,0,0,0,0,0,0,0,0,0,0,0,0,0,0,3,3,0,0,0,8,3,0,0,0,0,0,0,3,0,0,0,0,0,0,0,0,6,3,9,4,0,0,0,24,0,0,0,0,0,0,0,0,0,0,0,0,0,0,0,0,4,9,4,0,5,3,0,21,23,9,7,7,0,0,0,45,0,8,0,3,0,0,0,12,32,20,8,9,11,3,0,79,48,68,64,68,39,11,0,301,89,91,81,84,53,9,0,400,0,0,0,4,4,0,0,4,0,3,3,9,4,0,0,21,0,8,6,8,4,0,0,30,3,10,10,23,12,0,0,55,66,325,550,510,471,207,39,2179,1373,1463,956,866,757,183,23,5623,81,58,65,63,64,27,27,381,8830,10520,10485,10820,7169,1347,177,49348,8,16,3,5,3,0,0,39,243,159,125,107,65,14,0,716,4,19,16,9,19,0,0,67
319,0,0,0,0,0,0,0,0,0,0,0,0,0,0,0,0,0,0,0,3,0,0,0,10,0,0,0,0,0,0,0,0,0,0,0,0,0,0,0,0,5,0,0,3,0,0,0,11,0,0,0,0,0,0,0,4,0,0,0,0,0,0,0,0,0,3,3,0,3,0,0,15,8,0,3,3,0,0,0,14,3,4,0,0,0,0,0,7,8,7,3,4,5,0,0,36,41,42,34,44,21,3,0,183,52,54,37,55,32,3,0,234,0,0,0,0,0,0,0,0,0,0,0,0,0,0,0,3,0,0,0,3,0,3,0,4,3,3,0,3,0,3,0,12,87,362,717,814,850,461,125,3414,1160,1014,979,1166,1088,248,27,5673,91,66,100,115,88,74,42,566,6992,7623,9794,11896,8744,1818,269,47122,0,3,10,3,3,0,0,22,149,113,79,84,55,8,0,490,3,14,3,7,0,0,0,29
397,0,0,0,0,0,0,0,0,0,0,0,0,0,0,0,0,0,0,0,0,0,0,0,0,0,0,0,0,0,0,0,0,0,0,0,0,0,0,0,0,0,0,0,0,0,0,0,0,0,0,0,0,0,0,0,0,0,0,0,0,0,0,0,0,0,0,0,0,0,0,0,0,0,0,0,0,0,0,0,0,0,0,0,0,0,0,0,0,0,0,0,0,0,0,0,0,0,0,0,0,0,0,0,0,0,0,0,0,0,0,0,0,0,0,0,0,0,0,0,0,0,0,0,0,0,0,0,0,0,0,0,0,0,0,0,0,0,0,0,0,0,0,0,0,0,0,0,0,0,0,0,0,0,0,0,0,3,0,0,3,0,0,0,0,0,0,0,0,6,3,8,8,3,0,0,26,0,0,0,0,0,0,0,0,0,0,0,0,0,0,0,0,0,0,0,0,3,0,0,0
399,0,0,0,0,0,0,0,0,0,0,0,0,0,0,0,0,5,6,7,9,8,0,0,26,5,5,3,0,0,0,0,16,0,0,0,0,0,0,0,4,30,27,12,14,8,3,0,104,0,0,0,0,0,0,0,3,0,0,0,0,0,0,0,7,4,0,3,7,4,0,0,21,9,4,3,7,3,0,0,23,0,0,3,0,0,0,0,5,13,9,11,13,7,3,0,55,22,32,40,39,36,0,0,164,66,70,60,63,52,7,0,326,14,10,11,5,3,3,0,34,10,0,0,5,0,0,0,20,0,0,0,4,0,0,0,12,21,14,11,6,5,3,0,68,48,188,235,215,159,41,12,897,482,816,784,837,747,246,33,3948,63,63,66,87,70,40,26,416,2775,4487,5250,6135,4334,956,115,24053,95,110,68,59,38,12,0,388,226,287,183,179,90,27,9,994,8,12,19,10,4,0,0,60
401,0,0,0,0,0,0,0,0,19,25,15,21,19,6,0,93,140,247,202,197,133,10,0,930,28,42,15,20,14,7,0,132,0,8,4,9,4,0,0,24,270,438,305,313,221,34,4,1585,0,0,0,0,0,0,0,0,21,45,23,16,21,3,0,131,179,331,400,375,197,19,0,1504,133,158,90,85,69,16,0,544,20,28,27,17,21,0,0,107,352,567,537,487,306,35,0,2290,172,311,274,266,193,19,0,1231,795,1322,1113,1070,722,81,3,5108,62,72,70,65,35,5,0,318,33,44,35,22,12,3,0,150,7,22,5,10,4,0,0,52,103,133,121,99,49,10,0,519,111,529,1061,1072,903,505,79,4261,3189,4042,3346,2421,2212,597,49,15853,140,153,122,147,101,56,46,767,16219,27254,25655,26138,18357,3704,354,117680,1003,2120,1800,1524,1000,139,5,7604,3214,6340,4951,4374,3073,497,40,22493,6,20,11,10,4,0,0,44
402,0,0,0,0,0,0,0,0,4,0,0,0,0,0,0,6,5,3,0,9,8,0,0,24,15,0,0,3,0,0,0,20,0,3,0,0,0,0,0,3,45,30,24,27,23,0,0,156,0,0,0,0,0,0,0,0,0,0,4,0,0,0,0,4,18,5,14,9,9,0,0,54,60,31,11,3,13,0,0,112,0,0,0,0,4,0,0,5,76,38,22,13,19,0,0,174,46,41,48,43,25,6,0,209,167,115,92,82,69,6,0,534,15,16,7,4,3,0,0,46,10,7,0,0,0,0,0,18,0,4,0,3,0,0,0,7,26,26,8,3,3,0,0,72,51,448,652,701,532,185,32,2603,1916,1938,1392,1216,1085,265,20,7841,110,92,90,104,76,23,21,505,9964,12493,12252,13426,9032,1625,133,58927,103,100,83,84,35,6,3,414,530,418,241,224,163,38,0,1617,4,3,5,4,3,0,0,20
403,0,0,0,0,0,0,0,0,0,0,0,0,0,0,0,3,13,4,5,5,9,0,0,35,4,5,0,0,0,0,0,10,0,3,0,0,0,0,0,10,39,44,14,21,22,0,0,145,0,0,0,0,0,0,0,0,4,9,3,3,0,0,0,26,10,27,51,44,42,4,0,177,35,21,16,12,3,3,0,80,7,5,0,4,0,0,0,17,51,60,63,61,54,10,0,306,47,39,41,52,33,5,0,217,143,138,123,137,108,17,0,665,22,10,7,4,3,0,0,41,12,0,3,5,3,0,0,20,0,3,0,3,0,0,0,4,34,12,4,10,3,0,0,70,80,425,816,836,685,367,58,3265,1936,1778,1491,1311,1352,308,36,8214,92,69,56,76,67,38,33,433,8875,10274,10786,12243,9329,1943,213,53659,128,82,49,54,42,10,0,370,476,465,281,265,208,48,4,1743,0,7,3,3,4,0,0,14
404,0,0,0,0,0,0,0,0,0,0,0,3,0,0,0,8,7,13,5,6,12,0,0,41,9,3,0,3,0,0,0,18,0,0,3,3,0,0,0,7,37,46,22,35,24,0,0,162,0,0,0,0,0,0,0,0,4,9,3,0,0,0,0,18,15,20,4,8,8,7,0,60,30,26,24,6,12,4,0,101,0,0,0,3,0,0,0,11,53,56,36,21,24,7,0,186,46,50,50,39,23,7,0,226,132,150,110,91,76,17,0,574,9,9,14,7,10,3,0,53,9,5,5,3,0,0,0,27,0,0,4,3,8,0,0,14,20,22,24,13,14,3,0,88,44,265,446,439,331,134,19,1689,1448,1477,1171,1027,880,249,17,6263,72,88,70,78,70,34,31,442,7493,10518,10108,11673,8078,1521,133,49523,115,105,102,81,70,7,0,474,495,528,337,294,201,52,7,1917,0,5,8,3,0,0,0,25
405,0,0,0,0,0,0,0,0,0,0,0,0,0,0,0,0,0,0,0,0,0,0,0,0,0,0,0,0,0,0,0,0,0,0,0,0,0,0,0,0,0,0,0,0,0,0,0,0,0,0,0,0,0,0,0,0,0,0,0,0,0,0,0,0,0,0,0,0,0,0,0,4,3,0,0,0,0,0,0,3,0,0,0,0,0,0,0,0,5,0,0,3,0,0,0,7,17,7,9,12,13,6,0,56,18,7,11,11,14,6,0,68,0,0,0,0,0,0,0,0,0,0,0,0,0,0,0,0,0,0,0,0,0,0,0,3,0,0,0,0,0,0,0,3,27,202,349,431,458,255,67,1801,535,596,482,572,593,171,20,2978,40,30,32,48,34,36,21,240,2576,3155,3785,4923,4014,947,175,19583,5,3,3,0,0,0,0,13,19,46,34,36,18,3,0,159,0,3,3,0,0,0,0,8
406,0,0,0,0,0,0,0,0,0,0,0,0,0,0,0,0,4,0,0,0,0,0,0,3,0,0,0,0,0,0,0,0,0,0,0,0,0,0,0,0,4,0,0,0,0,0,0,3,0,0,0,0,0,0,0,0,0,0,0,0,0,0,0,0,4,0,0,0,0,0,0,3,0,0,0,0,0,0,0,0,0,0,0,0,0,0,0,3,5,0,0,0,0,0,0,10,7,14,7,17,6,0,0,57,16,15,13,14,6,0,0,65,0,0,0,0,0,0,0,0,0,0,0,0,0,0,0,0,0,0,0,3,3,0,0,3,0,0,3,3,3,0,0,7,16,141,215,225,223,92,20,928,373,573,382,439,341,79,9,2193,40,32,39,40,26,11,7,203,2246,3306,3295,3956,2803,549,78,16226,0,0,3,0,0,0,0,5,58,252,243,186,105,8,4,846,0,7,3,0,0,0,0,14
407,0,0,0,0,0,0,0,0,0,0,0,0,0,0,0,0,5,0,0,0,0,0,0,9,0,0,0,0,0,0,0,0,0,0,0,0,0,0,0,0,3,4,0,3,0,0,0,10,0,0,0,0,0,0,0,0,0,0,0,0,0,0,0,0,3,3,0,0,0,0,0,6,5,0,0,0,0,0,0,5,0,0,3,0,0,0,0,4,7,5,3,0,0,0,0,15,11,23,20,24,24,6,0,110,22,34,23,27,26,9,0,136,0,0,0,0,0,0,0,0,0,0,0,0,0,0,0,0,0,0,0,0,0,0,0,3,5,0,0,0,0,3,0,7,59,263,472,629,761,464,129,2771,890,908,792,882,853,259,40,4613,61,47,56,68,71,37,28,380,4697,5428,6371,8065,6481,1687,292,33022,3,3,0,3,5,3,0,16,40,18,16,25,17,0,0,112,3,5,3,0,0,0,0,20
497,0,0,0,0,0,0,0,0,0,0,0,0,0,0,0,0,0,0,0,0,0,0,0,0,0,0,0,0,0,0,0,0,0,0,0,0,0,0,0,0,0,0,0,0,0,0,0,0,0,0,0,0,0,0,0,0,0,0,0,0,0,0,0,0,0,0,0,0,0,0,0,0,0,0,0,0,0,0,0,0,0,0,0,0,0,0,0,0,0,0,0,0,0,0,0,0,0,0,0,0,0,0,0,0,0,0,0,0,0,0,0,0,0,0,0,0,0,0,0,0,0,0,0,0,0,0,0,0,0,0,0,0,0,0,0,0,0,0,0,0,0,0,0,0,0,0,0,0,0,0,0,0,0,0,0,0,0,0,0,0,0,0,0,0,0,0,0,0,0,0,0,0,0,0,0,3,0,0,0,0,0,0,0,0,0,0,0,0,0,0,0,0,0,0,0,0,0,0,0,0
499,0,0,0,0,0,0,0,0,0,0,0,0,0,0,0,0,0,3,0,3,3,0,0,11,0,0,0,0,0,0,0,0,0,0,0,0,0,0,0,0,7,3,0,11,4,0,0,26,0,0,0,0,0,0,0,0,0,0,0,0,0,0,0,0,3,3,0,5,0,0,0,11,3,0,0,0,0,0,0,9,0,0,0,0,0,0,0,0,9,7,0,5,0,0,0,23,9,13,12,18,8,0,0,62,27,21,13,32,13,3,0,110,7,3,0,0,0,0,0,12,0,0,3,0,3,0,0,10,0,0,0,0,0,0,0,3,5,7,3,0,6,0,0,22,15,54,55,51,36,17,5,227,210,321,329,356,337,113,14,1672,20,16,21,31,20,13,5,126,951,1532,1785,2452,1945,459,46,9160,22,27,16,9,9,0,0,86,51,95,58,47,34,12,3,300,0,0,0,3,0,0,0,9
501,0,0,0,0,0,0,0,0,0,0,0,0,0,0,0,0,0,0,0,0,3,0,0,6,0,0,0,0,0,0,0,0,0,0,0,0,0,0,0,0,3,3,3,0,7,0,0,15,0,0,0,0,0,0,0,0,0,0,0,0,0,0,0,0,0,0,0,0,0,0,0,9,11,5,5,3,0,0,0,19,3,0,0,0,0,0,0,6,19,6,3,7,0,0,0,36,27,27,18,32,14,7,0,128,45,35,28,41,22,7,0,169,0,0,0,0,0,0,0,0,0,3,0,0,0,0,0,5,3,0,0,0,0,0,0,7,3,5,0,0,0,0,0,10,43,352,621,605,554,280,60,2510,847,898,921,845,896,207,24,4635,76,54,65,86,53,23,12,375,4728,6067,7522,8388,5990,1278,171,34145,8,4,3,3,3,0,0,22,120,212,210,209,105,14,0,875,3,3,4,0,0,0,0,13
502,0,0,0,0,0,0,0,0,0,0,0,0,0,0,0,0,3,3,4,3,0,0,0,9,0,0,0,0,0,0,0,4,0,0,0,0,0,0,0,3,21,15,11,5,3,3,0,53,0,0,0,0,0,0,0,0,0,0,0,0,0,0,0,0,3,4,0,0,0,0,0,8,11,0,0,0,0,0,0,18,0,0,0,0,3,0,0,3,14,8,0,0,3,0,0,31,12,15,13,0,6,3,0,54,44,33,22,7,14,3,0,137,8,4,3,3,3,0,0,25,0,0,3,0,0,0,0,3,0,0,3,0,0,0,0,3,12,7,5,3,3,0,0,28,29,145,240,253,188,83,19,957,419,404,358,382,307,84,6,1960,21,19,16,25,19,7,6,115,2512,2616,3184,3762,2398,445,55,14971,28,16,13,14,11,0,0,80,90,30,24,21,7,3,0,187,0,4,0,0,0,0,0,8
503,0,0,0,0,0,0,0,0,0,0,0,0,0,0,0,4,474,1343,1097,955,494,56,3,4429,128,294,165,152,92,16,0,844,8,43,34,28,9,0,0,122,1392,2948,2156,1885,1143,197,9,9726,0,4,3,0,3,0,0,3,0,0,0,0,0,0,0,0,53,153,139,129,69,14,0,557,73,99,51,39,21,5,0,287,7,34,16,11,4,3,0,69,132,284,205,176,92,23,0,926,56,127,81,83,55,11,0,419,1577,3357,2442,2150,1287,230,10,11068,256,477,334,343,201,29,4,1647,19,22,7,3,3,0,0,53,0,13,0,4,3,0,0,19,277,511,346,351,207,29,4,1722,89,476,910,895,584,259,63,3278,2276,4176,3303,2064,1780,545,43,14197,168,245,181,168,134,56,30,978,15040,34305,26610,23862,15897,3471,322,119499,2613,6755,5223,3921,2229,356,18,21124,2230,6375,4088,2789,1797,371,28,17678,9,18,16,10,6,3,0,59
504,0,0,0,0,0,0,0,0,0,0,0,0,0,0,0,0,8,12,11,4,10,0,0,40,5,3,0,0,5,0,0,16,3,0,0,0,0,0,0,5,78,78,28,29,24,5,0,244,0,0,0,0,0,0,0,0,0,0,0,0,0,0,0,0,3,6,3,11,3,0,0,27,40,11,7,5,0,0,0,65,0,9,0,0,0,0,0,9,42,26,11,13,7,0,0,100,37,29,30,29,22,9,0,155,167,138,62,69,54,12,4,505,22,29,7,6,3,0,0,67,3,3,3,0,0,0,0,7,3,0,0,3,0,0,0,4,24,36,12,5,3,0,0,83,68,462,699,685,468,175,29,2585,1234,1012,830,745,642,213,20,4688,79,66,58,72,59,24,6,366,7070,8426,8326,9182,5974,1297,113,40391,115,140,75,71,29,9,0,436,515,333,165,146,109,20,0,1290,7,0,3,0,0,0,0,14
505,0,0,0,0,0,0,0,0,0,0,0,0,0,0,0,0,20,22,22,29,21,0,0,114,15,5,5,5,6,0,0,49,0,7,3,4,0,0,0,17,340,275,156,124,88,14,0,995,0,0,0,0,0,0,0,3,0,0,0,0,0,0,0,0,11,10,5,11,8,0,0,38,83,22,13,6,3,0,0,130,0,3,3,0,0,0,0,11,94,35,21,18,11,0,0,177,87,59,38,72,37,6,0,302,527,364,213,212,134,21,0,1472,88,72,43,32,22,3,0,262,11,3,0,0,0,0,0,16,5,0,0,0,0,0,0,10,102,78,47,38,22,3,0,285,152,975,1743,1549,1010,377,54,5861,2565,2178,1885,1549,1378,390,32,9974,140,136,124,136,101,50,18,701,14697,17225,17600,18849,12290,2505,220,83405,346,388,207,215,107,16,3,1268,916,548,243,214,114,37,3,2076,3,4,5,5,0,0,0,18
506,0,0,0,0,0,0,0,3,0,0,0,0,0,0,0,0,18,18,20,27,18,3,0,105,14,9,5,7,8,0,0,40,5,8,0,4,3,0,0,17,255,232,148,139,94,16,0,884,0,0,0,0,0,0,0,0,0,0,0,0,0,0,0,0,18,24,13,24,16,0,0,94,71,35,27,16,11,0,0,162,4,3,3,4,0,0,0,16,102,68,48,39,25,0,0,271,90,93,78,63,46,11,0,378,445,389,273,235,160,31,0,1531,73,58,39,30,29,3,0,238,9,0,3,0,5,0,0,13,0,4,4,3,0,0,0,10,80,60,44,35,32,3,0,261,126,805,1204,1141,853,353,41,4518,2259,2430,1819,1566,1461,445,26,10020,159,172,128,132,102,54,14,767,14284,20520,18555,19123,13178,2769,209,88630,274,332,204,170,96,16,4,1099,995,1056,626,472,294,54,3,3502,3,11,12,0,0,3,0,33
507,0,0,0,0,0,0,0,3,0,0,0,0,0,0,0,0,30,50,49,46,34,4,0,211,14,15,10,13,3,0,0,47,0,5,6,7,5,0,0,24,251,269,164,153,100,10,0,956,0,0,0,3,3,0,0,7,0,0,0,0,0,0,0,0,20,21,17,16,10,0,0,84,72,23,21,19,8,7,0,141,3,11,3,5,0,0,0,22,94,58,40,39,25,7,0,262,64,66,53,67,40,3,0,291,409,395,258,265,159,17,3,1510,79,55,36,43,31,11,0,255,9,4,4,6,0,0,0,24,0,3,0,0,4,0,0,9,91,60,45,52,35,11,0,290,94,782,1210,1115,748,287,40,4279,2415,2258,1900,1535,1288,312,28,9730,126,123,103,129,86,31,19,627,13102,16724,16118,16966,10762,2038,195,75900,257,392,273,241,150,30,0,1342,963,824,533,464,297,54,7,3140,13,19,10,12,8,3,0,65
509,0,0,0,0,0,0,0,0,0,0,0,0,0,0,0,0,0,0,0,0,0,0,0,0,0,0,0,0,0,0,0,0,0,0,0,0,0,0,0,0,0,0,3,0,0,0,0,3,0,0,0,0,0,0,0,0,0,0,0,0,0,0,0,0,3,3,3,5,3,0,0,21,4,0,0,0,0,0,0,6,0,0,0,0,0,0,0,3,9,5,3,5,5,0,0,31,13,22,19,11,20,3,0,86,25,27,26,19,18,3,0,123,0,0,0,0,0,0,0,0,0,0,0,0,0,0,0,3,0,0,0,0,0,0,0,6,0,0,0,3,0,0,0,5,44,330,597,707,705,441,123,2952,454,630,562,679,737,254,24,3334,34,46,68,87,62,31,34,353,2930,4242,5007,6366,5361,1547,271,25721,8,3,5,3,3,0,0,18,75,175,169,174,113,15,4,722,0,0,0,5,0,0,0,4
510,0,0,0,0,0,0,0,0,0,0,0,0,0,0,0,0,4,0,4,0,0,0,0,9,0,0,0,0,0,0,0,0,0,0,0,0,0,0,0,0,4,3,4,4,3,0,0,18,0,0,0,0,0,0,0,0,0,0,0,0,0,0,0,0,0,6,5,7,0,0,0,19,11,0,3,0,3,0,0,19,0,13,3,3,0,0,0,26,11,22,12,11,3,0,0,70,13,44,29,23,15,0,0,126,31,70,44,37,23,3,0,212,3,0,0,3,0,0,0,11,3,8,8,8,0,0,0,24,0,5,0,0,0,0,0,6,3,10,5,15,0,0,0,38,34,173,191,126,79,31,3,641,311,827,564,524,342,63,5,2629,65,127,95,97,59,20,5,468,2541,5718,4518,4301,2729,415,61,20282,12,20,5,9,3,0,0,48,668,4156,3659,3292,1666,150,5,13596,0,8,4,4,0,0,0,20
511,0,0,0,0,0,0,0,0,0,0,0,0,0,0,0,0,0,0,0,0,0,0,0,3,0,0,0,0,0,0,0,0,0,0,0,0,0,0,0,0,3,0,0,3,0,0,0,17,0,0,0,0,0,0,0,0,0,0,0,0,0,0,0,0,3,6,4,3,0,0,0,17,7,0,0,0,0,0,0,10,0,4,3,0,4,0,0,15,6,16,7,7,3,0,0,42,20,33,22,17,19,3,0,114,36,46,35,30,20,3,0,170,0,0,0,0,0,0,0,7,3,3,0,3,0,0,0,8,0,3,0,0,0,0,0,9,7,12,0,8,3,0,0,20,38,198,320,326,267,124,28,1291,400,668,471,455,388,110,10,2504,71,60,49,69,54,18,10,334,3070,4912,4746,5082,3466,657,87,22017,4,10,14,0,3,0,0,31,223,944,830,707,364,33,0,3104,3,13,0,3,0,0,0,21
597,0,0,0,0,0,0,0,0,0,0,0,0,0,0,0,0,0,0,0,0,0,0,0,0,0,0,0,0,0,0,0,0,0,0,0,0,0,0,0,0,0,0,0,0,0,0,0,0,0,0,0,0,0,0,0,0,0,0,0,0,0,0,0,0,0,0,0,0,0,0,0,0,0,0,0,0,0,0,0,0,0,0,0,0,0,0,0,0,0,0,0,0,0,0,0,0,0,0,0,0,0,0,0,0,0,0,0,0,0,0,0,0,0,0,0,0,0,0,0,0,0,0,0,0,0,0,0,0,0,0,0,0,0,0,0,0,0,0,0,0,0,0,0,0,0,0,0,0,0,0,0,0,0,0,4,0,0,0,0,4,0,3,4,3,0,0,0,11,10,26,22,20,8,0,0,99,0,0,0,0,0,0,0,0,0,5,0,3,0,0,0,11,3,0,0,0,0,0,0,4
599,0,0,0,0,0,0,0,0,0,0,0,0,0,0,0,0,7,5,3,3,0,0,0,29,0,3,0,0,0,0,0,7,0,0,0,0,0,0,0,0,36,40,11,17,11,3,0,112,0,0,0,0,0,0,0,0,0,0,0,0,0,0,0,0,0,0,3,0,0,0,0,11,4,0,3,0,0,0,0,5,3,0,0,0,0,0,0,6,7,4,9,6,0,0,0,20,6,17,23,13,12,3,3,82,52,65,40,37,24,3,3,215,5,8,0,6,5,0,0,24,0,0,0,0,0,0,0,0,0,0,3,0,3,0,0,4,5,9,8,6,4,0,0,34,18,95,106,80,63,19,4,384,289,507,465,423,421,112,15,2232,37,52,45,34,28,15,13,229,1587,2780,2843,3222,2287,530,64,13312,85,97,46,31,24,6,0,303,138,486,294,270,165,22,3,1376,0,4,4,0,0,0,0,12
601,0,0,0,0,0,0,0,0,0,0,0,0,0,0,0,0,0,0,3,5,0,0,0,11,0,0,0,0,0,0,0,0,0,0,0,0,0,0,0,0,0,4,3,5,0,0,0,13,0,0,0,0,0,0,0,0,0,0,0,0,0,0,0,0,34,39,58,82,46,3,0,259,88,41,24,25,7,3,0,181,7,8,7,6,3,0,0,38,125,86,85,108,63,12,0,487,48,57,72,78,52,7,0,306,173,145,158,192,111,21,3,807,0,0,0,0,0,0,0,0,15,8,7,7,3,0,0,41,5,3,0,4,3,0,0,16,18,18,7,13,8,0,0,56,52,257,537,555,468,224,35,2137,1648,1731,1429,1232,1236,288,26,7594,88,62,61,82,87,32,26,431,7661,10230,11066,12028,8711,1551,166,51410,3,4,0,7,3,0,0,24,1052,931,759,760,610,90,8,4203,3,0,3,4,0,0,0,18
602,0,0,0,0,0,0,0,0,0,0,0,0,0,0,0,0,0,0,0,0,0,0,0,0,0,0,0,0,0,0,0,0,0,0,0,0,0,0,0,0,0,3,0,0,0,0,0,5,0,0,0,0,0,0,0,0,0,0,0,0,0,0,0,0,8,7,3,11,3,0,0,36,18,3,3,3,0,0,0,29,3,3,0,4,3,0,0,11,25,12,10,14,12,0,0,77,22,28,36,25,25,0,0,135,49,43,43,36,37,3,0,213,0,0,0,0,0,0,0,0,0,4,0,0,0,0,0,7,0,0,0,3,3,0,0,10,0,7,3,3,4,0,0,16,42,171,282,385,371,172,46,1472,777,800,723,733,706,172,13,3915,54,37,34,38,56,26,17,259,4024,4699,5433,6599,5036,989,117,26891,3,0,0,4,3,0,0,10,194,90,76,82,57,9,4,510,0,4,0,7,0,0,0,8
603,0,0,0,0,0,0,0,0,0,0,0,0,0,0,0,0,0,0,0,0,0,0,0,0,0,0,0,0,0,0,0,0,0,0,0,0,0,0,0,0,0,0,0,0,0,0,0,0,0,0,0,0,0,0,0,0,0,0,0,0,0,0,0,0,0,0,0,0,0,0,0,3,0,0,0,0,0,0,0,0,0,0,0,0,0,0,0,3,0,0,0,0,0,0,0,9,0,3,3,8,3,0,0,14,4,3,3,4,6,0,0,25,0,0,0,0,0,0,0,0,0,0,0,0,0,0,0,0,0,0,0,0,0,0,0,0,0,0,0,0,0,0,0,0,9,50,109,140,182,79,7,581,118,113,143,149,143,47,5,698,3,9,8,10,14,11,10,66,436,623,866,1077,950,255,39,4236,0,0,0,0,0,0,0,0,10,11,5,7,6,4,0,38,0,0,0,0,0,0,0,3
604,0,0,0,0,0,0,0,0,0,0,0,0,0,0,0,0,0,0,0,0,0,0,0,0,0,0,0,0,0,0,0,3,0,0,0,0,0,0,0,0,0,0,0,3,0,0,0,5,0,0,0,0,0,0,0,0,0,0,0,0,0,0,0,0,0,0,0,0,0,0,0,4,4,3,0,0,0,0,0,6,0,0,0,3,0,0,0,3,4,4,0,3,0,0,0,14,20,5,5,19,4,0,0,60,24,11,10,27,4,4,0,75,0,0,0,0,0,0,0,0,0,0,0,0,0,0,0,4,0,0,0,0,0,0,0,4,0,0,3,0,0,0,0,7,28,135,210,274,278,130,31,1075,598,627,539,583,531,109,9,3005,45,30,41,51,44,30,13,252,3215,3557,4152,5378,3813,681,105,20901,5,26,6,3,0,0,0,38,61,26,41,45,27,5,3,211,0,3,0,3,0,0,0,12
697,0,0,0,0,0,0,0,0,0,0,0,0,0,0,0,0,0,0,0,0,0,0,0,0,0,0,0,0,0,0,0,0,0,0,0,0,0,0,0,0,0,0,0,0,0,0,0,0,0,0,0,0,0,0,0,0,0,0,0,0,0,0,0,0,0,0,0,0,0,0,0,0,0,0,0,0,0,0,0,0,0,0,0,0,0,0,0,0,0,0,0,0,0,0,0,0,0,0,0,0,0,0,0,0,0,0,0,0,0,0,0,0,0,0,0,0,0,0,0,0,0,0,0,0,0,0,0,0,0,0,0,0,0,0,0,0,0,0,0,0,0,0,0,0,0,0,0,0,0,0,0,0,0,0,0,0,0,0,0,0,0,0,0,0,0,0,0,0,0,0,0,4,0,0,0,4,0,0,0,0,0,0,0,0,0,0,0,0,0,0,0,0,0,0,0,0,0,0,0,3
699,0,0,0,0,0,0,0,0,0,0,0,0,0,0,0,0,0,0,0,0,0,0,0,0,0,0,0,0,0,0,0,0,0,0,0,0,0,0,0,0,0,0,0,0,0,0,0,0,0,0,0,0,0,0,0,0,0,0,0,0,0,0,0,0,0,0,0,0,0,0,0,0,3,0,0,0,0,0,0,3,0,0,0,0,0,0,0,0,3,0,0,0,0,0,0,4,3,0,4,3,3,0,0,15,7,0,4,3,4,0,0,17,0,0,0,0,0,0,0,0,0,0,0,0,0,0,0,0,0,0,0,0,0,0,0,0,0,0,0,0,0,0,0,0,0,13,9,12,20,0,0,54,40,83,77,104,96,21,5,431,9,5,4,13,8,5,0,40,208,411,450,607,556,103,14,2350,0,5,0,0,0,0,0,5,22,17,14,13,15,3,0,84,0,0,0,0,0,0,0,0
701,0,0,0,0,0,0,0,0,0,0,0,0,0,0,0,0,0,4,3,0,0,0,0,7,0,0,0,0,0,0,0,0,0,0,0,0,0,0,0,0,0,4,3,0,0,0,0,7,0,0,0,0,0,0,0,4,0,0,0,0,0,0,0,0,21,37,35,18,13,5,0,126,27,32,14,15,8,0,0,111,6,11,0,3,3,0,0,27,51,90,50,40,29,9,0,264,30,66,45,60,36,0,0,238,79,161,99,101,66,7,0,510,0,0,0,0,0,0,0,4,10,11,8,4,4,0,0,27,0,3,7,3,3,0,0,23,13,13,11,10,5,0,0,48,28,212,322,272,194,78,14,1112,496,889,610,444,355,99,5,2905,72,92,62,62,47,17,8,359,4571,8811,7410,6621,4077,845,74,32412,0,11,3,4,0,0,0,23,586,1703,1376,1200,679,102,7,5661,3,0,4,7,7,0,0,26
702,0,0,0,0,0,0,0,0,0,0,0,0,0,0,0,0,0,0,0,0,0,0,0,0,0,0,0,0,0,0,0,0,0,0,0,0,0,0,0,0,0,0,0,0,0,0,0,4,0,0,0,0,0,0,0,0,0,0,0,0,0,0,0,0,0,3,0,6,3,0,0,19,4,3,0,0,4,0,0,12,3,0,0,0,0,0,0,5,4,7,3,10,6,0,0,31,17,32,29,24,18,0,0,113,20,36,33,33,22,0,0,149,0,3,0,0,0,0,0,4,0,3,5,0,0,0,0,15,3,0,4,3,3,0,0,11,4,7,12,6,3,0,0,28,38,102,110,115,85,32,8,498,158,370,239,228,216,43,5,1263,61,83,72,60,27,9,3,315,1898,3992,3288,3457,2434,493,53,15613,0,3,0,3,0,0,0,13,68,287,293,266,163,32,5,1113,6,0,0,9,0,0,0,15
797,0,0,0,0,0,0,0,0,0,0,0,0,0,0,0,0,0,0,0,0,0,0,0,0,0,0,0,0,0,0,0,0,0,0,0,0,0,0,0,0,0,0,0,0,0,0,0,0,0,0,0,0,0,0,0,0,0,0,0,0,0,0,0,0,0,0,0,0,0,0,0,0,0,0,0,0,0,0,0,0,0,0,0,0,0,0,0,0,0,0,0,0,0,0,0,0,0,0,0,0,0,0,0,0,0,0,0,0,0,0,0,0,0,0,0,0,0,0,0,0,0,0,0,0,0,0,0,0,0,0,0,0,0,0,0,0,0,0,0,0,0,0,0,0,0,0,0,0,0,0,0,0,0,3,0,0,0,0,0,4,0,0,0,0,0,0,0,0,0,4,3,0,3,0,0,8,0,0,0,0,0,0,0,0,0,0,3,0,3,0,0,4,0,0,0,0,0,0,0,0
799,0,0,0,0,0,0,0,0,0,0,0,0,0,0,0,0,0,0,0,0,0,0,0,0,0,0,0,0,0,0,0,0,0,0,0,0,0,0,0,0,0,0,0,0,0,0,0,3,0,0,0,0,0,0,0,0,0,0,0,0,0,0,0,0,0,0,0,0,0,0,0,4,0,0,0,0,0,0,0,3,0,0,0,0,0,0,0,0,4,0,0,0,0,0,0,6,0,7,0,0,3,0,0,10,4,8,3,0,3,0,0,17,0,0,0,0,0,0,0,0,0,0,0,0,0,0,0,0,0,0,0,0,0,0,0,0,0,0,0,0,0,0,0,0,4,9,7,8,13,3,0,41,14,39,32,30,34,8,3,157,3,0,0,3,3,4,0,15,92,208,189,174,156,28,7,849,3,0,3,0,0,0,0,7,29,148,96,59,41,0,0,369,0,0,0,3,0,0,0,8
801,0,0,0,0,0,0,0,0,0,0,0,0,0,0,0,0,3,10,9,12,3,0,0,29,3,0,0,3,0,0,0,7,0,0,0,0,0,0,0,3,5,10,11,10,9,0,0,49,0,0,0,0,0,0,0,3,0,0,0,0,0,0,0,0,47,123,130,132,65,11,0,514,135,129,71,65,46,7,0,451,26,47,32,22,9,0,0,135,205,301,233,226,126,19,0,1107,117,204,185,146,73,9,0,742,334,516,427,389,209,31,0,1897,0,4,4,4,3,0,0,10,25,22,18,13,10,0,0,84,0,10,11,9,7,0,0,27,29,32,28,22,13,0,0,124,158,622,994,832,666,319,62,3659,3072,3851,2910,1816,1556,398,42,13637,152,121,118,112,84,33,21,648,17260,27877,25832,23599,13461,2529,245,110796,12,40,31,33,10,8,0,134,2314,3856,2556,2181,1412,235,10,12572,5,9,8,10,4,0,0,40
897,0,0,0,0,0,0,0,0,0,0,0,0,0,0,0,0,0,0,0,0,0,0,0,0,0,0,0,0,0,0,0,0,0,0,0,0,0,0,0,0,0,0,0,0,0,0,0,0,0,0,0,0,0,0,0,0,0,0,0,0,0,0,0,0,0,0,0,0,0,0,0,0,0,0,0,0,0,0,0,0,0,0,0,0,0,0,0,0,0,0,0,0,0,0,0,0,0,0,0,0,0,0,0,0,0,0,0,0,0,0,0,0,0,0,0,0,0,0,0,0,0,0,0,0,0,0,0,0,0,0,0,0,0,0,0,0,0,0,0,0,0,0,0,0,0,0,0,0,0,0,0,0,0,0,0,0,0,0,0,0,0,0,0,0,0,0,0,0,0,0,0,0,0,0,0,0,0,0,0,0,0,0,0,0,0,0,0,0,0,0,0,0,0,0,0,0,0,0,0,0
899,0,0,0,0,0,0,0,0,0,0,0,0,0,0,0,0,0,0,0,0,0,0,0,0,0,0,0,0,0,0,0,0,0,0,0,0,0,0,0,0,0,0,0,0,0,0,0,0,0,0,0,0,0,0,0,0,0,0,0,0,0,0,0,0,0,0,0,0,0,0,0,0,3,0,0,0,0,0,0,4,0,0,0,0,0,0,0,3,3,4,0,3,0,0,0,8,0,4,0,3,4,0,0,11,3,4,3,5,4,0,0,21,0,0,0,0,0,0,0,0,0,0,0,0,0,0,0,0,0,0,0,0,0,0,0,0,0,0,0,0,0,0,0,3,5,13,24,3,8,0,0,56,91,65,63,43,41,21,0,319,9,4,6,0,4,0,4,28,367,342,305,339,247,73,11,1683,0,0,3,0,0,0,0,3,35,23,14,10,13,3,0,100,0,0,0,0,0,0,0,0
901,0,0,0,0,0,0,0,0,0,0,0,0,0,0,0,0,0,0,0,0,0,0,0,0,0,0,0,0,0,0,0,0,0,0,0,0,0,0,0,0,0,0,0,0,0,0,0,0,3,6,3,0,0,0,0,15,0,0,0,0,0,0,0,0,0,0,0,0,0,0,0,0,0,0,0,0,0,0,0,0,0,0,0,0,0,0,0,0,3,6,3,0,3,0,0,16,0,0,0,3,4,0,0,8,3,6,3,3,3,0,0,25,0,0,0,0,0,0,0,0,0,0,0,0,0,0,0,3,0,0,0,0,0,0,0,0,0,0,0,0,0,0,0,3,3,4,10,12,7,6,0,50,8,20,22,25,29,10,0,112,0,3,3,3,3,0,0,17,102,200,249,266,225,85,13,1145,0,0,0,0,0,0,0,7,3,20,11,19,19,3,0,72,6,7,13,11,6,4,0,41
997,0,0,0,0,0,0,0,0,0,0,0,0,0,0,0,0,0,0,0,0,0,0,0,0,0,0,0,0,0,0,0,0,0,0,0,0,0,0,0,0,0,0,0,0,0,0,0,0,0,0,0,0,0,0,0,0,0,0,0,0,0,0,0,0,0,0,0,0,0,0,0,0,0,0,0,0,0,0,0,0,0,0,0,0,0,0,0,0,0,0,0,0,0,0,0,0,0,0,0,0,0,0,0,0,0,0,0,0,0,0,0,0,0,0,0,0,0,0,0,0,0,0,0,0,0,0,0,0,0,0,0,0,0,0,0,0,0,0,0,0,0,0,0,0,0,0,0,0,0,0,0,0,0,0,0,0,0,0,0,0,0,0,0,0,0,0,0,0,0,0,0,0,0,0,0,0,0,0,0,0,0,0,0,0,0,0,0,0,0,0,0,0,0,0,0,0,0,0,0,0
999,0,0,0,0,0,0,0,0,0,0,0,0,0,0,0,0,0,0,0,0,0,0,0,0,0,0,0,0,0,0,0,0,0,0,0,0,0,0,0,0,0,0,0,0,0,0,0,0,0,0,0,0,0,0,0,0,0,0,0,0,0,0,0,0,0,0,0,0,0,0,0,0,0,0,0,0,0,0,0,0,0,0,0,0,0,0,0,0,0,0,0,0,0,0,0,0,0,0,0,0,0,0,0,0,0,0,0,0,0,0,0,0,0,0,0,0,0,0,0,0,0,0,0,0,0,0,0,0,0,0,0,0,0,0,0,0,0,0,0,0,0,0,0,0,0,0,0,3,0,0,0,3,0,4,0,7,0,0,0,9,0,0,0,0,0,0,0,0,3,9,3,7,4,0,0,32,0,3,0,0,0,0,0,3,0,0,0,0,0,0,0,4,0,0,0,0,0,0,0,0