SA4_CODE_2016,P_1_149_OM_UIE,P_1_149_CFW,P_1_149_ES_NS,P_1_149_Tot,P_150_299_E,P_150_299_OM_IE,P_150_299_OM_UIE,P_150_299_CFW,P_150_299_ES_NS,P_150_299_Tot,P_300_399_E,P_300_399_OM_IE,P_300_399_OM_UIE,P_300_399_CFW,P_300_399_ES_NS,P_300_399_Tot,P_400_499_E,P_400_499_OM_IE,P_400_499_OM_UIE,P_400_499_CFW,P_400_499_ES_NS,P_400_499_Tot,P_500_649_E,P_500_649_OM_IE,P_500_649_OM_UIE,P_500_649_CFW,P_500_649_ES_NS,P_500_649_Tot,P_650_799_E,P_650_799_OM_IE,P_650_799_OM_UIE,P_650_799_CFW,P_650_799_ES_NS,P_650_799_Tot,P_800_999_E,P_800_999_OM_IE,P_800_999_OM_UIE,P_800_999_CFW,P_800_999_ES_NS,P_800_999_Tot,P_1000_1249_E,P_1000_1249_OM_IE,P_1000_1249_OM_UIE,P_1000_1249_CFW,P_1000_1249_ES_NS,P_1000_1249_Tot,P_1250_1499_E,P_1250_1499_OM_IE,P_1250_1499_OM_UIE,P_1250_1499_CFW,P_1250_1499_ES_NS,P_1250_1499_Tot,P_1500_1749_E,P_1500_1749_OM_IE,P_1500_1749_OM_UIE,P_1500_1749_CFW,P_1500_1749_ES_NS,P_1500_1749_Tot,P_1750_1999_E,P_1750_1999_OM_IE,P_1750_1999_OM_UIE,P_1750_1999_CFW,P_1750_1999_ES_NS,P_1750_1999_Tot,P_2000_2999_E,P_2000_2999_OM_IE,P_2000_2999_OM_UIE,P_2000_2999_CFW,P_2000_2999_ES_NS,P_2000_2999_Tot,P_3000mor_E,P_3000mor_OM_IE,P_3000mor_OM_UIE,P_3000mor_CFW,P_3000mor_ES_NS,P_3000mor_Tot,P_PersInc_NS_E,P_PersInc_NS_OM_IE,P_PersInc_NS_OM_UIE,P_PersInc_NS_CFW,P_PersInc_NS_ES_NS,P_PersInc_NS_Tot,P_Tot_E,P_Tot_OM_IE,P_Tot_OM_UIE,P_Tot_CFW,P_Tot_ES_NS,P_Tot_Tot
101,228,184,55,2821,2093,122,497,268,60,3041,2417,202,577,200,80,3481,3370,205,695,222,85,4570,5676,444,985,228,98,7434,7205,481,949,184,80,8895,7939,602,953,155,108,9754,7156,729,853,143,90,8969,4464,537,609,82,43,5738,3361,568,418,64,37,4450,2599,281,241,44,14,3191,2978,447,327,67,34,3852,877,454,346,68,19,1766,853,91,147,80,79,1247,53502,5230,7921,2343,907,69907
102,306,140,58,4975,4091,143,554,153,67,5010,4286,280,672,177,94,5511,5452,304,764,128,97,6741,8954,494,1052,160,128,10791,11121,661,975,101,147,13007,12492,791,1054,99,110,14548,11112,1031,1068,77,99,13384,7030,732,624,41,52,8478,5637,741,496,30,40,6945,4088,408,294,24,26,4843,4239,788,386,37,39,5483,1364,710,361,26,29,2486,1259,127,142,46,109,1674,85835,7324,8816,1517,1114,104601
103,190,207,66,2996,2408,107,524,299,70,3411,2898,172,595,305,92,4059,3756,198,668,286,120,5025,6236,331,1027,308,148,8045,8076,413,927,249,125,9788,8837,552,1005,216,118,10725,8334,687,953,167,121,10259,5740,456,593,82,55,6935,4940,467,493,84,59,6041,3960,246,278,46,29,4567,5373,413,425,53,46,6309,1595,460,442,86,36,2622,974,68,173,140,117,1469,65859,4631,8456,3012,1225,83186
104,134,97,32,2051,1586,57,350,152,51,2190,1976,110,470,147,79,2779,2635,135,533,125,68,3497,4457,242,726,125,67,5620,5803,329,689,86,94,7006,5885,338,632,83,77,7013,4790,393,469,50,49,5760,2989,252,324,50,36,3655,2298,269,203,42,20,2828,1823,110,128,17,6,2083,1769,217,161,20,22,2193,510,254,154,15,9,936,542,42,88,35,51,765,38948,2797,5141,1280,682,48847
105,89,123,34,1379,1135,45,260,195,51,1683,1312,98,303,184,57,1960,1859,108,383,198,65,2619,3381,171,548,177,73,4346,4648,235,502,129,75,5595,5059,280,555,126,71,6084,4863,320,536,137,76,5934,3173,225,295,63,41,3788,2706,221,290,34,33,3289,2149,133,190,34,20,2530,2606,221,216,40,28,3102,677,231,259,44,18,1233,649,58,155,94,99,1053,35440,2387,4692,1914,770,45204
106,199,142,38,4033,3281,134,468,233,72,4196,3860,198,522,202,69,4850,4612,210,564,153,97,5636,7451,449,796,154,108,8949,9316,458,733,105,110,10716,10319,565,747,80,124,11837,10314,771,699,104,91,11979,7365,484,447,55,48,8397,6556,521,295,57,51,7481,5242,291,181,20,29,5766,8518,503,224,39,37,9320,2699,549,256,45,24,3580,1262,79,130,70,101,1649,84669,5295,6383,1828,1019,99196
107,252,113,55,4645,4244,113,484,132,66,5028,4293,179,540,129,72,5209,5340,219,630,100,94,6384,8078,414,881,113,102,9593,9599,520,758,76,102,11050,10629,677,857,97,107,12363,10652,878,791,65,85,12472,7343,602,548,35,59,8597,6297,676,407,47,46,7469,4879,349,232,17,22,5505,6247,633,310,19,33,7245,1891,637,321,23,15,2898,1171,90,130,33,87,1509,85134,6073,7223,1236,962,100628
108,196,156,77,2971,2075,87,561,290,72,3082,2660,195,721,265,132,3974,3749,211,725,202,109,5003,6401,383,1024,187,129,8130,7963,451,910,119,132,9579,8064,477,889,95,108,9630,6592,504,714,71,85,7962,4064,357,485,34,48,4985,3079,352,305,37,28,3795,2479,179,168,18,26,2867,2396,315,247,32,17,3008,714,390,253,19,25,1406,883,68,166,48,85,1252,53818,4018,7478,1898,1094,68308
109,102,132,27,1924,1587,78,208,169,43,2084,1792,126,310,168,62,2459,2444,158,331,145,53,3132,4113,325,519,198,70,5237,5088,362,538,124,86,6199,6002,389,533,116,67,7110,5297,438,561,114,66,6473,3467,329,328,82,32,4248,2478,335,271,33,21,3136,1720,182,161,28,19,2103,1832,270,229,59,26,2415,443,350,210,43,8,1060,667,56,96,70,74,966,38699,3456,4476,1765,677,49077
110,191,256,54,2695,2135,104,489,336,67,3128,2558,160,570,357,85,3727,3316,204,683,301,117,4616,5747,298,936,325,120,7427,7891,425,880,230,127,9561,8691,502,981,198,127,10500,7777,557,926,177,102,9544,4696,410,530,82,48,5771,3751,385,422,84,51,4684,2816,201,239,54,20,3341,3410,312,368,71,32,4192,987,451,363,76,27,1910,938,86,191,159,144,1511,57087,4172,7957,3264,1148,73620
111,299,113,57,5990,5231,155,585,173,88,6227,5826,261,677,144,99,7005,7265,283,710,120,101,8489,11763,512,1002,121,131,13528,15297,731,1010,100,127,17267,18029,866,1038,90,130,20164,19061,1053,1028,79,111,21330,12904,850,658,48,83,14534,10863,887,506,51,70,12374,7794,490,298,12,34,8626,10636,922,454,27,42,12083,3786,1118,536,46,29,5519,1756,106,107,54,112,2143,136059,8357,8985,1469,1228,156101
112,281,187,73,3352,2646,104,689,276,106,3816,3095,209,946,277,106,4634,4565,271,1065,217,128,6241,7566,457,1416,216,139,9799,9526,491,1358,147,135,11662,9942,633,1276,155,140,12150,8452,798,1203,101,82,10639,4891,533,664,46,55,6192,3701,588,511,51,39,4896,2753,315,296,24,15,3406,2784,507,405,44,30,3767,887,586,408,38,23,1933,925,84,186,86,125,1407,64713,5672,10845,2173,1221,84622
113,114,146,42,2399,1851,63,277,228,46,2460,2241,127,344,214,60,2992,3001,145,429,176,71,3821,5254,324,693,231,107,6609,7771,356,734,195,110,9159,8594,477,818,161,122,10180,7670,554,735,166,103,9228,4939,380,513,100,58,5984,3717,380,378,74,45,4596,2746,215,231,37,21,3258,3019,329,284,49,35,3711,790,445,311,59,13,1620,905,79,152,104,71,1310,54750,3919,6105,2241,918,67936
114,167,97,39,2366,1797,103,318,128,58,2394,2085,180,450,140,63,2916,2737,199,511,81,53,3577,4453,318,722,117,90,5696,5356,369,674,74,93,6565,5606,416,682,64,70,6839,5054,489,722,57,57,6375,3138,329,394,47,35,3953,2608,412,285,33,40,3378,2019,236,179,23,18,2477,2133,372,243,25,15,2787,617,421,200,40,21,1294,636,80,105,39,60,925,40387,3962,5708,1188,724,51975
115,241,122,33,3939,3437,154,384,132,37,4135,3250,264,408,154,51,4133,3722,294,486,110,46,4658,5526,556,675,125,53,6936,6893,657,641,108,86,8386,8164,854,708,92,88,9914,8699,1048,768,90,79,10684,6088,870,526,51,50,7591,5243,988,394,56,33,6718,3997,594,270,25,18,4906,5834,1034,350,26,36,7270,2787,1085,349,40,22,4276,999,149,111,48,68,1368,68380,8672,6389,1453,720,85609
116,194,85,30,3542,3411,114,366,105,58,4065,3483,196,425,129,63,4300,4235,246,521,93,84,5176,6796,519,693,110,112,8231,10517,600,778,75,126,12088,13709,808,707,86,149,15467,14550,935,684,40,118,16331,9769,741,430,29,61,11025,7770,682,266,32,39,8788,5552,405,169,8,34,6162,6495,651,239,14,31,7432,2260,631,200,18,25,3131,1418,115,86,31,103,1748,93544,6730,5825,1056,1057,108208
117,337,152,95,6734,10344,247,688,205,167,11657,13162,495,959,200,213,15033,16218,584,1115,194,242,18349,24167,1149,1670,207,333,27522,34298,1509,1638,186,344,37975,50323,2049,1887,178,412,54847,65553,2647,1962,154,409,70722,55227,2106,1449,79,265,59131,52623,2562,1279,81,231,56780,40458,1883,956,71,165,43524,82156,3931,1619,85,244,88035,66599,7736,4297,141,304,79071,6285,395,304,85,444,7511,524989,27671,20352,2528,3947,579482
118,239,70,25,2927,3180,119,362,98,41,3796,3423,194,429,92,60,4193,4127,224,461,85,68,4960,5924,435,774,94,65,7285,7160,573,808,80,75,8697,8453,690,962,93,100,10296,9445,1004,1037,106,102,11689,6940,826,742,76,55,8633,6223,943,700,55,55,7980,4709,606,427,38,30,5809,6641,1125,716,67,38,8586,3029,1896,821,159,31,5935,1025,146,171,40,93,1472,73146,8917,8739,1376,849,93033
119,308,149,60,4793,5331,233,684,223,99,6570,5985,404,958,229,118,7689,6984,618,1141,187,123,9054,10771,1134,1542,216,195,13866,14190,1327,1531,199,203,17449,16714,1643,1515,173,208,20248,16700,1834,1405,133,186,20254,11080,1274,800,60,95,13306,9033,1274,603,53,70,11033,6265,742,368,25,48,7455,7824,1168,467,49,46,9557,2875,1252,505,51,38,4725,1850,221,184,55,167,2477,120308,13308,12116,2218,1690,149640
120,248,79,20,3180,3502,137,379,116,49,4172,3957,282,523,119,66,4943,4374,284,600,93,76,5426,6521,598,876,132,94,8207,8367,771,912,104,111,10257,11151,925,948,94,118,13236,12301,1118,1048,93,103,14665,8655,866,735,54,66,10373,7133,1000,553,51,42,8776,5293,620,345,33,38,6327,8453,1054,525,50,42,10115,4003,1316,492,43,27,5888,1202,123,114,29,106,1577,87976,9225,8354,1352,979,107890
121,458,170,40,6071,6035,266,624,187,68,7172,6014,425,687,183,82,7396,6974,456,815,143,98,8482,9698,838,1108,184,121,11954,12707,1111,1135,153,124,15228,18070,1448,1301,118,149,21086,22057,1653,1412,145,140,25407,17459,1571,1013,105,95,20243,16156,1745,911,95,73,18975,12362,1272,626,66,68,14396,23521,2532,1020,115,94,27284,16880,4194,1375,212,100,22768,2165,268,191,66,157,2842,175980,18024,12810,2407,1440,210668
122,316,89,19,4088,3105,155,447,140,25,3880,3055,247,462,118,44,3929,3733,323,576,87,54,4769,5558,549,875,121,78,7185,7058,728,907,81,71,8853,8415,979,1020,97,78,10584,9019,1173,1058,92,73,11418,6162,1094,859,65,52,8229,4926,1297,684,58,34,6997,3301,764,438,45,27,4577,4535,1516,674,59,24,6810,2382,1826,516,84,29,4836,971,152,142,27,72,1359,66066,10966,9053,1424,703,88217
123,176,99,31,3362,2898,114,301,103,43,3467,3096,172,346,109,59,3792,3462,236,435,76,63,4271,5748,423,603,81,98,6958,8064,487,616,68,120,9356,9382,659,667,56,105,10879,9237,832,567,49,88,10763,6049,612,354,21,54,7091,4735,636,265,16,36,5683,3538,354,169,11,26,4106,4147,538,208,16,23,4927,1314,496,182,23,29,2036,1050,96,70,27,62,1296,66011,5746,5018,938,856,78570
124,242,91,39,4340,3754,126,513,121,41,4557,3883,236,590,137,72,4924,4875,253,635,107,74,5949,7788,471,929,106,99,9392,9804,603,905,102,104,11517,11821,814,928,78,111,13756,11663,1036,867,59,89,13709,7961,734,602,39,70,9411,6510,696,465,34,36,7737,4790,461,280,20,20,5573,5290,697,342,27,22,6373,1575,608,333,25,26,2563,1285,129,142,38,84,1680,85258,6953,7862,1234,901,102208
125,260,110,62,4782,5697,210,546,193,111,6755,6495,373,759,217,129,7966,7749,501,890,173,148,9453,12765,943,1248,215,209,15376,19692,1242,1124,138,235,22426,26400,1507,1220,131,265,29519,29732,1767,1163,105,208,32977,21221,1308,669,53,129,23376,17218,1279,545,40,88,19167,13017,706,310,28,62,14125,18495,1224,445,33,72,20267,7515,1416,434,29,58,9453,2561,193,187,43,226,3211,193537,12888,9890,1869,2036,220226
126,158,70,30,2770,3051,102,249,62,35,3502,2793,164,296,82,35,3379,3231,188,368,81,49,3920,4778,315,472,67,51,5681,6186,403,475,58,46,7165,8151,522,487,58,50,9274,10321,671,548,56,52,11652,8419,517,332,31,52,9350,8117,542,234,28,20,8946,6920,351,203,18,23,7523,13769,640,307,25,37,14774,9061,872,271,28,39,10271,1073,83,71,22,77,1331,88638,5483,4520,846,617,100093
127,164,112,56,3468,4448,155,418,174,91,5282,4621,329,575,147,98,5771,5160,388,708,149,119,6517,8431,743,961,157,162,10449,11945,948,1011,106,182,14185,14796,1118,996,92,185,17187,14439,1371,938,92,164,17004,10082,936,526,46,80,11670,7693,881,391,41,56,9061,5511,528,193,16,37,6292,6115,781,279,15,46,7234,1964,839,278,24,33,3140,1518,166,129,36,149,1990,100227,9299,7664,1553,1488,120230
128,204,65,37,3625,3023,96,290,95,37,3535,2907,164,364,89,29,3552,3469,174,395,67,54,4162,5021,366,541,78,55,6058,6079,541,591,69,63,7329,6803,673,641,59,69,8241,6782,868,668,69,87,8472,4515,659,423,25,32,5653,3745,771,404,27,38,4990,2781,481,238,17,22,3539,3322,757,331,26,29,4466,1134,823,311,26,17,2322,779,104,73,26,60,1040,53843,6565,5522,896,634,67454
197,0,0,0,0,3,0,0,0,0,3,0,0,0,0,0,3,0,0,0,0,3,3,0,0,0,0,0,3,9,0,3,0,0,12,8,0,0,0,0,10,6,3,3,0,0,14,4,0,0,0,0,4,8,0,0,0,0,9,4,0,0,0,0,4,12,0,0,0,0,11,11,0,0,0,0,16,0,0,0,0,0,0,65,7,16,0,3,90
199,939,174,77,3849,3820,260,2162,178,154,6583,4682,498,2945,203,187,8520,6261,639,3501,169,235,10803,8914,1278,4797,200,288,15476,9332,1717,4905,143,291,16387,10723,2314,5589,137,315,19077,10878,2898,5773,99,312,19961,6945,2053,3893,51,143,13076,5266,1907,2729,65,108,10075,3120,1043,1492,20,64,5739,3772,1211,1563,44,74,6653,1316,814,718,44,48,2938,1527,372,690,70,255,2913,79641,17188,41955,1991,2587,143362
201,154,137,58,2711,2377,106,325,173,51,3036,2472,157,398,154,66,3245,3221,194,438,112,71,4034,4990,343,568,125,78,6098,6304,411,542,111,100,7469,7185,428,525,85,73,8297,6684,473,464,64,76,7757,4288,383,236,40,35,4983,3304,335,175,19,28,3870,2143,186,130,23,16,2496,2202,327,174,22,16,2741,701,379,190,41,13,1330,720,59,80,47,63,963,49088,3859,4463,1422,771,59603
202,162,118,53,2804,2115,93,345,164,45,2762,2369,141,433,145,52,3136,3037,160,449,119,67,3834,5118,313,596,133,90,6242,6787,354,575,110,108,7932,7381,467,571,81,90,8591,6660,484,531,48,74,7793,4531,398,305,27,30,5282,3366,364,259,24,26,4047,2114,178,136,18,21,2473,2402,330,166,17,12,2926,727,382,175,15,15,1317,774,54,97,64,53,1039,49977,3781,4865,1329,755,60709
203,260,156,75,5200,4365,179,491,171,57,5268,4611,269,627,194,88,5788,5556,287,640,142,75,6702,8642,551,864,152,112,10321,10486,598,871,129,126,12209,12091,804,832,109,127,13960,12165,870,879,89,90,14102,8274,736,566,75,54,9702,6579,743,455,46,57,7874,4476,417,244,30,38,5193,5143,669,364,45,30,6255,1841,872,360,59,18,3147,1429,132,129,58,103,1855,90633,7251,7651,1778,1074,108389
204,189,175,55,2934,2140,118,416,288,61,3024,2469,232,516,283,75,3569,3297,251,627,204,82,4461,5329,418,850,260,114,6970,6983,551,740,143,122,8546,7856,561,832,146,111,9503,7330,630,695,124,100,8885,4898,413,456,78,36,5881,3444,425,343,49,48,4312,2341,198,198,33,30,2806,2155,339,248,41,19,2799,640,351,229,49,17,1296,923,83,147,84,81,1324,52460,4668,6599,2337,982,67050
205,314,237,78,4549,3633,151,660,328,105,4872,4039,267,870,317,113,5614,5154,323,960,245,124,6815,8128,543,1258,296,158,10388,9603,683,1172,191,153,11802,10375,702,1153,180,164,12568,9788,798,1035,140,142,11901,6336,563,693,73,66,7734,4946,556,476,61,48,6091,3485,342,220,37,33,4117,4428,477,348,50,43,5350,1971,522,302,71,34,2899,1295,151,259,129,136,1969,77348,6199,9931,2882,1431,97786
206,680,301,177,13293,17168,486,1338,413,255,19659,18915,859,1541,373,300,21980,22174,986,1738,335,351,25590,33191,1713,2463,382,456,38208,45135,2184,2558,310,477,50675,65534,2794,2925,328,546,72126,81758,3557,2967,241,528,89052,66652,2952,2229,148,329,72317,60894,3472,1842,164,292,66662,44621,2351,1284,99,183,48543,82142,4851,2174,148,267,89590,52695,8517,4345,222,318,66101,8120,589,469,152,542,9877,612964,35893,28858,4573,5124,687418
207,343,150,47,6509,6117,252,562,184,66,7182,5639,427,621,215,61,6973,6218,487,668,142,90,7606,9011,790,955,185,105,11047,11018,961,925,161,100,13158,13953,1043,1051,146,129,16313,15307,1349,1034,127,97,17920,11281,1031,741,87,64,13204,9829,1229,639,74,56,11836,7069,800,416,46,45,8374,10294,1507,614,71,46,12523,4992,2093,727,103,36,7953,1822,204,168,49,110,2359,118882,12412,9567,2179,1083,144126
208,424,196,64,7405,6688,256,734,200,73,7961,6160,452,783,211,98,7708,7021,527,918,169,100,8733,10386,872,1234,183,122,12805,13823,1163,1272,169,151,16581,16609,1346,1381,122,160,19616,16744,1765,1425,129,135,20197,11089,1389,970,68,69,13592,8557,1666,767,109,57,11160,5761,1012,508,56,45,7382,7099,1751,812,73,41,9781,3257,2162,808,131,41,6406,2025,266,230,64,157,2750,122323,14931,12411,2396,1353,153409
209,399,184,105,7636,6479,242,722,225,98,7765,6153,429,828,190,115,7712,6967,542,889,181,136,8715,10867,890,1259,179,183,13366,14092,1125,1123,163,173,16675,16458,1338,1224,122,202,19351,16459,1490,1163,113,149,19380,11170,1174,719,61,92,13217,8679,1255,526,45,66,10574,5873,673,325,31,36,6938,6139,1067,422,41,34,7709,2546,1127,442,43,32,4191,2038,229,165,70,177,2687,121288,11803,10319,2059,1623,147092
210,256,141,65,4806,4490,206,520,182,101,5500,4631,319,654,164,113,5875,5624,426,714,139,147,7055,9723,793,1023,164,165,11864,13916,1037,969,103,208,16244,17946,1180,929,95,221,20371,17961,1377,878,84,184,20485,11925,1048,556,54,87,13668,8822,1034,365,51,67,10346,5953,620,269,24,33,6891,7301,861,293,36,28,8519,3135,904,234,33,36,4344,2061,200,171,63,155,2655,118215,10165,7926,1695,1655,139656
211,552,236,98,9124,7709,273,913,317,94,9313,7248,596,1005,314,115,9271,8383,629,1124,238,127,10504,12900,995,1545,242,159,15839,16861,1351,1485,215,190,20110,20363,1653,1547,154,208,23922,19726,1929,1464,155,174,23457,12881,1510,1013,76,92,15563,9708,1593,712,78,58,12156,6350,885,442,35,42,7761,7642,1395,604,50,43,9729,3120,1402,419,58,47,5042,2460,274,228,88,174,3233,144015,14750,13182,2841,1662,176445
212,556,309,132,10425,10032,411,1163,402,165,12170,9949,761,1300,386,183,12589,12029,824,1492,303,223,14870,19972,1468,1963,370,280,24051,29040,1921,1935,281,367,33540,36502,2245,2083,243,313,41387,38074,2665,1908,175,288,43108,25660,1967,1208,106,178,29116,19976,1996,852,85,121,23035,13475,1218,494,64,69,15322,17552,1863,668,78,81,20240,7331,2207,658,90,71,10359,4101,362,304,108,273,5160,254044,20278,16775,3763,2806,297667
213,486,232,115,8937,8514,324,957,282,172,10249,8448,547,1197,301,201,10693,9806,664,1223,244,195,12132,15440,1174,1656,281,243,18797,21923,1488,1576,240,280,25504,26993,1758,1655,164,327,30892,27465,2091,1487,129,220,31393,18408,1408,880,81,130,20911,13429,1407,664,64,93,15656,8893,779,399,27,70,10171,10206,1225,485,49,65,12025,3760,1309,428,42,66,5598,3217,209,256,97,246,4026,185285,14654,13524,2829,2482,218781
214,281,142,48,4696,3563,190,513,199,54,4514,3632,295,627,175,82,4815,4459,349,750,155,101,5810,7451,636,983,136,102,9304,9079,754,934,111,123,11004,10046,968,939,108,111,12177,9142,1099,973,100,84,11401,5904,966,678,52,58,7656,4344,923,517,50,35,5873,2973,534,303,34,18,3861,2872,792,353,39,31,4089,1102,829,358,53,26,2362,1346,166,165,63,101,1840,70365,8637,8447,1736,988,90174
215,167,218,58,2597,1936,105,357,287,69,2750,2107,181,438,260,69,3054,2868,269,501,304,69,4021,4818,440,736,318,121,6432,6579,494,665,250,111,8096,7135,594,717,215,116,8771,6355,648,629,192,58,7879,3839,400,377,99,40,4758,2816,433,276,48,42,3620,1760,214,166,45,27,2207,1647,293,224,43,23,2230,498,353,189,83,14,1147,783,88,135,130,89,1228,45481,4624,5735,2973,910,59720
216,132,129,55,2319,1499,96,267,191,31,2086,1928,169,412,197,64,2771,2598,219,437,149,68,3468,4404,364,568,193,81,5608,5675,454,555,117,95,6908,6582,491,569,83,71,7793,6234,542,485,67,85,7415,3757,380,266,42,37,4480,2813,336,190,38,23,3396,1865,184,114,23,19,2205,1731,334,150,22,21,2259,573,326,187,44,27,1151,791,98,105,76,86,1164,42552,4079,4575,1715,790,53711
217,174,140,38,2276,1776,92,327,177,49,2419,1930,107,418,196,57,2708,2343,166,548,170,55,3281,3885,250,676,170,77,5064,4727,308,652,180,68,5940,5508,364,729,136,80,6817,5160,417,611,110,64,6372,3179,304,402,67,40,3989,2447,262,285,45,39,3071,1654,156,188,33,18,2049,1863,251,272,38,26,2451,645,315,283,50,24,1322,666,79,129,59,63,996,37828,3134,5844,1854,731,49392
297,0,0,0,0,4,0,0,0,0,3,0,0,0,0,0,0,0,0,0,0,0,3,5,0,0,0,0,3,7,4,0,0,0,7,5,0,0,0,0,5,5,0,0,0,0,9,10,0,0,0,0,7,8,0,0,0,0,8,11,0,0,0,0,11,28,0,0,0,0,28,59,0,0,0,0,60,3,0,0,3,0,5,139,3,4,3,3,155
299,719,135,66,3522,3530,222,1875,169,127,5917,3897,409,2220,159,142,6830,5299,620,2736,140,218,9016,7172,1064,3875,136,240,12486,7334,1502,4014,123,246,13207,8409,2099,4601,128,268,15509,8405,2518,4853,103,267,16146,6024,1804,3268,53,157,11307,4322,1770,2184,26,106,8413,2767,863,1196,23,56,4907,3144,1064,1089,20,63,5374,1130,636,508,36,45,2357,1595,397,640,76,216,2924,66028,15169,33979,1616,2241,119037
301,207,110,26,3549,2849,105,333,118,35,3447,2699,181,399,119,52,3446,3237,216,462,73,50,4046,5467,364,642,98,63,6626,7975,503,602,80,76,9236,9790,670,654,67,70,11250,9736,861,668,75,65,11405,6193,633,402,41,32,7295,5069,805,349,39,30,6299,3323,454,238,23,11,4049,4177,754,280,30,17,5263,1693,751,194,34,18,2694,949,116,79,27,67,1239,66539,6531,5561,1145,643,80416
302,188,82,36,3884,3435,63,341,89,48,3982,3584,154,379,75,49,4236,4448,185,415,66,56,5168,7675,333,617,68,81,8779,11996,418,567,72,114,13160,15087,547,636,60,113,16440,15800,694,655,53,77,17281,10587,576,449,34,51,11696,9108,726,364,25,34,10266,6125,417,224,24,27,6820,8870,710,297,18,33,9937,3713,820,250,32,23,4838,1386,79,94,25,89,1665,105620,5810,5549,918,830,118730
303,298,135,38,4761,4940,202,518,159,68,5889,5060,314,640,165,67,6246,6167,376,719,132,72,7463,10211,611,1011,168,127,12125,14496,788,988,141,110,16527,19033,1001,999,136,144,21311,20677,1248,1035,103,123,23188,14330,942,666,68,83,16091,11982,1143,480,64,72,13740,7548,622,288,27,31,8514,9738,1175,408,43,33,11404,3559,1298,425,56,41,5380,1676,146,120,32,107,2075,134055,10049,8706,1757,1131,155691
304,199,56,22,3396,3190,90,259,78,22,3631,2639,136,276,64,27,3144,2890,139,324,60,24,3435,4397,251,425,67,49,5192,4907,277,419,48,37,5691,5645,368,468,44,28,6555,6459,482,495,40,28,7510,5146,365,295,29,11,5852,4499,535,278,35,14,5373,2717,281,186,25,9,3226,3408,501,270,29,19,4236,1318,657,210,39,10,2237,588,52,62,15,46,765,51105,4222,4222,771,361,60680
305,291,112,43,5737,7081,159,475,129,75,7909,7781,279,590,128,87,8864,9511,341,601,115,93,10658,14650,621,848,131,142,16386,20570,734,935,105,151,22492,29318,950,1058,108,168,31601,38161,1372,1138,123,154,40941,31772,1201,851,80,111,34017,29961,1588,717,58,95,32429,22772,978,521,34,75,24387,39441,2240,877,86,103,42743,22373,3992,2053,131,116,28669,2971,202,166,46,165,3554,282339,14870,11220,1778,1603,311812
306,206,168,55,3492,2637,95,465,236,69,3503,3321,230,612,232,81,4482,4517,235,719,195,101,5759,8266,468,1008,184,120,10039,11441,556,1021,154,158,13325,13058,713,1002,139,104,15014,11601,889,930,127,113,13651,7315,615,605,66,70,8675,6008,683,490,50,52,7282,3625,356,250,39,19,4289,3913,552,340,48,39,4892,1241,622,334,55,22,2270,1244,108,187,100,135,1780,81498,6198,8296,2176,1176,99348
307,189,268,40,2066,1440,79,340,367,60,2289,1629,154,499,348,63,2690,2142,149,513,282,79,3157,3944,335,750,276,78,5390,5311,367,640,222,84,6633,6125,444,701,196,96,7565,5807,517,622,189,87,7216,3683,370,456,89,48,4641,3040,384,297,66,34,3821,2096,191,192,63,17,2552,3197,265,262,65,17,3806,1196,345,234,113,26,1918,634,104,150,190,71,1156,41910,3798,6061,3341,821,55924
308,228,157,42,3478,2831,69,383,186,49,3516,2991,136,446,202,67,3839,3703,134,470,124,64,4498,6374,288,629,161,91,7542,8365,353,626,124,77,9541,9539,418,574,126,120,10768,9890,576,665,113,79,11332,7502,468,433,80,53,8528,6428,521,332,66,50,7398,4911,261,218,43,29,5456,8738,482,324,47,50,9650,3882,520,339,87,27,4861,1140,101,112,101,102,1561,79583,4394,5888,2066,908,92845
309,517,299,79,8936,7979,375,1113,395,125,9979,8781,729,1336,421,163,11427,11337,793,1553,336,167,14194,19471,1450,2169,358,266,23724,26317,1844,2221,273,268,30925,29774,2214,2313,266,232,34810,27477,2764,2280,230,220,32969,17252,2223,1513,178,133,21296,13905,2397,1163,131,86,17684,8739,1296,638,64,50,10790,10595,2252,839,106,72,13862,4325,2667,758,131,77,7955,2966,362,309,123,247,3999,197500,21696,18937,4108,2221,244461
310,262,141,42,3828,3292,104,484,213,50,4144,3391,193,528,169,77,4353,4293,189,615,140,78,5310,7771,396,793,153,108,9227,11542,473,771,101,145,13037,14272,618,751,83,107,15833,14319,695,775,80,104,15970,9864,541,467,35,63,10958,8087,554,326,48,53,9063,4764,295,197,20,17,5303,5462,468,256,26,29,6243,1700,545,237,37,22,2534,1320,97,129,49,125,1721,93723,5267,6679,1643,1026,108330
311,222,111,45,3637,3194,137,474,179,63,4043,3398,221,524,181,70,4390,4225,275,625,147,87,5363,7581,503,822,184,97,9191,10678,637,845,107,110,12376,11954,813,890,96,116,13874,11332,931,825,84,75,13256,7205,731,529,45,52,8566,5602,761,396,28,35,6825,3120,391,206,24,16,3764,3504,666,272,19,16,4476,1091,666,211,25,13,2008,1167,128,126,57,95,1578,77576,6971,7051,1634,921,94157
312,153,125,33,2508,1958,71,294,155,35,2517,2326,127,297,129,66,2947,3015,156,326,105,64,3676,5370,254,506,134,79,6346,6860,290,519,107,111,7889,8147,366,535,105,80,9233,8006,532,548,88,93,9268,5592,438,338,63,43,6476,5126,528,245,51,56,6008,3858,259,152,29,27,4328,7293,441,221,37,44,8035,2743,539,196,58,33,3566,1144,104,88,103,89,1527,63848,4179,4484,1675,858,75048
313,198,114,32,3247,2469,84,372,134,48,3103,2676,177,428,124,62,3460,3263,169,447,125,59,4059,5736,351,668,120,88,6961,7127,411,615,90,78,8324,7811,483,588,77,68,9034,7426,541,603,50,49,8680,4694,471,353,31,38,5581,3780,486,296,25,23,4610,2003,250,166,11,8,2444,2055,385,198,23,12,2677,700,373,184,21,10,1288,823,80,86,34,56,1077,53633,4329,5273,1224,648,65099
314,211,101,18,2864,2131,73,303,79,28,2612,1957,130,354,89,28,2555,2375,184,326,67,32,2990,3937,269,493,64,38,4798,5205,365,510,53,27,6164,5932,420,491,47,53,6940,5394,586,465,64,31,6536,3216,470,341,23,18,4067,2823,588,246,25,17,3697,1456,259,130,13,13,1873,1739,508,204,23,18,2488,586,429,164,14,12,1202,563,49,63,11,40,721,39995,4405,4341,882,361,49984
315,63,101,13,794,915,44,140,140,19,1254,898,66,151,134,33,1281,1360,67,175,116,29,1735,2547,140,251,105,49,3088,3082,145,291,69,49,3631,3386,158,283,81,47,3953,3734,191,280,71,50,4321,2916,142,196,42,25,3327,2569,185,144,28,26,2951,2213,99,105,33,15,2466,4476,134,128,26,25,4784,1298,149,130,59,28,1665,669,55,94,75,50,945,30755,1628,2500,1400,468,36755
316,418,231,57,5707,4463,230,894,343,65,5996,4829,410,1018,246,106,6605,6483,431,1215,225,106,8463,10741,864,1636,293,131,13665,13611,1136,1483,191,145,16565,14107,1242,1512,187,127,17171,12804,1527,1434,161,106,16036,7843,1262,963,105,79,10254,6604,1370,683,77,50,8782,4074,702,438,42,34,5290,4999,1179,495,79,39,6798,1938,1294,496,78,40,3837,1399,181,212,86,130,2007,99112,12033,13036,2901,1227,128313
317,118,93,28,2472,2021,51,256,106,38,2473,2142,112,294,111,56,2713,2879,125,313,89,49,3455,5105,217,426,90,58,5895,7194,290,412,90,67,8059,7957,374,406,60,71,8867,8017,479,446,62,45,9053,5272,396,244,43,30,5977,4513,404,236,33,31,5219,2792,217,114,23,21,3158,3207,364,163,15,15,3765,913,497,179,26,12,1633,695,67,66,44,45,921,55053,3666,3723,1077,575,64098
318,171,114,46,3859,3201,80,377,166,42,3860,3210,134,369,116,60,3892,4203,145,481,124,69,5024,7111,328,654,150,90,8341,9562,425,660,104,96,10848,11702,555,684,74,111,13126,12610,613,653,111,88,14079,9525,552,420,66,45,10603,7652,567,386,56,42,8702,4594,284,207,26,28,5139,5241,480,272,24,12,6034,1517,453,291,40,17,2320,1215,80,110,77,82,1560,85159,4782,5823,1594,860,98214
319,301,274,63,3794,3047,126,654,398,87,4311,3671,233,821,395,143,5259,5061,266,866,307,109,6612,8492,484,1160,304,123,10569,10890,538,954,202,131,12715,11238,560,929,169,99,12984,9886,721,795,127,80,11615,5773,461,458,75,59,6822,4940,496,346,56,41,5868,2782,248,193,30,20,3276,2836,350,306,43,26,3555,794,409,286,73,20,1585,1105,107,201,137,120,1676,73873,5096,8493,3234,1143,91831
397,0,0,0,0,0,0,0,0,0,0,0,0,0,0,0,3,3,0,0,4,0,10,9,0,0,0,0,9,5,0,0,0,0,12,14,0,3,0,0,17,17,0,3,0,0,22,17,0,3,0,0,22,13,0,0,0,0,14,12,0,3,0,0,17,43,5,0,0,0,47,28,0,0,0,0,28,3,0,0,0,0,3,174,12,15,6,0,202
399,730,122,50,2731,2311,184,1512,183,80,4270,2884,268,2000,161,109,5421,3699,388,2206,123,146,6557,5540,671,3027,118,181,9539,6518,908,3089,105,149,10762,7825,1178,3562,85,185,12836,8494,1637,3722,89,178,14120,5796,1321,2537,48,95,9798,4201,1353,1771,47,71,7445,2850,695,1060,25,55,4683,3400,879,996,33,40,5346,1330,515,445,25,41,2356,1131,186,493,58,169,2040,58103,10357,27359,1522,1571,98920
401,356,161,65,6938,7289,199,691,222,109,8505,7155,345,806,212,127,8633,8944,394,911,196,134,10591,14069,623,1279,169,148,16285,17973,756,1273,162,159,20323,23673,965,1382,145,178,26338,27007,1272,1342,136,172,29933,19509,1062,886,70,98,21622,17099,1252,758,72,87,19268,11825,776,461,35,54,13147,16071,1464,830,86,65,18520,7012,2170,1402,98,60,10740,2023,161,185,51,153,2570,186414,11646,12679,2267,1645,214651
402,266,127,74,5181,4770,138,595,211,87,5801,4812,208,720,184,82,6006,6056,257,832,131,121,7387,10251,405,1156,154,127,12095,13624,567,1069,144,146,15544,16329,685,1095,90,130,18327,15638,843,1020,89,126,17712,9931,607,531,27,66,11164,7845,572,395,48,49,8912,5514,297,208,22,24,6061,5734,483,321,28,29,6592,1634,505,271,21,23,2450,1394,78,126,39,109,1737,108570,5750,8709,1623,1205,125856
403,335,109,58,5139,4460,128,625,167,66,5456,4278,190,654,173,64,5364,5424,247,815,118,88,6692,8313,391,1154,148,104,10114,9888,496,1025,96,102,11609,11385,614,1127,96,98,13318,11276,757,1036,71,94,13236,6817,600,616,50,45,8120,5632,647,491,48,38,6850,3927,350,253,28,23,4576,3604,536,416,39,23,4620,1266,547,360,44,19,2228,999,89,105,32,74,1302,82099,5689,9085,1491,902,99265
404,172,62,57,3549,3808,109,394,102,61,4477,3850,166,472,87,86,4659,5125,217,551,86,113,6089,8776,395,848,108,116,10251,12764,512,746,76,134,14235,16960,663,822,62,138,18645,16768,798,780,58,112,18512,10743,637,462,39,72,11947,8538,727,387,40,31,9720,5958,381,221,18,20,6591,7059,637,306,21,31,8059,2419,685,279,24,30,3442,1255,85,93,24,114,1568,107555,6097,6617,980,1145,122391
405,144,144,28,1640,1309,58,338,198,58,1968,1584,106,385,175,44,2299,2142,130,408,153,67,2902,3251,217,609,187,75,4342,3921,264,573,172,66,5006,4519,315,607,148,69,5660,4172,370,595,133,67,5337,2759,277,363,88,29,3518,2057,278,330,82,40,2784,1296,130,182,43,18,1678,1278,211,230,51,12,1789,340,227,200,50,12,831,447,34,102,73,56,705,30455,2691,5151,1986,658,40942
406,80,65,24,1213,1150,43,160,88,37,1475,1222,54,187,88,44,1594,1661,77,230,78,49,2096,2605,120,314,84,34,3160,2973,175,315,90,49,3598,3516,163,340,73,65,4161,3699,234,351,77,59,4427,2716,200,241,52,17,3231,2603,186,202,42,31,3067,2234,120,107,27,14,2495,3327,128,138,32,18,3635,1009,150,145,60,22,1385,509,24,66,41,38,687,30344,1714,2926,1047,498,36522
407,200,220,48,2761,2325,123,540,336,62,3382,2686,163,635,301,84,3860,3558,265,748,312,102,4985,6143,374,1084,297,135,8036,7894,445,1041,229,145,9747,8440,487,950,221,140,10238,7310,616,897,186,90,9090,4032,404,548,99,53,5142,2764,363,372,84,39,3628,1762,224,207,60,16,2273,1678,309,341,85,21,2427,400,344,289,88,31,1152,721,91,156,124,82,1179,52142,4305,8175,3132,1073,68823
497,0,0,0,0,0,0,0,0,0,0,0,0,0,0,0,0,0,0,0,0,0,0,4,0,0,0,0,4,0,0,0,0,0,3,3,0,0,0,0,3,4,0,0,0,0,4,4,0,0,0,0,4,3,0,0,0,0,3,7,0,0,0,0,7,21,0,0,0,0,22,15,0,0,0,0,15,0,0,0,0,0,0,52,0,4,0,0,64
499,303,46,19,1082,1110,59,661,50,39,1914,1257,99,781,52,63,2250,1593,108,922,54,56,2729,2255,196,1362,45,65,3932,2307,326,1469,34,59,4199,2527,366,1591,35,79,4601,2502,471,1642,25,53,4697,1471,324,1072,19,37,2932,1043,314,688,14,27,2077,610,150,366,0,8,1133,743,205,354,12,12,1332,257,126,148,10,10,551,318,55,160,22,36,591,18802,2837,11594,492,577,34306
501,203,164,38,2877,2128,76,400,221,57,2877,2515,130,457,188,56,3347,3238,147,493,173,61,4109,5120,260,678,194,101,6351,6191,290,693,144,82,7400,6800,415,822,137,82,8250,7018,495,888,143,82,8628,4827,414,539,91,50,5919,4380,522,480,74,45,5503,3590,253,292,35,30,4193,5925,444,369,48,56,6836,1901,500,327,53,20,2804,797,63,134,70,64,1125,57099,4071,6854,2081,847,70945
502,113,32,23,1385,1229,48,153,50,14,1498,1330,55,166,37,21,1613,1442,56,178,41,14,1727,2256,90,264,45,29,2686,2442,94,229,47,17,2826,2511,138,264,30,17,2957,2421,195,255,26,27,2920,1611,188,172,28,13,2005,1416,172,155,11,12,1770,1201,117,89,10,12,1434,1711,184,123,12,12,2041,462,194,129,8,10,800,315,22,43,10,26,419,21649,1581,2355,499,259,26336
503,212,96,39,4897,5801,117,342,113,60,6439,5960,169,385,104,77,6695,7052,205,434,94,87,7876,10413,396,656,123,107,11697,12965,464,699,72,101,14298,18333,619,774,93,119,19940,25806,915,884,100,128,27836,22125,784,676,58,98,23744,20225,1021,697,51,71,22069,15731,757,434,57,60,17032,31215,1725,814,87,89,33925,23128,3554,1710,110,101,28605,2294,130,152,41,128,2749,206193,10995,8960,1500,1296,228947
504,249,123,34,3726,3431,102,390,126,33,4089,3278,195,515,142,53,4176,3863,187,505,87,47,4696,5937,350,724,125,72,7200,7340,463,722,98,86,8703,9601,574,846,76,92,11192,10728,787,894,99,76,12591,7459,609,589,61,64,8785,6325,799,495,47,38,7698,4368,481,313,30,19,5215,5318,773,430,36,36,6593,1549,711,265,41,12,2577,1050,95,103,29,83,1362,73819,6230,7140,1443,756,89384
505,503,153,79,8209,6849,180,844,172,63,8110,6577,261,903,166,97,8007,7529,338,953,172,98,9089,11193,571,1375,201,122,13463,13233,702,1366,162,124,15582,15848,1026,1595,147,149,18758,17515,1396,1720,150,117,20894,12185,1202,1317,93,86,14887,9979,1523,1082,92,62,12732,7363,942,664,65,40,9071,9627,1664,894,84,57,12322,3389,1722,760,63,42,5985,1728,176,237,62,121,2319,130916,11877,14344,2256,1288,160681
506,402,194,69,6947,6781,173,703,215,72,7947,6644,332,783,163,93,8016,8073,355,945,164,93,9628,12515,618,1268,206,105,14710,16220,807,1245,164,175,18605,21743,1011,1400,146,187,24482,25324,1455,1519,167,188,28659,18305,1138,1080,95,116,20734,15223,1365,911,78,79,17657,11212,769,532,49,71,12630,16543,1512,805,76,59,19000,6523,1748,641,92,54,9049,2251,179,176,63,171,2837,174207,11649,12529,2353,1553,202292
507,404,158,58,6662,5893,139,649,186,69,6939,5677,223,607,163,75,6744,6527,253,688,116,62,7645,9841,475,1045,161,108,11631,11697,557,998,155,110,13521,14681,753,1209,110,121,16876,16903,1043,1303,131,123,19506,12735,902,881,89,79,14681,11220,1087,778,79,70,13226,8832,693,499,60,44,10126,13325,1291,694,61,56,15435,5532,1439,588,90,52,7698,1713,101,145,40,117,2120,131011,9108,10642,2048,1172,153980
509,190,204,30,1743,1405,90,341,282,44,2154,1812,119,435,304,73,2735,2239,172,510,305,60,3287,3702,321,756,336,79,5189,4410,351,787,274,95,5913,5236,428,851,242,101,6854,5348,552,896,252,82,7128,3455,478,682,197,51,4847,3121,464,589,143,46,4368,2472,277,327,86,25,3184,3702,430,478,115,46,4761,960,503,456,137,35,2098,623,80,181,152,60,1096,39895,4346,7606,3526,833,56206
510,40,33,26,996,963,30,97,39,20,1147,929,37,89,17,24,1093,1157,40,85,32,30,1341,1909,74,123,43,39,2191,2551,92,140,23,46,2857,3458,129,155,39,51,3825,4796,204,205,24,56,5287,4621,192,125,20,42,4989,5025,205,120,19,39,5398,5552,110,101,25,35,5827,16473,229,133,23,70,16922,13586,314,168,16,48,14134,993,28,62,27,50,1160,63117,1695,1683,466,590,67549
511,93,91,16,1379,1134,36,159,80,18,1433,1275,68,208,73,40,1663,1665,82,215,81,39,2090,2783,182,325,96,50,3429,3463,207,298,57,39,4057,4098,234,369,79,52,4830,4932,345,453,102,57,5896,4022,290,322,49,41,4719,4304,321,255,49,31,4955,4021,224,145,27,32,4453,8740,338,228,34,46,9384,3482,424,229,55,24,4220,749,53,75,34,59,964,45980,2856,3419,1120,563,53941
597,0,0,0,5,0,0,0,0,0,3,8,0,0,0,0,5,8,0,0,0,0,9,8,0,0,0,0,7,12,0,0,0,0,19,20,0,0,0,0,21,40,0,3,0,0,44,28,0,3,0,0,32,48,9,0,0,0,57,77,0,0,0,3,79,434,3,5,0,0,447,820,7,8,0,0,837,26,0,0,0,3,32,1533,22,23,5,8,1595
599,382,58,32,1492,1398,72,777,74,33,2352,1499,101,917,58,55,2629,1886,128,1044,53,55,3165,2617,246,1483,77,79,4508,2839,304,1594,58,90,4883,3439,501,1938,53,92,6020,3965,688,2310,61,98,7117,3055,590,1821,29,68,5570,2460,641,1419,29,52,4591,1892,392,849,6,42,3185,3352,511,996,15,45,4914,1711,354,370,19,32,2483,579,64,240,25,75,983,31866,4658,16258,754,848,54378
601,203,71,58,3705,3438,70,442,103,51,4108,3573,130,546,90,65,4399,4734,126,599,117,88,5669,8021,263,832,93,105,9314,9968,369,847,77,115,11380,12155,426,785,65,112,13539,12757,525,781,47,91,14192,8702,423,551,45,53,9776,7318,446,410,25,39,8236,4843,298,255,17,34,5448,5383,549,379,22,42,6376,1752,628,387,30,26,2823,918,57,91,33,85,1176,87152,4358,7171,1005,974,100657
602,123,90,31,1985,1954,56,317,174,46,2546,2189,118,395,125,53,2884,2941,135,406,109,60,3651,4827,219,551,107,79,5781,6100,279,520,77,72,7042,6619,290,540,60,67,7583,6213,386,473,48,55,7169,3886,293,297,33,27,4540,3104,285,199,24,14,3629,2127,136,117,14,14,2407,1873,257,173,22,10,2340,582,308,204,22,7,1120,573,46,77,38,52,783,44812,2847,4450,1138,596,53845
603,47,55,3,358,335,24,118,63,19,557,398,32,160,49,18,660,540,30,161,48,20,791,811,47,199,55,26,1132,973,63,190,37,25,1292,933,65,153,25,20,1198,820,73,175,27,28,1130,477,46,82,13,7,635,321,60,70,14,10,464,186,19,45,5,7,259,180,36,58,6,7,293,52,42,61,12,0,166,114,13,24,14,13,176,6397,568,1574,513,196,9257
604,96,75,34,1672,1505,58,217,136,41,1957,1757,68,277,106,58,2270,2448,98,309,76,67,2993,3858,173,426,95,54,4601,4763,235,407,58,67,5536,5153,217,335,67,48,5822,4903,265,332,35,59,5597,2967,207,223,30,37,3458,2507,202,162,23,23,2917,1717,98,70,8,23,1921,1590,170,111,17,16,1898,419,181,123,17,12,753,484,33,55,36,60,666,35637,2029,3190,936,613,42413
697,0,0,0,0,0,0,0,0,0,0,0,0,0,0,0,0,0,0,0,0,0,0,0,0,0,0,0,0,0,0,0,0,0,6,3,0,0,0,0,3,6,0,0,0,0,6,0,0,0,0,0,3,4,0,0,0,0,4,11,0,0,0,0,11,14,0,0,0,0,15,9,0,0,0,0,9,0,0,0,0,0,0,50,3,0,0,0,55
699,69,5,7,223,321,20,167,30,18,544,338,19,223,7,17,609,459,24,254,13,19,771,660,43,358,14,26,1100,700,69,323,10,15,1124,787,84,371,3,20,1271,755,96,374,0,12,1243,458,71,237,3,13,777,269,82,169,5,4,525,133,24,91,0,4,251,151,41,71,7,3,280,84,22,42,0,6,158,116,15,41,0,7,186,5407,613,2815,126,170,9132
701,62,20,17,1432,1192,36,113,51,28,1418,1352,22,135,42,33,1580,1830,67,165,29,29,2126,2951,138,284,41,53,3464,4476,171,268,62,58,5036,6884,239,369,45,70,7605,9220,349,368,57,95,10093,7671,341,293,35,59,8405,6782,478,240,20,52,7571,5456,280,158,7,30,5930,9083,488,268,17,58,9911,5466,487,225,16,31,6222,994,41,46,17,75,1170,64902,3172,3030,572,706,72381
702,27,19,16,775,1306,15,64,30,24,1434,965,24,60,15,15,1085,1101,34,58,16,18,1237,2178,61,111,16,20,2386,2629,93,120,21,35,2906,3264,118,131,18,40,3566,4045,182,140,12,39,4416,3293,149,114,12,29,3599,2932,154,86,13,25,3211,2297,109,65,3,18,2485,3660,116,74,3,15,3868,1216,129,46,8,6,1405,850,38,33,14,45,978,30573,1238,1163,266,364,33604
797,0,0,0,5,0,0,0,0,0,0,0,0,0,0,0,0,0,0,0,0,0,0,3,0,0,0,0,3,0,0,3,0,0,0,7,0,0,0,0,7,0,0,0,0,0,7,0,0,0,0,0,0,4,0,0,0,0,3,16,0,0,0,0,16,20,0,0,0,0,20,31,0,0,0,0,33,0,0,0,0,0,3,88,3,4,4,0,91
799,18,4,0,60,69,3,35,6,0,111,49,7,50,10,3,117,77,9,38,12,0,135,132,19,60,8,7,227,157,14,66,0,4,238,231,33,71,3,3,353,331,47,85,3,10,480,258,42,81,0,8,386,203,46,65,0,9,318,198,33,61,0,3,296,399,46,54,0,0,499,272,20,24,0,5,319,50,10,21,0,7,85,2491,331,736,60,61,3674
801,283,100,50,6937,5914,127,386,90,43,6560,5169,170,433,109,53,5928,6200,214,477,100,82,7076,9587,421,689,112,96,10909,12694,537,700,99,106,14143,17431,736,819,91,118,19202,23416,1009,878,85,124,25509,23901,813,649,53,92,25504,23761,978,542,40,72,25392,16586,642,357,31,55,17666,34902,1299,560,57,79,36899,12814,2044,781,37,78,15752,1948,97,88,28,99,2262,201277,9191,7720,1301,1151,220639
897,0,0,0,0,0,0,0,0,0,0,0,0,0,0,0,0,0,0,0,0,0,0,0,0,0,0,0,0,0,0,0,0,0,0,0,0,0,0,0,0,0,0,0,0,0,0,0,0,0,0,0,0,0,0,0,0,0,0,0,0,0,0,0,0,0,0,0,0,0,0,0,0,0,0,0,0,0,0,0,0,0,0,0,0,0,0,0,0
899,49,6,3,294,199,7,75,3,0,286,199,3,87,4,5,305,240,23,101,0,7,373,398,36,144,8,7,597,431,74,145,5,5,658,505,76,214,9,7,809,625,129,239,9,7,1008,445,110,141,0,3,702,345,108,115,8,4,577,226,61,62,0,0,351,277,70,84,3,0,436,121,74,34,0,4,238,64,16,29,3,9,115,4341,805,1533,69,78,6817
901,3,7,3,56,66,0,10,3,0,78,82,0,21,3,3,116,91,4,35,4,8,142,191,3,37,4,6,244,262,3,22,3,9,301,261,13,27,5,3,315,256,16,39,0,10,319,194,13,13,4,4,236,198,7,11,0,3,228,179,5,10,0,0,200,240,6,14,0,4,268,100,16,6,0,0,120,32,0,8,0,4,45,2215,93,272,49,62,2692
997,0,0,0,0,0,0,0,0,0,0,0,0,0,0,0,0,0,0,0,0,0,0,0,0,0,0,0,0,0,0,0,0,0,0,0,0,0,0,0,0,0,0,0,0,0,0,0,0,0,0,0,0,0,0,0,0,0,0,0,0,0,0,0,0,0,0,0,0,0,0,0,0,0,0,0,0,0,0,0,0,0,0,0,0,0,0,0,0
999,0,0,0,0,0,4,0,0,0,3,3,0,0,0,0,3,3,0,0,0,0,6,5,0,0,0,0,7,3,0,0,0,0,5,8,0,0,0,0,5,4,4,3,0,0,9,10,0,0,0,0,5,4,0,0,0,0,10,9,0,0,0,0,9,14,0,0,0,0,17,24,3,0,0,0,27,0,0,0,0,0,0,92,13,11,3,0,118