SA4_CODE_2016,MaOpD_Tot_A_20_24,MaOpD_Tot_A_25_34,MaOpD_Tot_A_35_44,MaOpD_Tot_A_45_54,MaOpD_Tot_A_55_64,MaOpD_Tot_A_65_74,MaOpD_Tot_A_75ov,MaOpD_Tot_Tot,Lab_NNI_A_15_19,Lab_NNI_A_20_24,Lab_NNI_A_25_34,Lab_NNI_A_35_44,Lab_NNI_A_45_54,Lab_NNI_A_55_64,Lab_NNI_A_65_74,Lab_NNI_A_75ov,Lab_NNI_Tot,Lab_1_149_A_15_19,Lab_1_149_A_20_24,Lab_1_149_A_25_34,Lab_1_149_A_35_44,Lab_1_149_A_45_54,Lab_1_149_A_55_64,Lab_1_149_A_65_74,Lab_1_149_A_75ov,Lab_1_149_Tot,Lab_150_299_A_15_19,Lab_150_299_A_20_24,Lab_150_299_A_25_34,Lab_150_299_A_35_44,Lab_150_299_A_45_54,Lab_150_299_A_55_64,Lab_150_299_A_65_74,Lab_150_299_A_75ov,Lab_150_299_Tot,Lab_300_399_A_15_19,Lab_300_399_A_20_24,Lab_300_399_A_25_34,Lab_300_399_A_35_44,Lab_300_399_A_45_54,Lab_300_399_A_55_64,Lab_300_399_A_65_74,Lab_300_399_A_75ov,Lab_300_399_Tot,Lab_400_499_A_15_19,Lab_400_499_A_20_24,Lab_400_499_A_25_34,Lab_400_499_A_35_44,Lab_400_499_A_45_54,Lab_400_499_A_55_64,Lab_400_499_A_65_74,Lab_400_499_A_75ov,Lab_400_499_Tot,Lab_500_649_A_15_19,Lab_500_649_A_20_24,Lab_500_649_A_25_34,Lab_500_649_A_35_44,Lab_500_649_A_45_54,Lab_500_649_A_55_64,Lab_500_649_A_65_74,Lab_500_649_A_75ov,Lab_500_649_Tot,Lab_650_799_A_15_19,Lab_650_799_A_20_24,Lab_650_799_A_25_34,Lab_650_799_A_35_44,Lab_650_799_A_45_54,Lab_650_799_A_55_64,Lab_650_799_A_65_74,Lab_650_799_A_75ov,Lab_650_799_Tot,Lab_800_999_A_15_19,Lab_800_999_A_20_24,Lab_800_999_A_25_34,Lab_800_999_A_35_44,Lab_800_999_A_45_54,Lab_800_999_A_55_64,Lab_800_999_A_65_74,Lab_800_999_A_75ov,Lab_800_999_Tot,Lab_1000_1249_A_15_19,Lab_1000_1249_A_20_24,Lab_1000_1249_A_25_34,Lab_1000_1249_A_35_44,Lab_1000_1249_A_45_54,Lab_1000_1249_A_55_64,Lab_1000_1249_A_65_74,Lab_1000_1249_A_75ov,Lab_1000_1249_Tot,Lab_1250_1499_A_15_19,Lab_1250_1499_A_20_24,Lab_1250_1499_A_25_34,Lab_1250_1499_A_35_44,Lab_1250_1499_A_45_54,Lab_1250_1499_A_55_64,Lab_1250_1499_A_65_74,Lab_1250_1499_A_75ov,Lab_1250_1499_Tot,Lab_1500_1749_A_15_19,Lab_1500_1749_A_20_24,Lab_1500_1749_A_25_34,Lab_1500_1749_A_35_44,Lab_1500_1749_A_45_54,Lab_1500_1749_A_55_64,Lab_1500_1749_A_65_74,Lab_1500_1749_A_75ov,Lab_1500_1749_Tot,Lab_1750_1999_A_15_19,Lab_1750_1999_A_20_24,Lab_1750_1999_A_25_34,Lab_1750_1999_A_35_44,Lab_1750_1999_A_45_54,Lab_1750_1999_A_55_64,Lab_1750_1999_A_65_74,Lab_1750_1999_A_75ov,Lab_1750_1999_Tot,Lab_2000_2999_A_15_19,Lab_2000_2999_A_20_24,Lab_2000_2999_A_25_34,Lab_2000_2999_A_35_44,Lab_2000_2999_A_45_54,Lab_2000_2999_A_55_64,Lab_2000_2999_A_65_74,Lab_2000_2999_A_75ov,Lab_2000_2999_Tot,Lab_3000mo_A_15_19,Lab_3000mo_A_20_24,Lab_3000mo_A_25_34,Lab_3000mo_A_35_44,Lab_3000mo_A_45_54,Lab_3000mo_A_55_64,Lab_3000mo_A_65_74,Lab_3000mo_A_75ov,Lab_3000mo_Tot,Lab_PINS_A_15_19,Lab_PINS_A_20_24,Lab_PINS_A_25_34,Lab_PINS_A_35_44,Lab_PINS_A_45_54,Lab_PINS_A_55_64,Lab_PINS_A_65_74,Lab_PINS_A_75ov,Lab_PINS_Tot,Lab_Tot_A_15_19,Lab_Tot_A_20_24,Lab_Tot_A_25_34,Lab_Tot_A_35_44,Lab_Tot_A_45_54,Lab_Tot_A_55_64,Lab_Tot_A_65_74,Lab_Tot_A_75ov,Lab_Tot_Tot,OIDNS_NNI_A_15_19,OIDNS_NNI_A_20_24,OIDNS_NNI_A_25_34,OIDNS_NNI_A_35_44,OIDNS_NNI_A_45_54,OIDNS_NNI_A_55_64,OIDNS_NNI_A_65_74,OIDNS_NNI_A_75ov,OIDNS_NNI_T,OIDNS_1_149_A_15_19,OIDNS_1_149_A_20_24,OIDNS_1_149_A_25_34,OIDNS_1_149_A_35_44,OIDNS_1_149_A_45_54,OIDNS_1_149_A_55_64,OIDNS_1_149_A_65_74,OIDNS_1_149_A_75ov,OIDNS_1_149_T,OIDNS_150_299_A_15_19,OIDNS_150_299_A_20_24,OIDNS_150_299_A_25_34,OIDNS_150_299_A_35_44,OIDNS_150_299_A_45_54,OIDNS_150_299_A_55_64,OIDNS_150_299_A_65_74,OIDNS_150_299_A_75ov,OIDNS_150_299_T,OIDNS_300_399_A_15_19,OIDNS_300_399_A_20_24,OIDNS_300_399_A_25_34,OIDNS_300_399_A_35_44,OIDNS_300_399_A_45_54,OIDNS_300_399_A_55_64,OIDNS_300_399_A_65_74,OIDNS_300_399_A_75ov,OIDNS_300_399_T,OIDNS_400_499_A_15_19,OIDNS_400_499_A_20_24,OIDNS_400_499_A_25_34,OIDNS_400_499_A_35_44,OIDNS_400_499_A_45_54,OIDNS_400_499_A_55_64,OIDNS_400_499_A_65_74,OIDNS_400_499_A_75ov,OIDNS_400_499_T,OIDNS_500_649_A_15_19,OIDNS_500_649_A_20_24,OIDNS_500_649_A_25_34
101,371,720,869,1086,1013,267,31,4494,39,3,8,13,16,16,8,0,103,395,32,31,31,35,52,10,3,591,148,82,74,60,103,100,31,9,599,70,86,75,85,114,113,49,4,603,70,90,106,117,162,164,57,6,769,70,142,208,170,220,208,62,8,1085,61,184,249,201,297,228,40,11,1279,37,136,252,210,296,222,53,3,1209,8,57,188,175,190,139,24,0,782,8,20,88,67,89,58,12,0,334,0,9,37,24,40,29,4,3,152,0,3,21,22,20,10,3,3,84,0,0,16,19,17,9,4,3,64,0,0,3,13,7,6,6,3,40,26,25,26,9,40,27,9,0,161,933,873,1377,1219,1631,1377,374,66,7847,4,4,4,6,5,10,0,0,46,25,0,0,5,3,4,0,3,39,0,12,3,9,10,16,4,8,57,3,4,11,13,6,24,6,7,73,3,8,10,4,15,21,10,4,77,4,16,15
102,412,1023,1179,1534,1368,325,28,6081,49,10,9,0,13,11,0,0,98,920,66,21,41,48,33,15,0,1149,293,180,78,95,135,103,28,5,911,111,138,102,144,176,156,36,4,872,91,163,133,153,185,187,49,10,964,69,200,212,211,335,311,74,6,1423,50,233,351,316,431,315,55,9,1754,16,171,290,311,377,297,39,0,1509,10,62,176,183,224,194,27,0,883,0,21,85,88,105,75,3,0,375,0,9,50,56,83,41,8,0,250,0,7,23,33,42,21,3,0,123,0,0,15,19,34,10,3,0,84,3,0,7,4,10,22,3,0,48,22,9,28,26,36,27,8,0,152,1649,1264,1578,1673,2246,1805,349,34,10604,7,0,5,18,16,3,0,3,61,28,7,10,10,5,4,0,0,64,4,10,8,12,3,11,3,4,59,16,13,13,7,9,13,11,14,96,9,10,13,15,10,18,9,11,85,7,21,22
103,346,1331,1612,1876,1438,344,38,7103,53,10,7,16,21,10,8,3,120,504,42,31,39,55,56,14,8,748,181,74,86,85,116,125,38,4,716,79,80,98,114,144,160,61,13,745,87,104,115,127,203,159,69,9,873,77,168,197,213,272,249,83,12,1272,63,229,283,234,323,321,66,13,1524,22,149,265,251,306,274,39,3,1319,11,69,163,171,223,164,43,8,854,5,31,83,96,113,67,11,0,398,3,8,59,69,84,61,8,0,281,0,3,32,36,54,27,0,0,162,0,0,23,50,30,14,4,0,134,3,3,3,16,21,20,7,8,69,23,12,22,12,45,34,9,3,168,1110,986,1471,1522,2008,1731,464,83,9370,12,5,3,8,7,10,6,0,55,30,3,0,4,6,3,4,8,58,13,7,9,8,9,13,3,6,67,9,7,6,15,19,13,15,14,93,4,6,16,11,15,11,21,12,92,4,10,16
104,139,424,529,747,717,191,9,2813,23,4,5,7,6,12,0,0,64,402,12,15,17,33,29,3,3,523,115,54,55,51,73,87,24,5,465,73,81,88,78,102,128,31,8,584,46,82,102,95,129,129,41,0,614,46,112,162,141,203,181,34,6,875,18,115,226,183,221,196,39,3,1002,11,63,161,152,189,172,33,3,781,0,23,69,89,129,83,16,0,403,0,12,32,36,47,42,10,0,180,0,8,17,20,26,21,6,0,98,0,0,6,10,18,4,3,0,37,0,0,5,12,11,6,0,0,42,0,0,7,4,7,4,3,0,27,15,6,18,16,20,15,7,3,96,746,583,961,905,1211,1110,236,37,5790,6,3,4,5,12,3,0,0,29,17,7,3,3,3,4,0,0,31,8,4,0,6,7,5,5,0,32,0,3,9,12,7,22,9,11,72,0,8,11,13,10,6,7,10,61,4,3,16
105,210,691,699,878,750,227,24,3528,28,3,8,3,3,8,3,0,66,191,16,11,13,18,33,4,0,294,71,40,39,47,56,62,19,7,337,36,48,65,76,86,85,33,6,436,42,55,99,74,93,85,34,3,496,38,104,155,112,167,123,39,6,731,37,121,203,155,196,170,46,3,937,18,93,157,117,144,152,36,0,721,7,36,129,78,112,89,19,3,476,3,17,41,41,55,42,9,0,200,0,10,26,27,26,15,5,0,117,0,0,7,16,19,5,3,0,60,0,7,17,9,14,10,0,4,46,0,0,6,4,9,4,0,0,33,14,11,17,23,34,24,15,3,138,489,558,983,801,1035,916,270,39,5081,10,0,3,4,4,6,3,0,33,7,4,3,3,4,3,3,0,25,10,4,4,6,5,3,5,0,43,3,7,7,5,0,5,4,12,47,3,6,4,4,9,3,7,9,53,3,3,18
106,516,2205,2682,2843,2082,358,42,10923,45,10,13,15,15,13,6,0,116,835,58,31,34,57,36,9,3,1054,248,133,92,113,147,119,24,3,888,123,150,127,146,165,170,52,13,940,83,138,165,166,212,171,56,13,1010,85,211,251,227,318,231,71,4,1407,74,282,358,310,380,254,52,9,1708,24,170,374,292,335,239,41,12,1480,6,74,261,228,203,154,22,3,951,0,34,132,104,102,91,10,0,475,0,7,58,82,69,51,7,3,283,0,0,50,41,36,19,0,0,151,0,3,36,33,41,28,3,0,143,3,0,14,12,13,10,4,0,57,37,24,29,29,53,37,7,3,222,1557,1295,1997,1834,2150,1630,358,57,10870,15,3,3,6,8,9,8,5,56,32,4,0,4,6,5,0,3,61,6,9,4,9,4,11,10,3,54,10,17,6,7,7,13,11,8,76,3,19,14,14,11,9,9,7,89,8,14,19
107,384,1020,1388,1754,1360,257,20,6388,29,9,5,14,8,3,5,3,73,741,82,41,37,45,42,6,4,998,237,191,90,93,102,99,29,3,850,97,167,116,120,152,139,30,3,821,64,153,157,136,196,199,58,3,968,44,197,173,191,251,227,54,13,1145,36,168,212,242,311,223,40,4,1224,12,108,226,218,290,243,31,0,1125,7,58,158,174,200,140,29,0,764,0,21,98,90,98,63,10,0,384,3,15,48,62,83,50,7,0,260,0,4,28,40,55,33,0,0,170,0,3,20,44,54,24,3,0,137,0,3,8,12,14,4,0,0,36,12,16,32,25,29,29,8,0,153,1284,1184,1406,1492,1872,1522,311,31,9102,14,5,17,11,11,8,0,0,60,24,14,5,0,8,0,3,0,64,13,13,5,9,10,0,8,3,61,6,14,16,15,15,7,12,9,95,7,15,18,27,14,11,4,11,105,9,10,34
108,200,535,719,1116,973,255,19,3915,38,12,12,16,16,12,4,0,102,524,29,22,23,48,34,12,3,692,145,65,59,60,134,137,30,3,643,79,82,96,106,184,178,54,8,795,74,99,108,121,209,209,65,12,898,50,159,187,184,311,264,63,9,1219,37,139,248,236,304,282,63,3,1311,17,93,190,191,273,236,47,7,1054,5,37,128,151,178,132,13,3,647,3,22,58,75,68,43,10,0,284,3,5,37,29,26,22,7,3,129,0,4,17,16,24,8,3,0,69,0,0,9,9,11,7,0,0,37,0,0,0,10,11,6,3,0,31,20,6,24,33,27,46,4,0,166,997,754,1191,1255,1833,1616,381,52,8085,13,3,3,5,10,8,6,4,55,31,0,8,7,5,7,0,0,62,3,8,3,11,8,7,9,4,63,8,3,7,13,22,14,10,20,95,4,3,14,8,17,20,15,16,101,5,9,20
109,196,520,605,930,883,253,27,3482,24,7,9,9,7,6,10,0,71,299,20,24,24,41,34,10,3,447,84,62,61,61,71,94,36,6,475,56,56,73,75,108,115,33,9,511,39,69,75,69,124,118,42,3,545,43,119,142,111,184,175,52,7,828,38,124,235,150,163,202,44,6,963,23,110,192,155,198,184,20,10,890,0,50,152,134,138,122,29,0,634,0,18,63,59,77,49,5,0,274,0,3,30,37,48,30,0,0,153,0,0,6,15,13,11,0,0,52,0,0,6,7,12,9,0,0,40,0,3,0,10,15,4,0,0,36,15,11,15,22,19,33,8,6,126,613,653,1078,952,1222,1194,289,49,6049,9,6,4,10,7,3,4,0,38,16,3,0,3,3,0,0,0,23,7,6,3,3,0,7,8,3,43,0,10,0,3,7,3,9,9,36,3,3,6,4,3,9,3,3,42,3,11,14
110,359,989,1061,1398,1155,359,43,5496,33,7,9,8,22,17,4,0,102,404,28,27,42,44,50,5,0,595,155,88,83,78,123,121,44,10,698,80,98,111,117,137,162,57,9,773,62,119,117,133,176,155,69,13,846,92,177,266,228,262,225,71,7,1325,91,253,409,297,383,268,54,15,1774,35,197,482,312,370,273,56,6,1742,14,90,270,214,223,161,24,8,1009,6,25,90,84,85,58,12,0,359,0,4,30,34,40,36,12,0,155,0,0,17,15,15,19,3,0,69,0,0,18,13,6,13,5,0,59,3,0,3,9,20,13,9,0,56,30,22,33,38,39,36,15,4,218,1014,1109,1963,1615,1931,1618,445,78,9765,12,4,3,11,5,8,4,3,55,28,5,9,5,4,4,3,0,60,12,3,6,10,5,18,5,13,65,3,7,6,9,18,18,3,7,81,4,7,8,3,12,15,13,8,74,7,14,13
111,604,1668,1919,2535,2019,353,27,9351,39,10,10,14,18,15,7,0,103,1083,123,38,53,54,50,13,0,1417,346,225,114,109,141,121,34,5,1093,155,223,153,140,203,190,53,11,1138,93,234,184,168,247,209,54,7,1198,87,295,293,283,421,327,84,6,1801,60,304,464,426,531,415,60,6,2264,36,264,523,399,517,409,40,5,2197,15,123,330,308,358,241,24,0,1404,5,40,151,173,186,102,15,0,681,0,15,63,99,88,70,3,0,342,0,9,28,53,58,39,3,0,197,0,3,37,38,46,43,3,0,178,3,0,18,18,10,14,3,0,65,33,28,34,29,51,37,11,0,223,1956,1896,2445,2316,2935,2275,417,54,14298,10,8,8,15,7,9,3,0,54,42,10,3,10,8,3,0,0,78,8,21,16,15,12,15,3,6,86,12,21,12,17,13,11,4,19,101,15,25,22,13,20,16,14,11,128,8,20,37
112,248,617,782,1182,1178,344,26,4486,36,5,10,12,11,7,10,3,91,634,47,24,28,28,47,8,6,827,199,109,81,81,125,124,29,6,754,95,100,103,114,175,179,42,13,823,82,143,175,156,243,221,64,12,1096,81,162,276,245,352,327,64,14,1518,55,225,325,329,428,356,70,9,1805,31,132,265,292,392,345,45,4,1509,6,41,141,169,203,165,32,3,763,5,13,61,65,73,56,8,0,281,0,3,29,27,27,38,3,0,131,0,0,15,19,10,7,4,0,57,0,0,11,22,22,7,3,0,64,3,3,6,7,6,12,0,0,40,20,25,28,25,29,32,14,3,170,1245,1017,1549,1592,2132,1923,397,71,9923,12,7,0,12,12,15,3,5,58,29,0,3,4,7,12,5,3,63,12,12,14,17,8,5,10,6,82,4,7,5,15,16,18,16,19,93,3,8,12,12,21,17,19,15,97,7,8,16
113,301,731,932,1193,1150,300,32,4764,37,4,10,8,9,5,3,5,75,328,35,27,31,35,26,11,8,509,131,96,68,73,68,74,14,8,536,66,81,92,73,114,107,36,10,579,55,94,138,102,140,131,57,3,719,80,149,247,178,262,214,64,21,1219,84,257,437,340,360,297,40,9,1818,61,256,507,376,389,286,43,10,1915,21,91,249,224,193,184,29,8,995,3,34,86,88,93,66,11,4,387,0,4,40,32,39,26,8,0,159,0,0,16,21,27,7,0,0,70,0,0,13,10,13,14,4,0,63,0,3,3,7,18,7,0,0,42,15,26,39,26,47,39,6,9,207,886,1129,1961,1595,1803,1495,336,80,9290,5,0,0,13,3,12,3,3,48,16,0,5,3,3,3,0,3,33,7,9,8,9,6,6,14,6,58,4,5,4,9,4,12,7,10,51,7,9,8,9,14,4,7,6,65,0,14,15
114,162,423,488,736,674,202,17,2781,23,5,8,0,10,8,0,0,52,439,29,35,26,31,33,3,0,600,122,62,53,58,76,74,18,0,460,41,87,64,65,113,117,40,10,524,55,80,105,90,135,124,27,0,612,37,105,131,126,199,149,44,3,801,23,104,149,171,184,161,24,0,816,10,76,153,132,167,138,24,0,711,4,30,97,83,120,97,17,3,443,0,7,35,44,57,36,0,0,185,0,8,22,25,29,18,5,0,102,0,0,16,19,14,12,0,0,67,0,0,6,13,15,13,0,0,57,0,0,3,0,4,3,3,0,23,15,6,14,11,30,19,4,0,102,763,597,888,866,1182,1003,211,24,5542,5,3,4,5,4,4,0,7,33,18,0,3,5,3,4,0,0,34,4,4,3,4,6,4,3,3,34,5,8,7,3,11,12,13,7,67,8,3,6,7,14,5,9,6,58,0,11,11
115,308,703,825,979,765,240,17,3984,30,16,3,9,12,3,4,0,72,593,62,25,31,30,27,3,4,782,179,136,70,61,63,69,24,9,610,72,108,99,79,79,96,32,3,568,52,103,101,97,122,96,43,3,613,48,126,155,158,193,163,44,5,891,32,133,176,170,249,201,44,7,1006,20,96,227,188,218,207,44,4,1003,7,62,160,132,154,108,27,4,658,7,24,75,77,86,49,5,0,319,0,7,71,64,45,34,4,0,222,0,4,26,33,25,19,3,0,102,0,0,32,20,20,9,0,0,78,0,0,4,8,13,4,3,0,41,16,24,17,11,28,17,8,0,107,1058,907,1239,1128,1323,1092,291,42,7081,13,6,6,13,3,0,4,0,54,26,7,5,5,0,0,4,0,54,9,9,11,6,5,11,4,0,57,3,8,10,11,10,9,4,5,64,0,18,19,5,20,15,3,8,88,7,18,23
116,1300,3769,3937,3933,2593,442,22,16263,40,9,18,11,9,3,3,0,101,590,74,32,35,30,29,8,0,798,226,128,89,73,108,90,22,0,735,103,140,114,106,127,104,26,3,726,72,150,154,127,170,145,41,0,864,79,175,246,234,310,192,56,3,1299,56,240,398,336,441,352,59,0,1881,45,175,403,377,444,330,63,0,1841,20,118,305,292,327,229,38,0,1335,0,53,145,173,153,125,15,0,674,0,24,107,96,128,63,14,0,432,3,11,50,66,54,37,3,0,221,4,5,33,60,54,38,7,0,199,0,3,10,6,19,6,3,0,48,25,30,34,30,45,31,3,3,197,1267,1335,2138,2019,2420,1778,364,28,11347,18,5,12,13,11,4,4,3,63,31,12,4,10,10,3,0,0,69,16,22,19,9,14,4,4,8,86,6,22,14,16,22,9,10,3,101,8,21,19,26,13,13,8,6,110,7,22,38
117,1211,3442,3556,4024,3125,668,53,16336,27,31,31,27,24,24,5,0,171,411,149,110,56,57,50,14,0,847,256,391,336,158,139,146,39,4,1474,154,612,808,259,187,193,48,5,2263,100,750,1287,414,303,254,56,12,3179,102,581,1188,599,533,479,130,19,3641,69,473,1249,777,756,657,138,13,4119,44,320,1086,709,777,671,129,9,3735,17,175,687,520,556,388,84,4,2430,8,87,336,313,299,219,48,5,1321,4,43,255,257,240,168,31,0,1001,4,23,132,154,162,88,18,0,577,0,22,140,205,210,114,12,0,702,0,3,27,38,32,23,16,4,145,16,40,78,65,76,54,16,0,354,1215,3707,7754,4561,4341,3528,784,78,25966,45,54,104,77,35,27,15,8,354,73,55,46,27,25,17,6,6,261,46,104,84,46,35,31,17,7,363,33,118,115,52,46,28,25,12,425,38,100,150,69,71,38,14,15,494,18,129,209
118,173,483,489,645,553,164,15,2572,17,11,6,7,3,5,3,0,52,216,47,26,12,16,15,6,3,345,88,102,90,28,41,49,18,3,417,38,140,158,61,52,65,24,5,550,37,160,226,99,79,67,25,7,695,26,130,211,100,126,108,55,11,774,16,110,200,141,148,115,47,6,783,11,82,207,149,179,137,50,9,818,8,42,122,124,92,97,31,3,512,3,5,66,52,73,45,9,5,264,0,7,52,49,30,45,11,0,191,0,3,21,19,22,21,4,0,87,0,4,11,19,22,15,7,0,79,0,0,7,6,8,4,0,0,29,14,6,10,18,24,19,3,3,102,473,849,1415,887,926,805,285,55,5697,8,7,20,10,11,3,9,0,61,14,7,5,10,7,11,6,0,48,3,19,13,11,13,3,0,3,72,5,13,19,20,10,6,9,3,86,0,16,21,13,6,9,0,3,72,0,9,27
119,636,2101,2484,2998,2476,514,52,11412,44,15,22,12,20,18,3,0,140,583,105,51,37,40,46,7,0,862,226,183,126,95,154,145,41,10,974,85,214,200,142,215,216,67,3,1136,63,199,267,206,245,230,62,9,1273,51,218,375,308,450,401,107,17,1919,41,217,482,433,614,499,89,11,2383,34,184,468,411,594,414,76,3,2179,8,93,333,312,344,267,69,5,1424,3,29,139,144,149,118,27,3,612,3,13,73,93,100,62,16,0,357,0,9,35,37,44,31,7,0,158,0,3,23,33,27,25,3,0,124,0,3,6,21,9,3,3,0,44,24,18,36,40,41,31,13,0,206,1167,1487,2641,2319,3032,2499,585,65,13798,19,10,28,24,17,13,5,0,116,33,20,3,13,9,4,3,0,82,15,25,42,19,14,17,7,0,142,5,27,31,26,31,16,14,9,167,3,26,51,33,24,20,11,7,177,4,56,68
120,330,960,1045,1244,1007,226,15,4876,18,6,17,14,11,15,0,0,75,294,46,34,16,23,19,5,0,440,87,113,64,46,68,63,20,0,467,45,148,149,85,99,92,31,13,661,31,125,187,88,139,127,33,8,722,33,133,217,129,160,163,45,9,888,13,132,240,167,217,174,45,0,995,11,94,267,184,245,170,35,4,1007,7,57,185,162,174,126,26,0,738,0,23,106,79,105,54,14,0,387,0,16,49,58,51,34,8,0,217,0,5,29,40,23,20,3,0,130,0,4,20,35,27,20,6,0,114,0,4,8,3,8,3,6,3,45,11,10,22,13,25,13,7,0,111,546,914,1592,1131,1385,1102,286,34,6984,8,4,18,18,15,4,4,0,68,24,11,9,10,5,9,0,0,66,12,18,17,13,16,12,0,0,94,9,27,19,11,15,11,9,5,104,4,19,33,11,21,11,10,8,115,3,23,40
121,411,774,834,955,892,284,24,4318,22,6,13,5,7,3,5,0,71,566,106,39,35,41,25,9,0,827,165,179,119,68,90,78,34,4,734,93,211,239,111,104,102,39,3,899,59,221,310,150,161,127,45,14,1093,40,187,312,204,215,171,55,20,1215,25,158,365,260,302,231,75,6,1424,18,112,390,260,306,251,64,4,1401,9,74,260,195,208,177,45,3,971,3,19,106,104,137,89,25,7,490,0,7,77,64,81,59,15,4,308,0,6,33,45,35,29,6,0,157,4,3,37,40,40,25,0,0,152,0,0,6,15,12,13,3,3,52,13,17,25,19,27,20,9,4,124,1007,1309,2328,1565,1784,1413,432,73,9922,15,12,23,31,22,23,7,0,124,32,19,17,11,11,6,4,0,103,19,40,22,22,12,11,3,8,133,7,27,21,12,20,14,11,3,125,6,29,40,17,18,24,6,12,145,7,31,42
122,265,647,634,882,780,245,22,3656,30,3,11,12,3,0,0,0,53,577,38,36,24,29,20,4,0,737,147,119,50,39,53,42,30,5,480,58,91,95,63,72,68,26,7,482,38,125,124,74,90,69,32,9,553,33,97,170,115,147,137,45,14,757,32,109,219,164,167,165,62,3,914,13,81,212,175,171,133,35,3,827,9,45,146,120,128,100,22,4,567,0,12,62,61,74,56,9,0,278,0,4,34,53,54,23,6,0,175,0,4,16,25,15,24,0,0,78,0,0,10,17,26,13,5,4,70,0,3,3,8,10,5,0,0,28,15,10,13,13,24,14,5,0,85,942,743,1194,954,1056,877,290,45,6100,6,0,7,8,14,7,0,6,57,27,3,0,5,6,3,0,0,44,5,8,3,13,14,7,3,5,55,0,8,7,11,13,10,8,3,55,0,10,7,10,11,18,8,3,65,3,9,18
123,567,1668,2028,2197,1649,325,24,8638,35,10,3,5,15,8,0,0,79,656,60,23,36,26,17,3,0,825,244,96,60,78,69,75,24,0,650,90,126,82,79,107,97,25,3,615,86,109,110,90,123,115,36,6,665,66,176,167,180,255,188,41,4,1071,45,188,261,277,382,267,29,5,1449,31,145,304,282,360,258,44,0,1433,7,66,216,215,216,157,19,0,904,0,21,110,98,112,64,8,3,424,0,5,69,81,64,52,9,0,283,0,9,26,45,37,16,3,0,130,0,0,19,26,35,16,4,0,89,0,6,8,15,9,4,0,0,45,20,9,23,31,26,24,4,0,142,1285,1022,1490,1539,1837,1356,259,23,8812,12,3,13,10,6,5,3,0,57,29,0,11,7,3,5,0,0,50,14,11,3,8,7,3,3,4,62,6,19,10,3,13,14,3,3,71,5,3,3,8,20,14,9,3,60,15,14,25
124,656,1739,1928,2048,1528,378,23,8523,29,4,10,11,18,13,0,0,83,788,68,39,6,45,27,17,0,988,301,136,88,68,98,106,17,0,820,124,150,106,104,158,111,46,3,806,90,158,151,147,182,130,48,12,908,80,199,231,232,289,252,56,4,1338,40,205,321,290,360,325,59,0,1603,25,186,318,262,320,302,33,3,1446,14,89,215,183,206,152,20,0,884,3,27,89,108,107,73,16,0,416,0,13,69,69,48,38,8,3,240,0,5,33,41,44,29,4,0,158,0,7,21,34,33,13,3,3,114,0,0,4,8,8,5,0,0,34,27,16,28,17,24,29,7,4,147,1527,1253,1725,1577,1942,1598,338,41,10001,10,5,13,13,10,5,4,0,53,25,8,12,8,4,3,0,0,53,7,13,15,12,13,12,4,0,66,11,14,8,16,11,16,11,4,85,12,12,24,13,13,12,3,0,79,5,24,22
125,1230,3827,4061,4578,3272,628,27,17898,36,18,32,15,27,22,0,0,149,514,74,58,28,48,38,5,5,777,219,206,153,118,145,158,27,5,1044,98,248,260,168,197,212,48,6,1230,67,238,322,210,292,215,49,3,1396,75,288,466,385,553,433,93,8,2294,67,310,773,646,799,671,110,8,3378,38,281,710,592,751,626,95,3,3098,11,121,468,417,506,383,54,0,1969,7,58,226,201,225,151,27,0,907,0,31,131,109,177,98,21,0,568,0,15,65,88,101,65,11,0,338,0,9,51,78,79,49,9,0,270,0,3,8,19,12,20,3,0,72,21,34,47,51,63,27,10,3,262,1163,1938,3774,3123,3970,3171,556,50,17745,26,18,46,46,22,15,4,3,180,59,21,12,14,12,8,4,0,134,23,34,38,35,28,13,10,3,186,28,43,53,45,30,29,9,5,254,19,42,66,54,33,32,16,13,270,12,62,100
126,166,367,439,523,443,102,14,2096,17,4,9,7,7,0,0,0,46,259,70,24,21,16,13,4,0,401,84,110,61,41,54,53,6,3,415,27,95,95,55,65,72,18,3,427,28,112,125,78,99,81,26,7,541,19,91,160,117,122,134,35,10,686,15,83,165,114,170,140,30,9,724,11,44,137,127,161,131,39,3,643,3,31,123,107,144,105,14,0,529,0,10,53,63,61,65,9,0,265,0,6,30,32,53,32,13,0,162,3,5,18,23,12,10,0,0,76,0,0,10,12,22,7,3,0,60,0,0,3,3,7,4,0,4,26,3,10,11,11,12,5,3,0,60,468,674,1016,814,998,858,202,35,5063,4,7,16,9,12,3,0,3,57,19,6,5,5,11,3,0,0,51,16,19,12,11,9,8,0,6,76,3,11,12,8,12,12,10,3,65,7,13,23,13,7,10,5,7,83,6,19,26
127,1030,2633,2864,3422,2394,458,28,13064,36,15,18,16,17,11,3,0,111,466,63,30,29,40,25,9,3,659,226,163,104,107,171,132,28,4,943,115,146,129,162,202,172,35,4,965,80,133,173,205,206,192,40,8,1037,80,209,264,305,393,303,74,3,1638,60,207,440,383,568,454,76,5,2196,45,213,407,380,493,382,57,0,1981,7,96,251,273,337,239,42,3,1252,3,35,111,139,152,97,23,3,556,0,22,90,63,92,41,12,0,315,0,6,35,57,38,29,3,0,182,0,3,30,32,30,14,3,0,116,5,0,7,7,11,3,0,0,38,18,23,40,35,38,38,9,0,206,1151,1333,2137,2208,2785,2138,400,31,12191,16,19,21,30,18,5,3,0,109,45,7,12,6,9,6,0,0,81,21,25,23,27,16,17,6,3,143,11,21,40,18,27,19,5,4,149,14,17,38,28,28,7,12,9,144,3,31,52
128,205,510,586,739,631,184,18,2978,18,4,13,5,6,5,0,0,43,534,49,26,17,22,13,3,0,661,190,116,47,35,48,52,16,3,503,55,100,84,48,70,77,11,3,443,32,110,116,60,83,79,29,5,516,23,90,153,126,141,120,26,4,695,19,84,158,139,175,164,37,8,788,10,78,163,144,146,136,47,3,711,3,39,93,110,120,93,20,3,485,0,8,47,58,56,33,13,0,219,0,7,29,47,32,35,4,0,148,0,4,22,34,33,11,0,0,98,0,0,12,31,17,13,0,3,76,4,3,3,6,11,11,0,0,30,11,13,6,14,11,17,3,0,78,903,699,973,861,970,853,215,31,5505,13,4,7,4,9,3,0,0,40,16,3,3,0,3,3,0,0,32,10,8,10,4,10,4,5,0,45,6,14,3,11,6,7,3,8,47,3,14,18,16,5,4,3,3,65,3,21,19
197,0,0,0,0,0,0,0,3,0,0,0,0,0,0,0,0,0,0,0,0,0,0,0,0,0,0,0,0,0,0,0,0,0,0,0,0,0,0,0,0,0,0,0,0,0,0,0,0,0,0,0,0,0,0,0,0,0,0,0,0,0,3,0,0,0,0,0,0,0,0,6,0,0,0,0,0,0,0,0,3,0,0,0,0,0,0,0,0,4,0,0,0,0,0,0,0,0,0,0,0,0,0,0,0,0,0,0,0,0,0,0,0,0,0,0,0,0,0,0,0,0,0,0,0,3,0,0,0,0,0,0,0,0,0,0,0,0,0,0,0,0,0,0,0,0,6,8,6,8,0,0,30,0,0,0,0,0,0,0,0,0,0,0,0,0,0,0,0,0,0,0,0,0,0,0,0,0,0,0,0,0,0,0,0,0,0,0,0,0,0,0,0,0,0,0,0,0,0,0,0
199,654,2454,2747,3513,2951,827,83,13366,49,30,50,30,53,41,8,3,272,279,114,79,128,171,127,22,6,928,181,219,253,328,467,446,78,10,1986,142,209,347,418,569,535,123,22,2364,141,228,416,467,684,615,150,25,2726,173,396,616,665,872,794,201,17,3739,142,484,752,735,898,656,162,22,3847,91,448,900,827,940,708,136,11,4067,51,298,847,862,846,541,96,3,3545,9,125,439,499,453,291,56,7,1876,5,80,282,323,297,183,40,0,1200,4,18,147,181,162,87,13,0,614,3,19,145,173,159,87,15,0,598,0,5,35,45,53,31,13,0,176,21,50,80,70,144,106,23,4,498,1288,2730,5401,5742,6766,5252,1143,117,28443,15,12,28,32,39,15,9,7,144,30,11,12,17,10,8,10,0,102,15,24,20,18,36,22,6,6,146,15,22,27,23,34,21,20,18,180,15,19,31,33,33,31,16,15,197,9,46,68
201,163,476,662,891,758,193,21,3212,23,7,6,5,11,5,0,0,64,457,34,23,19,29,25,10,3,591,150,105,50,56,85,104,18,3,586,37,109,74,67,113,111,49,3,564,38,102,91,105,130,128,29,4,629,34,128,141,160,201,185,49,10,915,9,131,200,175,254,203,48,6,1018,9,78,166,182,197,155,29,3,813,7,26,112,103,123,106,14,0,493,0,10,35,56,76,44,3,3,220,0,3,29,40,45,30,4,0,150,0,0,16,25,28,25,3,0,93,0,0,11,11,26,10,0,0,53,0,0,4,4,9,3,3,0,22,19,7,15,15,31,30,9,3,135,787,733,971,1021,1361,1160,268,49,6350,9,4,6,5,4,11,9,0,46,21,7,3,3,7,3,0,3,45,13,10,8,10,9,4,6,8,66,3,7,3,5,6,13,6,4,54,4,9,4,4,4,11,6,0,51,0,15,10
202,228,580,633,887,805,198,11,3426,30,9,5,6,10,10,3,0,65,552,41,21,24,32,36,7,0,706,132,96,54,31,78,77,25,5,498,75,102,85,81,87,98,25,7,570,40,103,130,74,136,127,43,8,664,44,160,219,185,222,182,37,6,1069,39,251,358,258,301,274,31,8,1518,8,134,292,215,254,210,35,4,1152,3,70,162,123,127,108,8,0,614,0,14,37,60,50,41,7,0,217,0,3,21,37,47,27,8,0,137,0,3,6,8,10,6,7,0,49,0,0,14,7,10,3,0,0,35,0,5,0,10,7,3,0,0,26,17,17,19,11,21,31,0,0,124,943,1018,1432,1132,1398,1238,230,44,7436,5,4,8,15,3,8,10,0,49,24,8,5,10,0,3,0,0,43,4,11,6,7,0,10,6,0,38,6,11,10,8,9,8,8,5,66,3,7,12,4,13,15,11,5,61,10,7,9
203,427,993,1097,1525,1335,289,18,5810,45,13,15,9,11,12,0,0,100,879,102,53,33,57,52,15,3,1200,232,230,90,91,111,155,35,3,961,80,182,109,139,161,183,65,14,926,50,198,123,137,206,218,78,13,1023,46,205,210,229,294,268,86,12,1353,25,214,316,294,377,290,73,3,1596,22,152,288,251,338,274,47,3,1378,0,58,209,225,210,196,29,9,936,0,12,97,104,108,58,17,0,403,3,12,59,63,56,40,5,0,241,0,3,43,41,41,19,3,0,150,0,3,34,45,40,21,0,0,142,0,0,7,9,20,5,9,0,46,26,28,17,46,44,46,12,3,207,1423,1422,1656,1714,2072,1845,463,73,10666,18,3,6,17,12,4,0,0,57,39,5,4,9,5,5,3,0,79,10,11,12,11,13,10,10,6,89,3,4,8,6,11,17,7,9,69,6,12,14,12,19,12,7,7,86,4,14,13
204,413,727,883,1183,1042,260,28,4647,34,11,4,3,9,22,7,0,92,521,39,35,18,55,48,16,0,731,134,90,72,78,134,139,34,3,689,53,68,70,102,152,133,54,12,646,52,102,107,111,168,185,50,9,778,60,150,196,170,239,244,71,6,1143,35,194,248,207,290,246,69,0,1294,16,140,265,228,297,226,28,3,1212,11,61,194,188,201,163,22,4,841,3,17,80,92,123,89,17,3,425,0,3,33,55,77,49,8,3,222,0,0,26,26,37,34,6,0,131,0,0,15,15,35,15,3,0,83,0,6,8,7,10,7,0,0,41,36,12,23,19,36,42,14,3,184,953,904,1379,1336,1853,1635,391,58,8515,6,3,6,11,6,6,4,3,52,13,3,4,9,6,3,8,0,41,12,9,7,6,16,11,3,7,75,4,7,10,6,8,15,11,12,75,9,9,7,4,10,20,4,6,69,3,7,12
205,302,982,1136,1618,1485,357,34,6011,54,8,8,12,29,30,10,0,157,756,51,41,33,76,79,22,0,1057,207,112,100,109,146,191,48,5,926,97,136,114,152,203,226,59,12,1002,60,119,191,176,245,232,93,24,1140,64,177,308,232,345,336,95,17,1582,42,218,334,308,405,315,56,13,1693,19,166,284,270,336,278,52,0,1407,12,67,214,186,244,201,36,5,967,0,19,105,97,102,77,18,3,421,0,13,62,72,77,71,6,0,302,0,0,41,68,62,48,11,0,227,0,5,52,79,73,55,7,0,264,3,3,22,22,26,28,4,0,111,37,12,23,30,36,51,13,0,204,1359,1120,1903,1834,2394,2222,539,92,11464,16,9,10,6,13,20,7,0,84,41,11,3,5,6,3,3,3,78,13,8,10,14,13,16,10,8,93,3,12,18,20,15,16,18,10,107,11,14,11,15,17,25,14,4,119,10,11,22
206,1122,3300,3026,3555,2702,638,54,14593,76,73,57,38,22,22,3,0,296,1144,411,175,83,73,96,39,5,2025,473,830,609,227,242,245,93,19,2749,255,993,1028,318,334,319,88,23,3365,154,890,1381,450,441,399,150,27,3890,103,805,1454,647,711,609,176,27,4542,56,525,1355,829,879,745,174,11,4580,35,347,1132,731,787,635,134,8,3807,16,157,688,532,601,420,97,7,2514,5,60,328,373,312,228,42,3,1360,3,25,240,241,262,173,23,0,970,3,23,152,202,204,117,19,0,714,3,25,216,247,284,132,24,0,942,4,10,36,45,55,45,17,3,218,45,82,102,106,95,102,27,3,562,2379,5254,8961,5079,5311,4295,1109,151,32530,47,57,109,92,81,42,10,12,451,109,88,64,29,20,10,8,3,339,56,121,84,61,24,31,19,13,414,30,84,140,71,56,43,36,24,480,20,103,156,84,57,57,43,33,539,13,104,250
207,240,487,502,700,599,193,15,2811,22,13,13,9,6,7,0,0,73,596,134,49,35,43,38,22,6,926,203,235,145,59,95,115,20,8,884,56,227,178,102,120,109,64,13,872,34,189,205,129,140,130,49,11,892,24,147,221,147,175,170,52,8,951,16,111,243,207,213,189,57,3,1029,9,54,209,155,196,161,40,3,823,6,35,116,92,129,108,26,3,518,7,12,57,66,89,37,8,4,275,0,3,32,52,52,38,10,0,186,0,0,30,38,26,21,3,0,107,0,3,23,48,26,18,4,0,121,0,0,0,9,10,7,9,0,36,9,20,18,16,30,24,9,0,124,982,1178,1535,1158,1355,1170,369,61,7823,9,10,6,18,19,11,11,0,91,35,14,9,7,10,5,3,0,80,15,25,14,24,14,6,8,0,106,8,20,17,21,27,15,10,5,123,6,21,34,19,26,10,9,14,139,0,20,53
208,498,1286,1355,1877,1531,351,37,7065,41,19,17,12,21,11,4,0,120,803,153,59,34,49,40,23,8,1169,210,272,160,96,93,122,45,10,1004,97,257,204,98,130,136,50,12,992,48,230,226,121,149,171,64,17,1023,40,225,321,219,306,264,86,20,1482,32,246,499,363,436,356,94,4,2022,21,151,402,330,398,324,70,5,1710,6,65,199,229,284,211,57,6,1056,0,14,111,111,115,89,14,0,454,3,6,68,79,92,54,10,0,305,0,8,21,54,50,30,7,0,175,0,7,28,40,72,24,3,0,184,0,3,9,12,16,17,0,0,56,31,23,33,47,37,24,15,4,207,1335,1658,2360,1844,2245,1873,541,90,11959,10,4,20,28,14,16,7,0,105,36,27,8,8,5,9,3,0,107,7,21,16,20,12,15,3,4,94,6,23,26,25,15,18,4,12,121,3,10,21,15,25,17,10,11,117,3,28,41
209,586,1642,1766,2158,1749,376,22,8457,45,18,13,14,19,16,0,0,126,1062,138,48,53,60,46,16,0,1434,312,288,143,108,147,140,47,12,1195,84,245,186,128,164,184,62,21,1065,58,242,229,175,215,224,65,4,1221,45,220,340,268,383,336,106,17,1719,32,228,464,410,556,400,68,5,2155,22,144,451,371,474,299,59,0,1826,9,63,281,262,252,196,36,3,1098,0,16,129,112,148,79,17,0,494,0,9,53,78,84,56,6,0,293,0,8,36,47,39,24,5,3,171,0,3,29,57,39,22,5,0,151,4,4,14,15,13,9,3,0,58,27,27,50,36,65,42,14,4,268,1699,1646,2477,2127,2670,2071,518,82,13281,9,10,23,26,18,9,3,0,102,50,19,13,10,7,3,0,0,95,17,16,17,8,10,11,9,4,101,3,15,24,15,13,17,12,8,117,5,9,35,21,19,13,14,3,129,5,30,47
210,1152,3696,3643,4137,2865,480,26,16191,32,14,20,19,14,15,8,0,120,679,100,42,43,47,38,18,0,964,224,171,129,120,124,104,33,6,916,95,194,200,152,151,131,42,7,975,52,221,259,164,191,186,45,10,1135,67,270,396,320,426,293,84,6,1857,54,299,655,526,576,435,79,12,2623,35,242,636,562,626,393,72,6,2569,14,104,402,407,461,299,48,3,1733,3,37,182,193,246,144,17,0,821,0,13,107,117,104,74,17,4,435,0,8,64,59,74,34,6,0,243,0,7,58,54,54,26,3,4,207,0,3,15,20,17,8,3,0,64,23,43,51,43,54,47,14,0,285,1284,1727,3213,2799,3175,2230,470,57,14952,10,14,18,27,18,6,5,0,101,43,16,5,14,12,4,7,0,103,17,17,19,10,14,8,12,3,103,6,22,23,23,16,18,9,10,113,9,20,26,15,28,14,7,3,124,8,33,41
211,788,1797,2274,2987,2382,532,47,11011,61,18,8,16,17,15,5,0,147,1469,173,54,70,97,79,22,5,1975,451,344,139,152,184,208,44,7,1534,125,290,209,188,195,235,89,20,1360,88,255,212,211,314,280,107,21,1487,79,296,407,328,478,456,163,23,2237,70,325,602,520,677,489,126,9,2820,26,252,630,482,596,478,91,10,2556,11,83,375,378,432,337,70,5,1691,0,22,147,191,193,150,27,3,733,0,14,77,108,102,71,17,0,390,0,4,43,60,48,40,0,0,195,0,7,35,47,29,29,5,3,150,3,3,9,18,14,8,10,0,61,47,38,43,57,89,47,18,4,343,2422,2128,3001,2814,3461,2923,806,123,17678,14,9,21,24,20,12,5,7,105,60,13,12,11,16,12,3,0,140,12,22,12,13,26,14,9,3,118,10,25,25,22,25,31,14,10,151,14,21,24,25,21,22,18,13,154,5,19,40
212,1787,5194,5573,6642,5012,920,65,25583,68,48,32,41,32,26,7,0,264,1402,229,115,89,114,92,25,8,2070,497,429,278,226,280,240,72,16,2024,188,406,397,280,325,321,102,21,2046,130,429,445,370,460,371,124,18,2347,148,472,720,646,794,600,178,31,3591,116,639,1204,1077,1313,839,180,11,5380,30,448,1096,960,1104,767,133,5,4544,29,182,642,661,698,559,69,5,2843,3,67,330,319,325,245,31,3,1314,4,39,189,219,249,129,22,3,859,3,9,110,142,114,64,7,0,459,3,13,100,118,96,59,3,3,401,4,4,31,26,31,20,9,3,137,46,58,108,91,95,87,27,6,515,2663,3477,5800,5266,6038,4414,989,133,28784,19,21,37,43,51,31,10,6,213,80,24,21,23,17,16,8,6,188,33,34,34,32,45,27,18,4,219,13,37,46,35,38,22,17,14,229,3,41,59,40,50,36,20,20,263,13,59,84
213,1884,6222,6210,6550,4520,752,43,26482,67,35,28,32,29,26,5,0,220,1258,168,77,59,60,50,30,9,1711,426,373,195,173,196,249,62,12,1683,161,365,319,235,294,253,81,8,1709,101,307,356,276,333,297,81,12,1757,84,378,565,461,559,447,123,17,2635,77,419,889,787,840,569,107,10,3707,35,312,834,770,794,570,94,10,3417,16,135,576,637,647,420,52,7,2486,3,45,259,369,319,220,26,5,1242,3,29,152,196,172,110,23,0,678,0,6,86,121,101,58,7,0,385,0,4,94,122,89,64,7,0,389,0,4,23,26,21,18,0,0,91,44,47,80,91,87,71,21,3,441,2279,2629,4540,4350,4534,3416,728,84,22563,25,14,33,27,23,17,7,3,144,67,22,13,12,15,5,6,3,146,30,48,24,24,26,21,7,4,189,10,34,44,45,43,24,16,8,225,6,34,52,47,36,28,7,3,221,8,45,71
214,289,589,717,1033,885,252,17,3893,34,9,13,11,16,12,6,0,92,782,64,34,32,39,43,22,0,1014,215,128,78,76,97,116,25,6,752,86,134,78,91,114,125,51,6,693,75,138,111,133,153,170,50,16,845,51,189,189,201,299,262,90,21,1301,45,205,290,281,342,272,75,3,1504,18,119,258,233,352,223,47,4,1248,3,64,182,194,231,142,29,7,855,0,24,86,85,104,44,10,0,356,0,6,44,52,65,32,4,0,211,0,3,27,35,44,21,0,0,142,0,0,31,38,37,16,5,0,130,0,3,11,12,16,7,4,3,50,27,21,26,34,31,35,16,3,187,1332,1105,1458,1516,1945,1516,448,71,9380,5,3,11,12,12,8,0,0,57,45,3,5,11,4,0,0,0,66,12,11,12,12,9,7,5,0,71,3,17,13,12,14,8,9,12,88,3,15,5,8,17,20,10,6,88,0,10,9
215,204,607,688,942,920,230,27,3674,39,14,3,10,8,19,12,7,94,448,38,28,27,38,46,10,0,632,136,74,68,54,94,112,36,6,582,71,100,74,73,133,101,49,13,603,40,89,114,105,148,153,67,20,743,52,162,215,168,244,231,57,12,1144,60,226,342,212,305,265,49,10,1471,32,150,281,214,261,215,35,8,1192,8,43,136,125,155,144,24,3,648,3,11,44,47,68,49,11,3,239,0,4,30,28,36,37,7,0,135,0,4,8,11,25,13,0,0,61,0,0,12,18,20,6,0,0,58,0,5,3,11,8,7,0,3,40,25,13,18,23,33,33,19,0,164,913,936,1385,1126,1570,1435,366,83,7813,8,0,8,6,3,3,3,3,37,20,5,5,4,6,11,6,0,57,9,3,7,12,12,10,9,3,58,4,10,8,10,12,7,6,10,70,7,9,11,12,9,19,11,11,72,8,11,17
216,200,484,653,960,922,238,29,3521,37,4,4,10,14,19,3,0,85,417,23,18,23,34,33,7,3,552,100,59,49,48,56,69,15,4,403,42,67,72,53,99,115,43,5,499,46,66,96,99,132,115,54,0,608,49,108,172,161,223,189,49,3,955,37,175,269,200,239,232,31,11,1195,26,130,234,192,245,206,37,4,1082,10,60,195,163,225,171,31,5,847,0,24,90,100,107,85,10,0,418,0,16,52,83,79,48,13,0,288,0,0,41,48,60,27,4,0,182,0,0,8,28,24,13,0,4,85,0,0,4,7,11,9,3,3,34,24,7,12,29,42,41,7,5,170,788,751,1314,1242,1577,1370,310,47,7392,13,7,11,5,11,3,3,6,55,18,4,3,4,7,4,3,0,41,9,7,8,3,3,8,0,3,36,0,4,4,5,11,11,10,7,67,4,5,7,11,3,12,11,13,61,0,6,11
217,212,523,614,918,721,179,13,3231,25,10,12,10,6,5,3,0,63,410,28,18,21,19,33,12,0,550,110,63,61,56,72,89,26,8,479,57,71,62,64,87,103,37,10,488,38,57,83,55,117,86,41,10,496,53,116,146,127,162,164,46,9,818,32,148,208,160,183,139,33,4,910,20,115,218,147,181,144,25,5,868,6,54,150,115,139,103,16,4,592,3,13,46,66,69,48,7,0,255,0,8,31,40,43,29,15,0,159,0,0,16,21,31,24,0,0,96,0,0,9,19,22,22,4,0,75,3,0,8,6,11,7,3,3,38,14,19,24,8,22,29,14,0,137,781,706,1096,928,1155,1023,279,50,6014,7,3,3,3,4,8,0,3,25,23,3,4,4,4,4,0,3,39,4,14,6,0,6,6,7,0,41,4,0,3,4,6,12,3,0,36,0,9,4,10,3,5,14,0,50,4,7,14
297,0,4,3,12,9,0,0,25,0,0,0,0,0,0,0,0,0,0,0,0,0,0,0,0,0,0,0,0,0,0,0,0,0,0,0,0,0,0,0,0,0,0,0,0,0,0,0,0,0,0,0,0,3,0,0,0,0,0,0,0,0,0,0,0,0,0,0,0,0,0,3,0,0,0,0,0,0,0,0,0,0,0,0,0,0,0,0,0,3,0,0,0,0,0,0,0,0,3,0,0,0,0,0,0,0,0,0,0,0,0,0,0,0,0,0,3,0,0,0,0,3,5,0,0,6,0,0,0,0,0,3,0,0,8,0,0,0,0,0,0,0,0,0,0,5,5,9,7,6,0,0,35,0,0,0,0,0,0,0,0,0,0,0,0,0,0,0,0,0,0,0,0,0,0,0,0,0,0,0,0,0,0,0,0,0,0,0,0,0,0,0,0,0,0,0,0,0,0,0,0
299,462,2051,2024,2174,1680,434,37,8961,39,16,36,48,43,33,3,0,217,235,121,86,99,138,119,35,5,848,125,187,250,253,385,374,90,11,1679,64,222,263,334,503,398,113,15,1909,84,237,297,335,552,446,152,20,2124,71,282,442,503,635,569,181,29,2717,62,327,551,561,651,479,109,13,2750,52,298,655,591,724,497,104,6,2923,7,204,629,570,596,419,77,16,2520,10,78,421,417,411,203,36,7,1583,4,33,242,294,303,135,20,3,1032,0,14,161,156,151,68,13,0,563,0,20,161,192,132,76,14,3,606,3,4,30,47,38,25,11,3,159,17,42,70,91,88,101,43,9,454,779,2083,4285,4487,5355,3941,997,145,22073,12,14,18,28,13,20,7,3,125,28,10,18,16,10,3,3,4,95,13,24,25,16,16,21,14,5,136,4,18,25,24,29,22,9,3,138,9,23,38,32,27,23,19,11,174,6,30,51
301,526,1363,1389,1663,1246,249,10,6765,21,16,7,10,11,4,0,0,69,560,52,31,26,35,28,7,0,737,241,93,83,55,75,67,13,3,637,108,100,102,90,88,90,35,3,608,55,109,126,95,92,98,54,8,638,66,180,219,168,202,176,42,3,1057,73,229,422,317,336,225,52,3,1656,40,202,483,391,401,264,55,0,1829,14,94,305,285,297,193,25,0,1208,7,38,121,125,145,75,10,0,509,0,7,90,93,94,63,6,0,359,0,3,25,60,74,40,5,0,204,0,3,21,49,53,37,3,0,167,0,0,5,10,7,18,0,0,50,24,19,27,19,29,19,5,0,140,1200,1146,2068,1792,1946,1392,305,27,9875,6,0,6,10,14,5,0,0,49,24,5,3,9,7,4,0,0,56,14,7,3,8,3,3,3,3,36,9,6,10,6,3,8,6,3,57,3,4,8,12,6,13,8,3,57,4,22,21
302,918,2330,2441,2698,2013,424,27,11075,33,5,23,6,8,9,0,0,75,592,63,36,28,43,44,10,0,818,242,125,81,70,69,71,23,0,675,113,163,149,80,105,106,34,9,761,80,164,195,113,152,131,37,3,869,78,221,288,219,286,233,62,11,1410,49,293,490,387,515,382,52,10,2179,35,228,501,429,520,386,60,4,2164,14,108,350,360,383,258,31,0,1504,3,32,159,152,165,110,20,0,640,0,15,113,91,113,60,9,3,402,0,10,56,65,49,35,9,0,220,0,12,59,65,51,33,8,0,216,0,0,13,11,14,7,0,0,51,28,21,29,32,35,37,14,5,190,1264,1462,2529,2109,2506,1890,376,40,12174,13,3,7,14,8,10,4,0,59,29,7,5,3,3,4,3,0,56,16,9,9,4,7,7,0,5,66,10,11,10,7,11,6,3,4,56,5,11,20,15,12,11,5,5,92,5,13,28
303,1210,3137,3092,3340,2344,493,21,13936,43,20,20,12,21,7,4,0,127,629,119,43,45,43,25,11,3,911,294,231,120,84,94,98,22,3,941,135,225,202,110,117,110,35,13,948,107,240,238,162,156,116,53,14,1085,93,281,347,277,286,249,76,9,1613,47,337,530,338,419,337,73,6,2090,41,234,483,400,451,281,56,4,1950,13,97,313,297,287,221,38,0,1267,7,33,139,130,124,104,19,0,551,0,14,55,82,75,38,5,0,279,0,9,29,39,53,29,4,0,167,0,9,40,39,35,25,7,0,150,0,3,6,15,10,9,0,0,43,18,22,40,32,38,30,7,5,187,1423,1863,2621,2055,2207,1680,411,55,12308,13,10,15,19,19,10,4,0,94,36,23,12,9,6,0,3,0,81,14,16,18,19,12,11,11,0,105,11,19,31,19,19,12,3,9,118,5,21,29,28,14,8,12,5,123,3,28,55
304,241,418,359,351,275,74,5,1823,25,3,3,3,3,3,0,0,41,441,65,18,14,12,18,6,3,575,162,146,47,22,40,37,9,0,464,74,94,78,55,36,40,12,3,395,35,89,93,54,53,38,18,3,386,29,89,121,93,79,80,33,3,529,17,78,123,96,128,95,24,3,556,11,51,107,101,99,90,21,0,483,0,24,54,83,69,41,16,3,293,0,10,23,20,28,19,3,0,103,4,4,11,13,20,14,0,0,70,0,0,12,9,10,11,0,0,35,0,0,5,18,11,5,0,0,41,0,3,4,0,3,5,0,0,21,9,8,8,8,12,4,0,0,50,800,662,709,588,605,503,151,22,4048,4,4,3,7,6,0,7,0,35,7,7,4,7,4,3,0,0,36,7,7,8,4,0,4,3,0,37,3,9,5,11,7,0,3,0,31,3,10,3,4,3,3,4,3,32,3,3,12
305,517,1278,1178,1129,899,248,15,5431,35,26,41,11,8,14,3,0,137,553,145,73,30,30,29,12,6,877,328,336,236,90,75,88,24,4,1195,144,365,501,144,115,94,40,3,1404,102,428,718,204,158,127,48,5,1792,88,402,668,313,297,270,74,12,2121,60,313,594,395,418,357,81,7,2230,24,220,582,386,375,274,66,6,1926,17,99,349,261,293,210,34,4,1261,3,41,183,164,149,116,27,3,682,3,30,130,124,126,84,12,0,511,0,10,100,118,106,64,10,0,417,0,13,114,97,98,61,12,0,399,0,4,14,23,17,13,4,0,78,17,19,36,42,45,26,4,0,188,1386,2458,4337,2398,2315,1836,434,50,15211,22,14,30,28,24,9,6,3,135,47,32,18,10,11,11,3,0,127,30,38,34,18,14,4,8,8,147,15,34,39,20,16,12,3,9,158,21,43,51,30,28,15,12,12,213,13,57,64
306,311,852,1028,1457,1298,399,33,5498,30,12,13,5,15,15,10,0,104,559,29,28,33,41,36,13,3,746,167,75,82,82,106,120,40,3,678,111,128,140,131,157,182,56,6,911,80,144,203,191,210,219,59,15,1116,77,230,367,350,433,369,86,13,1925,72,360,548,394,470,380,87,9,2319,33,236,421,388,438,342,70,6,1931,8,59,172,227,280,196,39,0,971,3,14,67,92,108,97,12,0,387,0,11,42,64,68,42,5,0,232,0,0,21,14,24,18,3,0,84,0,0,11,12,18,14,3,0,68,3,3,4,5,11,5,3,0,37,30,23,31,43,53,44,13,0,247,1169,1324,2164,2024,2427,2083,505,57,11753,15,8,11,6,15,14,6,3,74,29,5,3,4,6,0,0,0,53,6,10,15,5,15,3,10,3,72,15,9,15,16,11,12,15,14,109,3,10,21,8,17,3,9,8,88,8,17,28
307,329,967,1092,1434,1138,318,26,5394,30,9,9,17,7,15,10,4,98,335,16,31,31,46,42,21,0,532,117,51,63,68,108,70,30,4,520,70,60,70,102,120,113,43,13,590,71,79,81,85,128,109,55,9,611,80,140,205,175,211,192,76,10,1085,88,229,342,257,293,251,41,4,1516,69,229,384,333,380,260,44,3,1696,14,105,264,235,243,189,33,3,1089,0,42,117,110,103,75,10,0,457,0,17,52,43,44,35,6,0,196,3,7,25,22,18,6,3,3,84,0,6,25,24,25,8,7,0,94,4,4,14,10,13,14,10,0,64,15,19,25,27,24,42,12,3,172,896,1006,1715,1534,1782,1417,403,66,8814,4,0,6,5,7,9,5,0,36,20,4,0,3,3,7,0,0,43,12,3,3,3,13,12,13,8,60,0,3,4,8,3,18,13,9,55,7,4,4,6,12,15,8,7,66,5,3,12
308,576,2077,2412,2798,1998,346,19,10370,36,10,13,16,15,13,3,0,107,578,43,35,58,36,37,10,3,800,205,99,85,97,109,109,23,0,722,116,94,94,116,129,126,36,13,729,95,111,139,134,174,173,43,15,882,79,195,211,192,248,207,43,13,1189,51,259,367,332,334,235,57,8,1637,37,173,366,354,326,234,37,5,1525,17,116,261,248,230,183,29,3,1087,4,37,140,95,119,93,15,0,514,3,18,76,66,67,47,12,0,287,0,13,53,61,60,32,4,0,227,0,19,106,110,90,37,8,0,366,0,7,47,46,48,25,8,0,184,35,19,36,28,42,21,14,0,194,1256,1211,2028,1938,2031,1584,336,60,10440,3,7,3,5,8,3,3,0,39,17,8,7,9,8,3,0,3,46,8,5,9,9,7,14,3,3,50,6,9,5,11,7,9,3,9,59,5,4,8,9,9,7,10,5,61,4,11,16
309,1124,2852,3016,3484,2632,719,59,14348,74,22,34,24,41,19,4,3,223,1441,98,45,64,52,65,24,0,1803,522,316,246,161,183,213,48,9,1698,250,338,379,248,287,264,97,22,1877,201,429,544,306,347,326,142,32,2321,206,511,697,579,689,608,189,17,3505,118,521,872,739,904,701,168,12,4037,78,382,762,715,806,626,121,0,3490,24,166,519,512,524,406,71,9,2228,13,58,260,267,249,154,26,3,1039,6,38,180,189,164,101,12,0,690,4,27,107,109,89,58,8,0,395,0,19,105,97,130,53,13,0,419,0,7,32,31,42,35,7,3,153,54,45,66,67,66,68,26,3,404,2985,2981,4858,4107,4574,3696,961,109,24279,11,20,23,30,34,19,14,0,166,63,17,9,17,16,10,3,3,136,36,17,25,19,24,21,15,9,169,13,25,32,48,25,33,18,16,210,15,21,39,46,28,24,31,22,227,18,40,74
310,844,2182,2170,2569,1826,408,28,10264,31,21,14,12,16,11,0,0,109,687,54,51,40,38,44,7,0,926,281,131,88,82,111,96,17,0,806,123,144,123,115,124,131,23,4,796,111,169,199,135,177,130,49,9,982,122,241,329,271,367,287,58,4,1679,88,432,639,508,606,429,67,3,2771,54,343,740,655,600,396,60,5,2853,15,148,401,432,425,273,31,0,1735,3,32,150,192,141,94,14,0,630,0,6,74,108,94,48,0,0,332,0,11,35,49,45,28,3,0,167,0,4,23,39,28,19,8,0,117,3,4,12,9,7,13,3,0,54,28,27,45,43,34,33,9,4,224,1539,1762,2928,2696,2812,2030,364,36,14176,8,11,11,13,9,5,3,3,65,30,7,0,3,3,3,3,0,59,10,4,13,6,13,6,7,6,66,9,11,19,4,7,13,18,10,93,3,9,15,10,17,13,12,3,84,14,12,28
311,655,1427,1518,1673,1214,347,21,7108,36,13,11,15,21,8,3,0,109,644,48,20,25,29,30,14,3,818,313,125,91,66,67,77,15,7,759,139,135,154,88,120,113,28,4,776,103,154,144,147,136,134,42,6,868,92,241,263,249,283,234,65,10,1437,84,321,453,342,405,289,53,4,1948,47,200,418,359,362,256,49,3,1696,9,85,267,251,228,147,29,0,1022,4,40,130,120,118,57,9,0,475,4,14,73,73,53,38,5,0,261,0,0,20,30,25,12,3,0,103,0,3,27,22,31,12,3,0,101,0,0,12,14,11,6,3,0,48,29,26,54,34,34,16,4,0,195,1502,1415,2132,1846,1935,1436,322,37,10623,14,3,16,22,4,15,3,0,71,35,11,10,3,3,0,0,0,56,17,15,12,12,15,13,0,3,79,3,7,20,11,13,10,8,3,72,3,10,19,16,21,9,9,10,93,9,16,27
312,447,1878,2281,2655,1841,301,27,9576,29,16,21,8,14,17,3,0,104,384,29,26,47,38,24,8,4,567,135,47,83,79,72,89,20,3,528,73,63,87,100,117,109,32,5,598,72,82,118,110,144,120,29,5,685,78,173,213,176,222,166,42,3,1078,56,222,302,213,259,191,47,10,1304,47,195,323,210,284,235,43,3,1336,15,96,215,179,232,175,20,0,937,0,38,108,87,123,81,19,0,450,0,11,62,57,78,59,8,0,279,0,15,37,39,49,34,3,0,176,0,7,34,49,46,34,3,0,180,6,4,15,23,11,13,0,0,69,16,18,28,28,40,37,12,0,185,911,1019,1671,1402,1743,1395,294,47,8474,9,6,3,3,8,4,0,0,31,18,5,6,3,4,5,0,0,40,5,4,3,3,4,3,3,0,31,4,8,10,8,10,17,7,9,71,6,8,5,12,7,4,7,6,56,7,7,14
313,277,692,880,1079,891,210,11,4191,27,14,17,11,13,9,0,0,89,601,67,54,20,27,34,13,0,814,228,102,93,71,83,76,16,0,669,112,126,196,85,109,97,29,9,761,88,161,171,104,128,115,44,9,815,76,218,249,196,244,186,55,8,1238,56,232,323,214,281,205,37,5,1351,25,140,285,256,247,179,30,3,1169,7,68,191,170,178,111,13,0,744,6,27,83,96,79,55,10,0,351,0,9,52,62,48,29,8,0,216,0,4,28,38,27,9,0,0,103,0,0,11,25,16,11,0,0,69,0,0,6,7,8,5,0,0,32,14,21,30,22,20,23,0,0,135,1240,1195,1797,1367,1519,1159,258,36,8562,8,4,12,8,9,0,0,0,46,18,7,3,8,4,3,3,0,49,13,11,6,3,7,7,6,3,56,3,5,8,11,9,11,6,3,63,3,15,9,3,8,10,13,4,68,5,15,13
314,317,636,633,660,488,120,15,3003,14,3,11,7,12,10,3,0,52,510,37,18,20,26,19,15,0,645,186,76,32,43,43,32,9,3,440,76,66,58,61,56,51,20,0,385,53,69,74,48,60,60,22,0,391,37,106,106,98,113,104,35,0,597,30,116,157,119,148,120,19,0,706,20,85,150,154,133,116,17,0,679,8,37,96,97,104,69,21,0,436,4,15,64,48,47,16,4,0,204,3,12,34,45,20,20,5,0,133,0,3,20,17,11,13,3,0,68,0,0,12,13,21,3,0,0,50,0,0,6,7,5,3,0,0,26,16,5,13,13,16,10,8,0,77,956,623,855,793,818,646,183,11,4879,5,3,3,4,7,4,0,0,27,13,0,0,4,3,3,3,0,22,10,3,0,4,0,3,3,0,21,8,9,10,9,5,5,0,0,40,3,8,3,3,4,3,12,3,44,3,3,7
315,234,1064,1032,1134,797,165,11,4479,17,8,18,9,5,10,6,0,60,94,10,14,15,18,20,7,0,183,43,39,52,58,57,46,13,0,299,33,31,51,38,58,48,22,4,281,52,51,69,66,67,68,35,8,396,92,113,114,91,122,119,32,10,689,63,160,171,116,154,115,17,3,810,39,117,160,123,147,112,26,0,723,21,90,115,81,133,83,19,0,539,10,25,60,54,57,48,11,0,260,3,14,37,42,22,33,12,0,157,0,5,31,24,27,20,5,0,119,3,7,35,36,30,24,4,0,140,0,4,11,13,6,7,3,0,40,26,21,25,20,27,23,9,0,138,482,668,959,781,923,777,218,33,4845,3,0,0,6,7,7,0,0,22,8,0,3,3,0,0,0,0,26,5,3,9,14,7,14,3,0,51,0,8,4,6,9,8,6,5,44,3,7,10,6,4,7,3,3,44,3,5,15
316,430,1158,1385,1774,1465,374,29,6838,37,9,8,18,23,19,7,0,125,942,63,47,49,57,59,14,3,1234,402,141,122,118,140,150,32,10,1121,180,180,191,158,195,222,63,10,1193,128,193,237,181,263,250,79,12,1348,127,254,307,310,429,374,102,6,1910,76,258,382,383,466,399,77,3,2040,33,174,317,332,399,316,60,9,1645,15,78,208,252,248,218,37,3,1070,0,36,87,118,121,80,14,0,452,0,14,46,72,79,54,15,0,277,0,5,29,37,31,16,3,0,123,0,3,42,26,44,13,4,0,131,3,0,23,26,19,11,5,0,83,25,28,27,35,47,43,8,7,210,1980,1433,2073,2118,2555,2220,521,60,12956,17,0,10,19,15,16,4,3,86,42,4,3,11,8,8,0,0,75,22,4,3,10,8,13,12,4,81,5,8,16,19,17,26,7,13,106,9,10,11,12,28,15,8,19,112,7,15,24
317,268,805,822,969,864,217,11,4042,16,8,7,0,10,5,0,0,47,436,32,22,19,28,25,8,3,569,183,75,64,48,66,56,13,3,505,83,79,89,62,90,70,30,9,505,58,97,119,71,90,103,43,8,595,69,167,210,160,202,176,53,4,1044,44,218,324,227,263,195,41,6,1319,35,137,273,207,273,178,28,3,1136,6,61,141,135,176,137,22,0,681,3,19,53,52,39,48,5,0,234,0,13,41,43,29,18,4,0,152,0,7,30,14,13,14,0,0,74,0,5,21,13,8,3,0,0,50,3,0,4,4,10,7,3,0,35,22,8,20,23,23,36,8,0,141,957,927,1421,1096,1326,1064,265,32,7084,5,0,5,10,3,3,5,0,31,16,3,0,3,0,4,0,3,27,3,3,3,9,3,0,0,4,30,0,7,0,3,5,6,3,14,43,0,7,4,5,12,12,15,5,64,4,9,11
318,623,1367,1443,1681,1371,314,25,7010,38,15,17,14,13,24,6,0,127,639,61,41,40,37,49,9,0,879,228,126,94,87,108,95,24,3,765,122,128,110,87,131,117,46,5,743,85,139,138,167,189,172,49,11,946,80,198,230,227,289,235,83,8,1350,49,211,306,278,352,279,71,8,1543,24,160,330,281,324,300,49,3,1474,3,69,215,218,258,210,34,8,1018,3,18,102,112,129,116,16,0,497,3,10,49,69,68,68,6,0,264,0,9,20,33,27,30,0,0,119,0,3,19,31,23,24,3,0,105,0,0,5,3,11,7,0,0,28,26,21,32,30,37,39,12,0,193,1284,1163,1708,1678,1995,1751,421,50,10052,9,5,4,17,0,5,4,0,45,33,8,6,4,0,6,0,0,56,7,11,6,8,6,7,0,3,48,11,11,6,10,8,8,4,11,61,10,14,10,3,14,4,3,15,67,4,14,14
319,408,976,1220,1718,1493,350,34,6375,53,14,13,16,14,29,11,3,152,599,45,40,46,61,87,19,4,910,257,106,99,127,162,166,28,5,956,148,156,193,154,216,219,69,10,1161,128,187,230,191,290,276,75,12,1382,97,256,378,284,452,385,99,6,1972,88,318,512,413,528,380,91,8,2336,63,220,432,387,451,356,55,4,1973,16,97,213,243,309,242,33,3,1145,6,36,81,93,106,86,17,4,424,0,13,28,37,71,37,3,0,183,0,5,12,24,40,18,3,0,112,0,0,14,23,26,21,0,0,85,0,0,8,13,17,9,0,0,47,21,28,44,30,53,41,9,0,227,1471,1476,2298,2086,2799,2354,517,60,13062,11,0,3,19,11,11,3,3,55,39,3,13,7,4,0,5,3,76,19,8,10,18,22,11,15,6,92,3,5,17,11,23,20,20,20,123,5,5,9,10,24,13,24,19,110,9,8,27
397,0,9,4,0,3,0,0,14,0,0,0,0,0,0,0,0,0,0,0,0,0,0,0,0,0,0,0,0,0,0,0,0,0,0,0,0,0,0,0,0,0,0,0,0,0,0,0,3,0,0,0,0,8,0,3,0,0,0,0,0,0,0,0,3,0,0,0,0,0,0,5,0,0,0,0,0,0,0,0,0,0,0,0,0,0,0,0,0,3,0,0,3,0,3,0,0,0,5,0,0,0,0,0,0,0,0,3,0,0,0,4,6,8,0,0,15,0,0,3,0,6,0,0,0,10,0,0,0,0,0,0,0,0,0,0,0,0,0,0,0,0,0,3,0,7,7,9,16,10,3,0,52,0,0,0,0,0,0,0,0,0,0,0,0,0,0,0,0,0,0,0,0,0,0,0,0,0,0,0,0,0,0,0,0,0,0,0,0,0,0,0,0,0,0,0,0,0,0,0,0
399,463,1795,2002,2233,1874,479,42,8990,37,25,28,30,34,30,3,0,190,208,89,67,98,132,122,29,3,744,116,173,193,259,349,283,66,4,1446,105,163,257,341,414,364,101,15,1755,115,204,307,328,457,416,129,17,1963,135,288,495,480,649,499,166,15,2723,104,381,528,548,640,504,117,6,2830,63,366,701,605,721,471,100,7,3031,22,228,667,649,654,358,68,4,2653,11,101,379,399,366,192,27,0,1470,8,46,253,251,270,127,26,0,981,3,27,167,179,143,81,8,0,614,0,13,135,145,123,78,3,0,509,0,4,42,38,42,21,5,3,145,25,27,63,79,85,53,14,4,357,954,2133,4278,4437,5065,3598,872,71,21413,15,3,13,19,21,19,7,8,109,28,8,12,16,13,3,3,0,76,10,11,16,15,15,15,3,3,90,4,15,19,18,12,20,10,7,119,14,20,16,21,24,19,15,12,135,11,15,21
401,304,778,737,902,760,191,12,3805,40,20,20,10,15,17,4,0,123,946,230,66,59,63,53,14,4,1430,370,387,211,121,146,128,22,3,1392,130,335,276,186,182,178,56,8,1352,99,288,347,212,277,242,84,9,1566,61,293,391,353,405,336,93,7,1943,27,214,439,388,421,331,82,12,1913,18,144,360,345,374,252,53,3,1549,4,52,222,236,221,160,34,6,938,3,20,92,95,106,52,7,0,377,0,9,49,49,49,35,8,0,202,0,3,20,30,40,18,3,0,116,0,0,12,25,26,13,0,3,77,0,4,3,7,16,13,11,0,51,18,29,32,39,36,28,10,6,192,1715,2029,2551,2159,2366,1849,496,64,13219,11,11,27,16,14,14,6,0,92,41,13,16,8,11,9,8,0,106,16,22,13,13,15,16,5,0,105,3,29,31,17,16,18,12,9,138,8,24,41,17,26,23,14,8,163,3,29,47
402,720,2315,2346,2774,2016,358,25,10730,43,10,28,20,17,10,4,3,135,1003,129,63,43,52,46,13,4,1346,416,301,135,126,181,124,29,3,1301,174,272,182,155,212,156,56,7,1217,97,271,254,221,291,211,60,14,1421,91,325,441,367,466,351,92,5,2137,61,382,742,646,619,365,72,6,2891,28,228,751,649,613,315,42,0,2623,10,82,363,403,402,257,32,0,1559,4,25,119,142,147,100,8,0,538,3,11,60,61,65,48,5,0,261,0,4,26,27,29,19,5,0,105,0,3,21,23,28,12,3,0,98,0,3,5,4,16,6,3,0,44,27,29,39,41,41,35,12,0,223,1954,2071,3226,2918,3180,2054,438,42,15892,12,3,22,12,10,6,4,0,75,31,12,9,6,7,3,0,0,67,21,26,9,26,12,8,6,6,118,6,11,17,14,21,12,8,6,96,3,17,30,22,13,18,11,3,121,9,23,40
403,303,728,711,915,864,206,17,3920,34,9,15,5,9,16,0,0,86,1038,137,65,55,67,56,12,0,1425,372,262,114,74,115,93,33,3,1055,114,230,146,99,166,155,29,0,939,64,221,222,146,221,199,77,8,1151,48,225,247,230,278,264,64,8,1370,27,174,310,213,263,226,69,3,1284,6,116,270,230,254,192,34,4,1106,5,27,165,184,189,166,31,0,758,0,7,67,61,68,49,13,0,269,0,10,29,46,39,23,5,0,156,0,0,12,17,15,14,3,0,57,0,0,13,9,12,6,4,0,53,3,0,0,12,15,6,3,0,35,32,12,17,22,38,29,3,0,151,1739,1431,1680,1403,1747,1491,379,32,9904,4,7,7,13,6,11,0,0,48,34,8,3,10,3,5,0,3,58,10,8,10,9,10,9,11,5,72,3,11,7,10,10,8,13,0,68,9,16,15,13,9,3,12,11,86,3,12,21
404,749,2372,2684,3385,2414,439,38,12255,30,15,16,11,7,8,0,0,89,554,115,48,31,35,27,7,0,828,227,235,124,89,109,97,16,3,905,87,191,176,147,153,130,24,6,917,49,174,224,185,218,180,66,9,1103,54,219,387,322,363,277,60,3,1686,45,254,625,496,493,400,69,3,2382,21,220,646,506,500,347,49,4,2292,13,107,315,359,377,227,30,0,1420,0,33,154,153,155,94,21,0,611,0,14,62,89,101,51,10,0,331,3,6,35,59,64,43,0,0,204,0,0,31,65,69,34,8,0,214,0,3,5,17,13,16,4,0,57,19,32,27,36,41,45,11,4,206,1095,1613,2884,2560,2696,1973,381,36,13240,4,9,16,8,9,7,7,3,62,22,10,12,10,8,3,0,0,57,7,19,10,6,10,6,7,4,67,8,6,18,14,15,14,14,3,84,4,14,19,17,12,21,12,15,100,0,23,25
405,172,469,544,790,695,174,22,2940,24,7,7,3,13,6,3,0,71,348,36,25,17,30,41,8,0,503,104,70,51,65,94,90,25,9,505,62,67,63,74,126,111,45,11,550,33,94,87,92,155,163,54,12,691,47,114,141,133,192,165,50,8,843,40,145,200,156,208,141,32,9,935,23,121,211,172,223,182,27,6,971,10,56,174,152,193,161,28,7,770,4,20,80,95,79,66,14,0,356,0,10,36,64,57,33,3,4,201,0,0,10,14,26,15,0,0,62,0,0,3,13,15,12,0,0,49,0,0,0,5,10,3,3,0,21,22,22,7,13,33,31,3,3,136,721,756,1102,1053,1447,1221,313,60,6666,9,0,4,0,0,3,6,3,20,12,0,5,3,3,4,3,0,29,3,3,3,4,3,3,4,9,39,3,3,9,3,3,10,7,6,51,0,3,7,12,4,13,6,4,47,6,4,5
406,268,977,964,1137,805,150,17,4380,13,3,3,6,7,0,0,0,32,218,19,11,22,23,24,0,0,315,79,47,44,45,71,55,22,0,362,32,49,70,52,75,71,29,3,385,33,67,50,55,95,105,33,5,445,34,68,87,83,139,114,20,3,545,25,92,86,89,114,101,28,7,547,15,59,125,95,117,93,14,4,521,8,40,85,73,103,78,12,0,406,3,12,35,44,74,37,5,0,214,0,10,42,37,45,30,0,0,168,0,6,32,27,32,16,0,0,104,0,3,42,38,17,12,3,0,113,0,0,13,8,9,15,0,0,49,3,13,15,15,26,22,3,3,97,467,479,734,702,951,780,182,24,4312,11,0,4,3,3,7,3,0,26,5,0,0,5,4,3,0,0,19,4,3,4,4,5,3,0,0,24,0,0,12,3,9,7,5,9,37,0,0,3,7,3,3,5,10,30,0,3,11
407,275,724,880,1259,1124,298,43,4715,36,17,10,16,16,26,4,3,127,558,39,41,37,59,51,16,0,806,162,114,102,113,178,157,49,9,885,81,110,136,116,194,198,66,9,930,79,118,172,158,200,217,73,15,1023,81,225,310,260,356,301,86,19,1634,78,357,542,446,469,348,64,11,2319,38,222,505,438,440,337,65,10,2060,10,99,265,275,264,200,36,4,1148,0,31,83,94,99,89,20,0,415,0,6,25,43,50,46,9,0,174,0,6,12,18,29,7,4,0,85,0,0,11,22,29,20,9,4,96,3,3,11,13,18,17,6,0,70,25,13,29,24,35,40,13,0,180,1160,1359,2249,2077,2439,2058,524,98,11961,11,0,9,5,7,7,0,3,40,15,6,4,0,9,9,0,0,39,11,3,4,9,10,13,8,0,60,4,4,12,13,7,17,16,3,80,8,6,10,11,24,17,17,17,102,11,16,17
497,0,3,0,0,4,0,0,7,0,0,0,0,0,0,0,0,0,0,0,0,0,0,0,0,0,0,0,0,0,0,0,0,0,0,0,0,0,0,0,0,0,0,0,0,0,0,0,0,0,0,0,0,0,0,0,0,0,0,0,0,0,3,0,0,0,0,0,0,0,0,0,0,0,0,0,0,0,0,0,0,0,0,0,0,0,0,0,0,3,0,0,0,0,0,0,0,0,0,0,0,0,0,0,0,0,0,0,0,0,0,0,0,0,0,0,3,0,0,0,4,4,0,0,0,4,0,0,0,0,0,0,0,0,0,0,0,0,0,0,0,0,0,0,0,3,3,5,7,0,0,0,19,0,0,0,0,0,0,0,0,0,0,0,0,0,0,0,0,0,0,0,0,0,0,0,0,0,0,0,0,0,0,0,0,0,0,0,0,0,0,0,0,0,0,0,0,0,0,0,0
499,107,454,484,676,507,140,15,2399,16,7,6,15,10,11,3,0,75,83,42,30,42,69,70,10,0,341,40,58,95,103,163,156,22,3,639,29,61,95,133,189,164,42,3,713,29,63,119,111,211,168,50,4,753,28,95,168,153,275,206,65,4,988,28,105,216,161,249,182,45,0,992,8,89,201,188,258,161,34,3,939,8,53,189,154,217,147,31,0,798,0,22,85,92,103,63,8,0,378,0,6,70,74,63,42,4,0,260,0,0,32,35,25,22,6,0,124,0,7,35,25,42,20,5,0,141,0,3,12,8,3,8,0,0,35,3,14,26,21,30,24,9,0,120,269,626,1377,1310,1912,1440,336,23,7300,3,4,4,6,3,3,3,0,30,3,3,4,6,4,3,0,0,29,0,0,10,8,6,8,0,3,34,4,4,14,5,4,8,4,3,45,6,4,4,10,8,5,4,4,49,0,10,9
501,306,1076,1407,1820,1468,310,31,6495,31,3,13,13,14,14,11,0,99,464,22,49,49,59,45,12,4,704,145,65,89,119,112,106,29,3,665,82,87,108,128,151,140,49,14,756,58,100,147,129,179,151,59,23,832,73,142,245,182,233,192,80,11,1158,64,190,319,230,271,204,61,9,1335,37,155,323,239,268,207,42,7,1278,14,72,237,258,208,150,30,0,973,3,24,106,105,115,56,15,3,439,0,16,79,83,85,59,11,0,329,0,6,40,68,40,30,3,0,190,0,3,74,73,67,34,7,0,257,0,0,20,18,23,10,3,3,91,21,21,26,23,32,32,13,0,156,997,902,1885,1718,1847,1427,421,67,9263,4,3,3,4,7,5,7,0,37,16,0,0,5,5,3,0,0,36,3,3,4,3,3,3,4,3,39,3,3,3,7,4,8,10,6,48,6,3,11,6,11,10,3,4,58,5,10,16
502,90,245,293,481,397,115,6,1685,12,0,3,4,3,4,0,0,27,263,15,15,12,23,7,3,0,329,88,32,31,44,43,37,6,0,288,42,48,41,48,69,59,17,0,325,23,45,50,53,55,64,20,6,314,32,50,35,76,84,77,19,3,376,7,44,66,53,89,60,24,3,349,5,33,45,41,61,52,6,0,246,0,12,54,40,56,49,7,0,223,0,10,30,29,34,14,8,0,127,0,3,25,29,10,24,3,0,101,0,9,18,17,22,7,0,0,66,0,0,12,17,17,13,0,0,65,0,3,0,7,5,3,0,0,24,7,3,12,8,11,8,7,0,52,484,312,431,477,585,482,127,19,2907,3,0,3,4,4,3,0,0,15,9,0,3,3,4,0,0,4,20,0,3,3,5,7,0,0,0,16,3,0,3,3,0,9,3,0,21,3,3,0,4,7,4,0,0,23,3,0,4
503,302,1033,980,978,732,164,19,4313,29,23,23,8,15,7,3,0,104,474,160,69,42,19,29,15,5,807,185,283,194,108,79,68,27,6,954,83,293,350,170,124,102,39,8,1162,49,240,416,228,130,150,51,18,1280,37,202,401,263,216,206,77,13,1418,32,164,355,227,236,197,81,12,1303,18,118,351,222,241,217,60,4,1227,10,66,255,170,195,164,57,3,926,0,26,138,115,94,71,19,3,465,3,14,92,77,66,46,8,0,304,4,9,74,54,46,21,4,0,211,0,13,89,87,63,39,4,0,301,0,4,40,68,32,32,6,0,178,13,14,36,23,21,29,10,3,155,943,1624,2869,1853,1585,1370,458,81,10781,13,10,23,23,16,6,8,0,88,40,22,18,6,8,10,3,5,117,15,30,32,10,14,7,5,3,116,8,19,26,21,18,9,9,11,116,3,19,28,25,18,15,10,10,126,8,26,36
504,581,1692,1610,1903,1416,317,13,7694,35,16,9,11,7,10,3,4,103,626,61,50,46,37,38,9,0,866,239,156,115,93,89,78,27,3,808,100,153,164,98,129,84,41,9,781,65,157,183,137,152,131,40,15,879,56,163,237,179,225,178,64,10,1113,41,190,282,250,264,213,31,11,1280,30,167,345,268,278,217,37,6,1342,18,97,245,223,215,208,42,3,1056,3,43,99,87,109,62,11,0,423,4,8,85,66,83,49,9,0,303,0,10,44,32,37,25,3,0,147,0,6,42,37,34,17,0,0,150,0,0,9,17,18,9,3,0,59,23,18,32,17,25,15,4,3,140,1238,1261,1954,1559,1704,1346,336,58,9456,10,0,4,13,8,12,3,0,45,17,8,7,3,6,3,3,0,50,10,9,16,11,8,7,0,0,59,9,17,4,10,17,13,8,0,70,0,6,18,14,0,11,7,3,63,0,16,26
505,646,1641,1431,1702,1347,347,29,7446,54,19,25,18,25,10,0,0,154,1228,170,80,62,65,56,17,9,1680,413,353,170,150,139,119,32,6,1378,168,323,269,189,186,155,64,11,1358,99,249,324,198,239,198,68,17,1387,74,282,366,323,341,271,100,22,1768,43,273,487,381,433,328,83,5,2033,27,243,451,384,424,291,77,7,1907,7,118,395,307,370,243,40,0,1484,6,29,159,169,187,143,33,3,727,5,37,102,107,114,66,16,0,450,0,11,73,70,59,34,5,3,255,0,11,73,75,79,29,10,0,275,0,3,28,28,21,15,6,3,104,48,27,44,38,36,25,20,4,242,2176,2154,3026,2493,2716,1984,566,81,15198,12,7,15,10,15,7,8,0,65,50,11,11,5,6,10,3,3,96,13,19,16,10,12,9,14,3,98,9,18,23,15,19,7,11,8,117,3,17,27,20,10,12,7,8,114,8,20,32
506,1591,4953,4359,4563,3287,759,58,19920,56,25,33,36,22,19,3,3,190,1062,170,109,90,62,55,25,0,1584,439,328,217,166,191,150,46,4,1540,165,322,362,220,225,175,68,13,1550,119,284,402,294,287,217,84,17,1712,128,375,516,432,382,383,110,23,2355,89,383,629,546,519,423,99,14,2704,51,330,684,518,555,397,94,6,2634,20,186,585,441,484,351,55,5,2135,7,64,246,272,267,165,38,5,1065,0,32,184,154,167,104,20,0,664,0,17,112,84,111,55,15,0,393,0,17,148,110,99,58,11,0,450,0,10,43,39,48,24,6,0,174,34,42,61,50,77,47,23,0,330,2176,2587,4333,3456,3507,2632,697,103,19487,18,15,23,26,19,14,0,0,119,58,17,11,13,10,7,7,0,122,24,20,28,13,13,9,4,0,109,11,23,29,28,25,12,9,0,134,7,18,39,19,27,19,17,9,151,9,32,46
507,807,2099,2125,2502,1943,417,30,10191,43,13,15,22,19,13,5,0,137,1030,116,71,46,38,41,13,3,1361,393,241,165,147,127,113,51,3,1234,158,261,234,161,168,155,60,13,1216,94,234,261,216,214,153,66,7,1244,93,259,372,311,335,268,88,21,1746,53,243,442,369,375,312,75,9,1886,37,211,475,372,421,273,54,6,1842,21,153,394,289,349,226,46,6,1488,3,60,179,189,167,117,22,0,739,0,33,112,116,114,89,13,0,485,0,19,88,107,95,49,5,0,361,0,19,143,152,135,73,17,0,539,0,7,38,55,37,17,7,0,163,33,20,47,32,36,32,20,0,222,1965,1894,3046,2580,2632,1933,531,74,14658,7,0,18,20,25,9,4,0,88,33,8,10,10,10,6,0,4,80,13,16,15,15,7,20,3,0,88,9,15,18,16,10,14,7,9,103,9,15,18,15,17,12,3,4,102,11,21,27
509,266,801,990,1334,1109,299,35,4890,30,4,16,8,9,18,8,0,96,207,26,33,35,44,40,18,0,409,77,40,86,82,114,105,34,8,528,71,71,100,83,103,118,58,13,616,51,57,90,73,128,127,56,13,592,59,124,174,147,193,147,65,12,923,59,167,234,166,209,175,58,5,1071,47,175,290,190,238,192,56,10,1196,17,70,179,156,187,138,30,5,781,12,36,104,81,83,69,18,0,404,0,8,44,44,53,48,12,0,217,0,11,32,36,30,30,8,0,150,0,10,38,31,48,24,7,3,164,0,0,18,12,18,15,7,6,71,16,15,33,14,28,23,3,3,133,651,801,1457,1167,1487,1272,436,77,7347,9,0,9,7,6,0,9,0,39,9,3,3,4,7,5,3,0,31,6,0,3,7,3,6,3,3,30,3,3,6,4,12,8,3,4,46,3,0,0,4,11,16,4,6,54,3,9,9
510,387,2833,3114,3351,2013,272,6,12040,12,3,14,8,10,4,6,0,59,122,12,25,19,20,10,0,3,213,53,25,43,54,33,26,10,0,239,33,31,55,37,48,49,11,3,268,14,34,51,40,58,41,19,3,264,30,61,78,100,86,56,21,9,437,32,72,117,88,100,87,13,3,514,21,102,196,103,139,98,18,3,676,20,95,218,155,162,109,13,0,773,8,67,203,141,139,103,16,0,670,7,37,146,111,105,72,5,0,483,4,40,161,128,100,61,3,0,503,3,86,541,441,327,157,16,0,1575,3,63,489,399,292,133,12,0,1383,10,14,39,46,27,19,3,0,157,380,742,2368,1869,1644,1038,169,28,8227,8,0,16,11,9,5,9,0,52,23,3,0,7,3,0,0,0,31,11,8,12,6,5,5,5,0,46,3,3,7,3,3,3,0,3,30,0,6,9,7,3,5,4,3,36,3,4,5
511,400,1878,1873,2005,1386,272,13,7901,8,3,11,20,13,9,0,0,64,199,6,18,21,24,16,6,0,294,83,35,58,52,58,57,14,0,352,45,28,75,59,65,57,18,0,346,37,45,69,85,99,61,20,3,413,39,64,93,81,141,114,33,8,568,30,106,133,94,121,104,21,4,608,25,67,128,110,122,95,15,3,559,16,70,167,117,142,116,16,0,646,4,47,116,87,74,54,11,5,394,3,43,97,54,74,41,7,0,314,0,22,95,54,56,25,5,0,264,3,14,121,96,76,46,4,0,363,3,3,37,48,41,20,7,0,157,11,11,13,13,30,18,0,0,96,492,575,1226,993,1130,824,173,30,5446,10,4,8,5,6,9,6,0,39,12,3,4,4,5,0,0,0,25,7,7,4,8,7,3,7,0,37,0,7,11,3,8,7,0,9,47,0,4,5,3,3,5,5,0,29,3,11,18
597,0,52,58,61,24,3,0,188,0,0,0,0,0,0,0,0,0,6,0,0,0,0,0,0,0,6,0,0,0,0,0,0,0,0,0,0,0,0,3,0,0,0,0,3,0,0,0,3,0,0,0,0,3,0,0,0,0,0,0,0,0,3,0,0,0,3,0,0,0,0,6,0,0,0,0,0,3,0,0,7,0,3,3,3,0,0,0,0,11,0,0,5,4,0,0,0,0,7,0,0,11,7,5,5,0,0,23,0,0,8,4,7,6,0,0,31,0,3,50,32,44,22,0,0,152,0,0,36,42,29,9,0,0,125,0,0,0,3,0,0,0,0,5,5,17,120,105,88,44,0,0,379,0,0,0,0,0,0,0,0,0,0,0,0,0,0,0,0,0,0,0,0,0,0,0,0,0,0,0,0,0,0,0,0,0,0,0,0,0,0,0,0,0,0,0,0,0,0,0,0
599,248,1273,1337,1555,1131,299,21,5905,22,19,17,14,19,17,3,0,113,127,53,52,71,61,69,17,0,455,80,86,130,141,152,140,30,4,764,52,77,131,145,190,157,65,13,826,56,77,125,133,168,170,55,5,784,58,114,184,206,222,215,72,6,1093,41,154,236,233,273,198,38,4,1173,40,167,326,258,285,226,35,0,1342,19,123,360,296,336,192,39,4,1363,5,43,244,212,228,132,23,0,892,3,37,158,156,141,104,20,0,613,0,20,127,133,92,60,11,0,434,0,30,160,160,128,72,9,0,564,0,8,77,64,40,24,0,3,223,4,19,28,24,37,23,8,0,152,510,1031,2375,2240,2382,1793,423,48,10794,3,11,15,7,14,4,4,0,49,17,3,8,4,6,3,0,3,37,3,10,13,4,9,5,7,0,47,5,7,8,8,3,10,3,3,47,3,9,11,14,7,9,10,3,63,0,9,6
601,307,806,873,1269,1121,207,19,4676,38,5,4,5,9,6,8,0,80,622,64,37,28,37,29,6,0,816,228,195,107,74,102,112,24,3,848,81,153,129,116,146,110,32,3,783,66,166,168,154,181,175,44,12,956,52,174,270,252,249,269,55,7,1333,39,178,322,276,309,251,47,3,1425,19,117,266,244,313,257,34,0,1257,3,33,134,167,206,161,23,0,732,0,6,49,84,84,70,11,0,296,0,3,25,38,56,46,4,0,176,0,6,15,26,30,20,3,0,103,0,3,3,9,15,15,3,0,53,0,3,4,7,3,8,3,0,34,24,7,21,12,23,19,11,0,117,1161,1115,1550,1510,1767,1542,309,36,9000,7,0,5,6,6,9,0,0,29,22,8,3,7,0,4,0,0,48,10,14,11,7,9,4,4,0,64,10,12,14,16,4,12,10,7,82,10,25,17,15,25,8,13,11,120,7,13,28
602,269,603,751,1092,830,161,27,3848,11,7,10,8,12,7,3,0,55,280,34,13,28,30,36,7,0,429,106,68,85,69,99,87,20,3,533,53,70,78,81,118,85,30,9,527,42,88,103,104,129,130,42,6,638,47,132,178,178,244,183,61,7,1034,40,159,211,181,262,214,40,7,1106,6,86,175,155,203,170,36,3,829,0,32,90,104,113,93,18,3,451,0,18,39,43,54,23,3,0,184,0,3,18,15,25,18,3,0,89,0,0,12,13,15,5,0,0,50,0,0,5,8,9,3,0,0,33,0,0,0,7,5,5,0,0,24,9,14,21,21,27,16,5,0,108,600,709,1031,1002,1342,1089,264,41,6082,4,3,3,0,5,9,0,0,26,13,3,3,0,6,3,3,3,30,9,9,9,7,13,6,8,0,50,3,9,7,0,9,8,11,10,56,0,5,4,6,11,11,10,3,50,4,10,11
603,32,80,97,159,149,47,3,599,0,3,3,4,3,4,0,0,13,40,6,6,6,8,13,4,0,84,21,13,14,22,34,31,7,4,135,6,13,24,20,33,26,15,0,147,4,15,29,25,40,39,12,3,174,15,30,46,60,51,48,16,5,274,14,39,77,78,89,49,11,0,358,0,20,56,62,82,49,11,0,275,0,17,30,44,39,34,3,0,168,0,8,19,12,20,11,5,0,74,0,4,3,8,4,6,0,0,21,0,0,0,0,7,0,0,0,9,0,0,0,3,3,0,0,0,3,0,0,4,0,0,3,0,0,5,0,6,6,8,12,12,3,0,56,106,167,318,348,425,336,92,10,1806,0,0,0,0,0,0,0,0,7,0,0,0,0,3,0,0,0,12,0,0,0,3,3,5,0,0,8,0,0,0,0,4,0,3,3,14,0,0,3,0,0,4,3,3,14,0,0,0
604,230,563,647,998,786,186,14,3486,16,10,0,0,9,3,3,0,45,297,15,18,31,47,37,5,3,454,124,62,46,68,70,83,20,3,480,49,52,70,72,119,109,25,7,503,46,78,81,87,132,122,29,7,583,58,114,159,167,198,192,34,3,926,29,156,216,176,253,178,27,3,1039,19,113,162,142,256,181,25,0,900,12,53,132,118,144,107,4,9,588,3,16,46,71,64,50,4,0,254,0,6,29,42,68,37,0,0,189,0,5,12,29,41,22,9,0,118,0,3,8,20,31,22,0,0,96,0,3,0,7,10,12,0,0,34,14,13,14,23,20,11,6,0,102,667,687,1011,1067,1466,1167,205,32,6297,4,0,4,0,6,0,0,0,21,10,3,3,0,0,3,4,3,27,10,4,3,3,3,12,5,3,37,5,4,3,10,8,7,7,3,52,4,6,7,11,9,8,9,7,61,6,3,19
697,0,0,0,0,5,0,0,5,0,0,0,0,0,0,0,0,0,0,0,0,0,0,0,0,0,0,0,0,0,0,0,0,0,0,0,0,0,0,0,0,0,0,0,0,0,0,0,0,0,0,0,0,0,0,0,0,0,0,0,0,0,0,0,0,0,3,0,0,0,0,6,0,0,0,0,0,0,0,0,0,0,0,3,0,0,0,0,0,3,0,0,0,0,0,0,0,0,3,0,0,0,0,0,0,0,0,0,0,0,0,3,3,0,0,0,6,0,0,0,0,4,0,0,0,5,0,0,0,0,0,0,0,0,0,0,0,0,0,0,0,0,0,0,0,0,5,4,4,3,0,0,23,0,0,0,0,0,0,0,0,0,0,0,0,0,0,0,0,0,0,0,0,0,0,0,0,0,0,0,0,0,0,0,0,0,0,0,0,0,0,0,0,0,0,0,0,0,0,0,0
699,43,167,175,245,227,63,4,932,3,3,0,0,3,0,0,0,9,13,13,4,15,14,9,3,0,67,16,13,25,31,54,48,3,0,183,5,9,33,39,46,49,6,4,197,3,19,32,41,66,59,16,3,229,10,21,51,49,62,63,11,3,274,7,34,51,65,49,38,10,0,256,8,24,60,49,60,36,9,0,241,0,13,42,38,49,21,0,0,171,0,8,24,18,19,19,0,0,82,0,3,13,12,18,11,0,0,61,0,0,7,8,9,6,0,0,33,0,7,4,6,7,4,0,0,30,0,0,4,0,3,3,0,0,13,5,4,6,11,13,9,0,0,40,71,165,351,376,477,369,66,13,1888,0,0,3,0,0,0,0,0,4,3,0,3,0,0,4,0,0,10,0,0,0,10,0,3,0,0,19,0,0,3,0,7,4,0,0,15,0,0,3,0,8,0,3,0,17,0,0,6
701,358,982,913,969,726,159,12,4204,17,5,11,7,18,9,3,0,60,206,16,13,17,5,3,3,0,255,75,40,39,27,37,17,6,0,249,46,62,89,46,35,23,16,0,313,35,74,125,76,56,47,12,0,424,27,69,149,93,124,96,14,3,581,28,104,200,151,148,114,36,0,780,30,106,193,187,162,111,24,4,826,18,76,198,121,141,95,22,0,669,0,27,102,70,84,51,4,0,342,3,15,38,52,55,35,0,0,204,0,17,67,65,51,33,3,0,230,0,35,249,218,126,82,7,0,717,0,18,150,133,81,44,6,0,427,17,11,16,32,28,17,3,0,125,497,670,1652,1285,1152,774,166,14,6207,3,0,11,11,7,0,3,0,33,17,6,3,4,0,0,0,0,30,7,6,5,0,3,6,3,0,35,3,8,3,0,4,0,0,3,26,7,9,7,4,9,5,4,5,45,3,6,20
702,124,479,454,539,407,109,7,2145,9,0,8,7,7,8,4,0,42,77,12,35,21,13,13,4,0,163,39,29,53,59,54,21,8,0,258,16,23,41,38,38,26,11,4,190,14,24,46,51,30,26,12,0,203,57,93,124,92,74,51,19,3,507,52,109,150,71,93,74,18,0,566,45,122,131,69,106,87,16,3,581,10,45,110,53,68,65,16,0,365,3,23,38,44,56,33,13,0,208,0,11,31,26,29,25,5,0,128,0,4,15,19,17,13,0,0,58,4,3,28,21,18,13,0,0,89,0,3,8,5,8,7,3,0,39,10,20,34,21,24,22,10,0,135,340,518,830,586,625,470,135,15,3533,17,6,3,4,10,0,0,0,33,11,9,21,17,18,3,3,0,74,9,31,46,37,21,16,3,3,158,7,9,6,13,11,5,3,0,57,3,3,16,8,4,8,0,0,44,4,5,17
797,0,0,0,3,0,0,0,4,0,0,0,0,0,0,0,0,0,0,0,0,0,0,0,0,0,0,0,0,0,0,0,0,0,0,0,0,0,0,0,0,0,0,0,0,0,0,0,0,0,0,0,0,0,0,0,0,0,0,0,0,0,0,0,0,0,0,0,0,0,0,0,0,0,3,0,0,0,0,0,3,0,0,0,0,0,0,0,0,0,0,0,0,0,0,0,0,0,0,0,0,0,0,0,0,0,0,0,0,0,0,0,0,0,0,0,0,0,0,4,0,3,0,0,0,11,0,0,0,0,0,0,0,0,0,0,0,0,0,0,0,0,0,3,0,0,13,8,3,4,0,0,25,0,0,0,0,0,0,0,0,0,0,0,0,0,0,0,0,0,0,0,0,0,0,0,0,0,0,0,0,0,0,0,0,0,0,0,0,0,0,0,0,0,0,0,0,0,0,0,0
799,20,89,62,98,68,19,0,362,4,3,0,0,0,0,0,0,10,5,3,7,4,0,0,0,0,16,0,0,8,5,4,3,3,0,24,3,5,3,16,9,5,3,0,39,3,0,11,3,8,12,0,0,36,8,0,12,17,18,13,0,0,59,9,8,16,8,9,10,3,0,55,5,13,22,9,16,10,0,0,82,3,7,21,16,24,11,3,0,87,0,4,11,11,15,9,4,0,65,0,6,9,18,11,6,0,0,51,0,0,13,6,5,5,0,0,37,0,0,29,20,10,8,0,0,75,0,0,21,9,5,3,0,0,36,0,0,4,4,3,6,0,0,15,37,51,183,163,143,93,21,3,690,0,0,3,0,0,3,0,0,8,0,0,0,0,0,0,0,0,3,0,0,3,0,0,0,0,0,6,0,0,0,0,0,0,0,0,3,0,0,0,0,0,0,0,0,3,0,0,0
801,415,923,882,1103,897,276,17,4730,44,11,15,7,6,3,3,0,100,881,88,42,24,21,18,8,3,1086,313,193,103,72,75,59,22,3,842,104,180,154,103,85,77,23,7,729,66,213,263,158,129,104,35,7,965,73,235,331,253,204,159,38,3,1298,58,173,329,300,248,196,42,0,1354,33,164,414,297,277,220,43,7,1456,13,69,254,216,206,192,38,3,992,3,27,130,125,117,92,28,3,523,0,16,69,61,60,58,13,0,274,3,3,35,37,32,14,3,0,133,0,3,26,31,39,20,3,0,120,0,3,3,3,9,11,4,0,34,19,17,32,28,24,17,8,3,155,1611,1396,2203,1720,1547,1238,304,29,10056,12,3,13,16,17,4,7,4,75,47,20,16,12,8,3,0,3,103,18,23,10,16,10,3,4,6,87,5,16,24,11,13,15,9,5,91,9,22,20,25,18,14,13,10,133,10,25,42
897,0,0,0,0,0,0,0,0,0,0,0,0,0,0,0,0,0,0,0,0,0,0,0,0,0,0,0,0,0,0,0,0,0,0,0,0,0,0,0,0,0,0,0,0,0,0,0,0,0,0,0,0,0,0,0,0,0,0,0,0,0,0,0,0,0,0,0,0,0,0,0,0,0,0,0,0,0,0,0,0,0,0,0,0,0,0,0,0,0,0,0,0,0,0,0,0,0,0,0,0,0,0,0,0,0,0,0,0,0,0,0,0,0,0,0,0,0,0,0,0,0,0,0,0,0,0,0,0,0,0,0,0,0,0,0,0,0,0,0,0,0,0,0,0,0,0,0,0,0,0,0,0,0,0,0,0,0,0,0,0,0,0,0,0,0,0,0,0,0,0,0,0,0,0,0,0,0,0,0,0,0,0,0,0,0,0,0,0,0,0,0,0,0,0,0,0,0,0,0,0
899,29,82,62,110,85,25,3,401,0,5,4,0,4,0,0,0,12,8,4,8,6,3,3,0,0,32,10,7,12,14,9,8,0,0,65,7,8,5,11,12,12,6,0,56,0,13,17,12,15,16,7,0,79,11,12,23,23,22,18,8,0,114,6,9,37,27,33,15,7,0,137,7,21,50,26,24,17,4,0,146,4,14,44,34,39,18,10,0,162,0,8,32,23,20,14,3,0,102,0,3,18,17,15,9,0,0,54,0,0,10,13,11,9,0,0,41,0,0,4,14,3,6,4,0,24,0,0,0,7,3,3,0,0,10,0,4,0,0,3,0,0,0,11,54,105,253,216,209,157,50,3,1050,0,0,4,3,3,0,0,0,12,0,0,0,3,0,0,0,0,6,0,0,3,0,0,0,0,0,7,0,3,0,0,0,0,0,0,3,0,0,0,0,0,0,0,0,6,0,0,0
901,14,29,30,28,33,30,0,165,0,0,0,0,0,0,0,0,0,5,0,0,0,3,0,3,0,12,0,0,3,0,4,6,5,0,24,0,0,4,7,5,8,3,0,27,0,0,0,0,3,8,0,0,19,4,3,3,10,14,7,3,0,41,0,6,5,13,10,15,0,0,47,0,3,8,6,8,6,6,0,39,0,5,14,4,12,6,4,0,37,0,0,3,3,3,9,0,0,22,0,0,3,0,4,7,3,0,22,0,0,3,0,6,0,0,0,12,0,3,0,0,3,0,0,0,12,0,0,0,0,0,0,0,0,0,0,0,0,0,0,0,3,0,8,13,23,51,47,75,79,33,4,319,0,0,0,0,0,0,0,0,0,0,0,0,0,0,0,0,0,0,0,0,0,0,0,0,0,0,0,0,0,0,0,0,0,0,0,0,0,0,0,0,0,0,3,0,5,0,0,0
997,0,0,0,0,0,0,0,0,0,0,0,0,0,0,0,0,0,0,0,0,0,0,0,0,0,0,0,0,0,0,0,0,0,0,0,0,0,0,0,0,0,0,0,0,0,0,0,0,0,0,0,0,0,0,0,0,0,0,0,0,0,0,0,0,0,0,0,0,0,0,0,0,0,0,0,0,0,0,0,0,0,0,0,0,0,0,0,0,0,0,0,0,0,0,0,0,0,0,0,0,0,0,0,0,0,0,0,0,0,0,0,0,0,0,0,0,0,0,0,0,0,0,0,0,0,0,0,0,0,0,0,0,0,0,0,0,0,0,0,0,0,0,0,0,0,0,0,0,0,0,0,0,0,0,0,0,0,0,0,0,0,0,0,0,0,0,0,0,0,0,0,0,0,0,0,0,0,0,0,0,0,0,0,0,0,0,0,0,0,0,0,0,0,0,0,0,0,0,0,0
999,0,3,0,0,0,0,0,3,0,0,0,0,0,0,0,0,0,0,0,0,0,0,0,0,0,0,0,0,0,0,0,0,0,0,0,0,0,0,0,0,0,0,0,0,0,0,0,0,0,0,0,0,0,0,0,0,0,0,0,0,0,0,0,0,0,0,0,0,0,0,0,0,0,0,0,0,0,0,0,0,0,0,0,0,0,0,0,0,0,0,0,0,0,0,0,0,0,0,0,0,0,0,0,0,0,0,0,0,0,0,0,0,0,0,0,0,0,0,0,0,0,0,0,0,0,0,0,0,0,0,0,0,0,0,0,0,0,0,0,0,0,0,0,0,0,4,3,0,5,0,0,6,0,0,0,0,0,0,0,0,0,0,0,0,0,0,0,0,0,0,0,0,0,0,0,0,0,0,0,0,0,0,0,0,0,0,0,0,0,0,0,0,3,0,0,0,3,0,0,0